Illumina, Inc.
[Heading]
Descriptor File Name,DEMO-ARRAY-v1_A1.bpm
Assay Format,Infinium HTS
Date Manufactured,1/1/2026
Loci Count ,7520
[Assay]
IlmnID,Name,IlmnStrand,SNP,GenomeBuild,Chr,MapInfo,RefStrand
rs428756991_B_F_494865041,rs428756991,BOT,[C/A],38,1,1024129,-
rs401706883_B_F_700312235,rs401706883,TOP,[T/C],38,1,1458689,+
rs260524370_B_F_407698239,rs260524370,TOP,[A/G],38,1,2168443,+
rs806744837_B_F_889033065,rs806744837,BOT,[G/A],38,1,2286690,-
rs686004778_B_F_220588212,rs686004778,TOP,[T/C],38,1,2569899,+
rs626656286_B_F_31461934,rs626656286,TOP,[T/G],38,1,2806628,+
rs394081364_B_F_602178950,rs394081364,TOP,[G/A],38,1,2818853,+
rs52696121_B_F_771099671,rs52696121,BOT,[G/A],38,1,2959960,-
rs30276582_B_F_445449831,rs30276582,BOT,[G/A],38,1,2987161,-
rs595088411_B_F_328567486,rs595088411,TOP,[A/G],38,1,3131048,+
rs837895468_B_F_918613239,rs837895468,TOP,[T/C],38,1,3675919,+
rs300035737_B_F_399638068,rs300035737,TOP,[T/C],38,1,3875746,+
rs78752066_B_F_237736388,rs78752066,BOT,[G/A],38,1,3887191,-
rs471166291_B_F_570473268,rs471166291,BOT,[G/T],38,1,3953542,-
2:4439593_B_F_980756355,2:4439593,TOP,[G/A],38,1,3974037,+
rs225330824_B_F_485633984,rs225330824,TOP,[T/G],38,1,4108637,+
2:4840827_B_F_679046668,2:4840827,TOP,[A/G],38,1,4298205,+
rs152208117_B_F_677067356,rs152208117,BOT,[T/C],38,1,4467712,-
2:5102349_B_F_734194310,2:5102349,BOT,[A/G],38,1,4636793,-
rs817141818_B_F_537253509,rs817141818,TOP,[T/C],38,1,5137917,+
rs584757259_B_F_58490753,rs584757259,BOT,[C/T],38,1,5428958,-
rs858771597_B_F_920880958,rs858771597,BOT,[A/G],38,1,5501169,-
rs474376170_B_F_892931409,rs474376170,TOP,[A/G],38,1,5852882,+
rs339341312_B_F_315591296,rs339341312,TOP,[G/A],38,1,6014374,+
rs493810760_B_F_770628537,rs493810760,BOT,[A/G],38,1,6103969,-
rs762911364_B_F_250066886,rs762911364,TOP,[I/D],38,1,6310355,+
rs634020535_B_F_674995299,rs634020535,TOP,[C/T],38,1,6468242,+
rs417399551_B_F_566325266,rs417399551,BOT,[A/C],38,1,7350122,-
rs331940536_B_F_514530068,rs331940536,TOP,[G/A],38,1,7652961,+
2:8302629_B_F_556002048,2:8302629,BOT,[C/T],38,1,7837073,-
rs319890046_B_F_968189912,rs319890046,TOP,[I/D],38,1,7853370,+
rs151800573_B_F_896782465,rs151800573,TOP,[T/C],38,1,8329093,+
rs482327219_B_F_156601481,rs482327219,TOP,[C/T],38,1,8435885,+
rs176843289_B_F_860234913,rs176843289,TOP,[A/G],38,1,8969480,+
2:9439980_B_F_654619132,2:9439980,BOT,[A/G],38,1,8974424,-
rs442257325_B_F_912110188,rs442257325,BOT,[C/T],38,1,9443958,-
rs754699397_B_F_84611769,rs754699397,TOP,[C/T],38,1,9449231,+
rs142216541_B_F_26307362,rs142216541,TOP,[A/G],38,1,9466897,+
2:10160417_B_F_824581850,2:10160417,TOP,[C/T],38,1,9617795,+
rs869118772_B_F_300724425,rs869118772,BOT,[T/C],38,1,9829224,-
rs601296187_B_F_427119733,rs601296187,TOP,[C/T],38,1,10464410,+
2:10968211_B_F_231775029,2:10968211,TOP,[A/G],38,1,10584092,+
rs778776827_B_F_680926481,rs778776827,TOP,[I/D],38,1,10594495,+
rs332230809_B_F_818308073,rs332230809,BOT,[A/C],38,1,10623626,-
2:11172761_B_F_413577827,2:11172761,BOT,[C/T],38,1,10788642,-
rs464694464_B_F_55565098,rs464694464,TOP,[A/G],38,1,10872572,+
rs735405773_B_F_145633300,rs735405773,TOP,[A/G],38,1,10948045,+
rs793234554_B_F_815365162,rs793234554,TOP,[I/D],38,1,10968566,+
2:11653791_B_F_39291567,2:11653791,TOP,[T/C],38,1,11111169,+
rs95691730_B_F_145302063,rs95691730,TOP,[T/C],38,1,12069994,+
rs633187916_B_F_452894197,rs633187916,TOP,[A/G],38,1,12193005,+
rs340068238_B_F_288127458,rs340068238,BOT,[A/G],38,1,12588850,-
rs525191022_B_F_38835630,rs525191022,TOP,[C/A],38,1,13614065,+
rs732141189_B_F_433415045,rs732141189,TOP,[T/C],38,1,13781437,+
rs16514728_B_F_738322034,rs16514728,BOT,[T/C],38,1,13800525,-
rs711606089_B_F_128578077,rs711606089,TOP,[G/T],38,1,13821946,+
rs406176844_B_F_74284358,rs406176844,TOP,[A/G],38,1,13954067,+
rs217407625_B_F_10480653,rs217407625,BOT,[C/T],38,1,14125842,-
rs704553794_B_F_359029467,rs704553794,TOP,[G/A],38,1,14163467,+
rs461802949_B_F_678219218,rs461802949,TOP,[I/D],38,1,14241642,+
rs620044161_B_F_212814432,rs620044161,TOP,[T/G],38,1,14943309,+
2:15699058_B_F_756599264,2:15699058,BOT,[A/G],38,1,15156436,-
rs150621287_B_F_494399744,rs150621287,BOT,[A/G],38,1,15244493,-
rs898494515_B_F_675471120,rs898494515,BOT,[C/T],38,1,15252017,-
rs520099283_B_F_876895070,rs520099283,TOP,[A/G],38,1,15662462,+
rs59376097_B_F_373616510,rs59376097,BOT,[T/C],38,1,16134201,-
rs644911445_B_F_911162812,rs644911445,TOP,[C/T],38,1,16257510,+
rs22641442_B_F_817239767,rs22641442,TOP,[G/A],38,1,17176446,+
rs230242560_B_F_356771817,rs230242560,BOT,[T/C],38,1,17331039,-
rs854302434_B_F_558544637,rs854302434,TOP,[T/C],38,1,17723360,+
2:18156907_B_F_291849817,2:18156907,TOP,[A/G],38,1,17772788,+
rs882999268_B_F_38012807,rs882999268,TOP,[C/T],38,1,17856608,+
rs502505830_B_F_226001538,rs502505830,BOT,[I/D],38,1,18003308,-
rs713426674_B_F_204427345,rs713426674,TOP,[A/G],38,1,18099523,+
rs68466887_B_F_96463431,rs68466887,BOT,[A/G],38,1,18217290,-
rs165447116_B_F_267739346,rs165447116,TOP,[G/A],38,1,18379200,+
rs678237910_B_F_357286368,rs678237910,TOP,[A/G],38,1,18395997,+
rs196085294_B_F_205284277,rs196085294,BOT,[A/G],38,1,18402087,-
rs748471679_B_F_777304679,rs748471679,TOP,[G/A],38,1,18425370,+
2:18946817_B_F_744452366,2:18946817,TOP,[A/G],38,1,18481261,+
rs525614173_B_F_13638329,rs525614173,TOP,[C/T],38,1,18567269,+
rs64612682_B_F_618366356,rs64612682,BOT,[G/A],38,1,18732977,-
rs438574309_B_F_510164752,rs438574309,TOP,[T/G],38,1,18912725,+
2:19449828_B_F_508214237,2:19449828,BOT,[T/C],38,1,19065709,-
rs324948828_B_F_300726368,rs324948828,TOP,[G/A],38,1,19824505,+
rs660336606_B_F_268141076,rs660336606,BOT,[A/C],38,1,20134910,-
rs559928300_B_F_325337617,rs559928300,TOP,[A/G],38,1,20235896,+
rs322724973_B_F_282634535,rs322724973,TOP,[G/A],38,1,20288602,+
rs140959114_B_F_692243465,rs140959114,TOP,[A/G],38,1,21274184,+
2:22319786_B_F_414852580,2:22319786,TOP,[T/C],38,1,21854230,+
2:22790666_B_F_830024334,2:22790666,TOP,[T/G],38,1,22325110,+
2:23093942_B_F_70265751,2:23093942,TOP,[A/G],38,1,22551320,+
rs833297211_B_F_530788368,rs833297211,TOP,[T/G],38,1,22677526,+
rs381505725_B_F_928058481,rs381505725,BOT,[A/G],38,1,23143967,-
rs135755766_B_F_983546657,rs135755766,BOT,[T/C],38,1,24094984,-
rs92357622_B_F_994091086,rs92357622,BOT,[T/C],38,1,25051774,-
2:25668729_B_F_915260546,2:25668729,TOP,[T/G],38,1,25284610,+
rs874661706_B_F_668207944,rs874661706,TOP,[T/C],38,1,25348294,+
rs803362068_B_F_485587613,rs803362068,BOT,[T/C],38,1,25782087,-
rs757487179_B_F_323124054,rs757487179,BOT,[A/G],38,1,25824385,-
rs360667810_B_F_175019978,rs360667810,BOT,[C/T],38,1,26362729,-
2:26844255_B_F_336756310,2:26844255,BOT,[T/C],38,1,26460136,-
rs17978411_B_F_922410903,rs17978411,TOP,[T/C],38,1,27044879,+
rs695904954_B_F_746027134,rs695904954,TOP,[C/A],38,1,27350575,+
rs341962943_B_F_938401892,rs341962943,BOT,[A/G],38,1,27862400,-
rs295114056_B_F_423567993,rs295114056,TOP,[T/C],38,1,28758954,+
rs432190647_B_F_559204360,rs432190647,TOP,[G/T],38,1,29018515,+
2:29734118_B_F_402494488,2:29734118,TOP,[T/C],38,1,29349999,+
2:30030089_B_F_53024326,2:30030089,BOT,[C/A],38,1,29564533,-
rs829217105_B_F_589804000,rs829217105,TOP,[A/G],38,1,29923551,+
rs628680782_B_F_122558858,rs628680782,BOT,[T/C],38,1,30008850,-
rs658915450_B_F_946382910,rs658915450,TOP,[T/C],38,1,30055296,+
rs3006577_B_F_454592288,rs3006577,BOT,[C/T],38,1,30108720,-
rs128254343_B_F_609536055,rs128254343,BOT,[T/C],38,1,30236738,-
2:31078714_B_F_451697558,2:31078714,BOT,[A/G],38,1,30613158,-
2:31171740_B_F_399331578,2:31171740,TOP,[T/C],38,1,30787621,+
rs368798622_B_F_789412424,rs368798622,BOT,[A/C],38,1,31537126,-
2:32522519_B_F_101667432,2:32522519,TOP,[A/C],38,1,31979897,+
rs487179672_B_F_587312387,rs487179672,BOT,[T/C],38,1,32910050,-
rs441893427_B_F_432479635,rs441893427,TOP,[G/A],38,1,33304914,+
rs134649643_B_F_3100927,rs134649643,TOP,[A/G],38,1,33429529,+
rs380021995_B_F_460369613,rs380021995,TOP,[A/G],38,1,33729357,+
2:34337659_B_F_668104681,2:34337659,BOT,[T/C],38,1,33872103,-
rs377574266_B_F_137961608,rs377574266,BOT,[A/C],38,1,33908484,-
2:34501483_B_F_902577636,2:34501483,TOP,[T/C],38,1,33958861,+
2:34627253_B_F_153542135,2:34627253,BOT,[G/A],38,1,34161697,-
2:34742240_B_F_105365775,2:34742240,BOT,[T/C],38,1,34199618,-
rs888494923_B_F_236470234,rs888494923,BOT,[C/T],38,1,35197007,-
rs440418007_B_F_776956519,rs440418007,BOT,[T/C],38,1,36547430,-
2:37171525_B_F_997552778,2:37171525,TOP,[T/C],38,1,36705969,+
2:37320922_B_F_268111462,2:37320922,BOT,[A/C],38,1,36855366,-
2:38633339_B_F_713259973,2:38633339,BOT,[T/C],38,1,38167783,-
rs1871643_B_F_644800341,rs1871643,BOT,[A/G],38,1,38282288,-
rs62903595_B_F_591092891,rs62903595,BOT,[I/D],38,1,39977384,-
2:41667089_B_F_108567986,2:41667089,BOT,[T/C],38,1,41282970,-
2:41804118_B_F_620070059,2:41804118,BOT,[G/T],38,1,41338562,-
rs370801678_B_F_782123108,rs370801678,TOP,[T/C],38,1,41384999,+
rs384477166_B_F_143102402,rs384477166,TOP,[T/C],38,1,41525015,+
rs554760506_B_F_127395552,rs554760506,BOT,[G/A],38,1,45045427,-
rs718004532_B_F_387663868,rs718004532,BOT,[T/C],38,1,45895353,-
rs662806339_B_F_145730801,rs662806339,TOP,[G/A],38,1,47121581,+
2:48007843_B_F_894900010,2:48007843,BOT,[C/A],38,1,47465221,-
rs150345390_B_F_296931621,rs150345390,TOP,[T/C],38,1,47814201,+
rs150357733_B_F_933535163,rs150357733,TOP,[T/C],38,1,50164732,+
rs866383816_B_F_104154345,rs866383816,TOP,[G/T],38,1,51464961,+
rs72101452_B_F_661776984,rs72101452,TOP,[A/G],38,1,52386057,+
2:53550524_B_F_784827564,2:53550524,TOP,[T/C],38,1,53084968,+
rs24500797_B_F_622033149,rs24500797,TOP,[A/G],38,1,53298179,+
rs427350149_B_F_870556318,rs427350149,BOT,[T/C],38,1,53657594,-
rs309180969_B_F_206355247,rs309180969,BOT,[A/G],38,1,53731256,-
rs572246352_B_F_946374275,rs572246352,TOP,[A/G],38,1,54549703,+
2:55338565_B_F_418570201,2:55338565,BOT,[G/T],38,1,54954446,-
2:55439798_B_F_291024722,2:55439798,BOT,[A/G],38,1,55055679,-
rs347951970_B_F_419393780,rs347951970,TOP,[T/G],38,1,55253493,+
rs452495107_B_F_91418310,rs452495107,TOP,[A/G],38,1,55291587,+
2:55987962_B_F_993410019,2:55987962,BOT,[A/G],38,1,55603843,-
2:56224927_B_F_977238358,2:56224927,TOP,[T/G],38,1,55759371,+
rs699132879_B_F_246062307,rs699132879,TOP,[T/C],38,1,56605314,+
2:57783061_B_F_816518124,2:57783061,TOP,[G/A],38,1,57240439,+
rs794923574_B_F_795671080,rs794923574,BOT,[A/C],38,1,57439056,-
rs207543626_B_F_88353921,rs207543626,TOP,[G/A],38,1,57526741,+
2:58729092_B_F_543092051,2:58729092,TOP,[G/A],38,1,58263536,+
rs289777065_B_F_151602689,rs289777065,BOT,[A/G],38,1,58406850,-
rs565732132_B_F_930217633,rs565732132,TOP,[I/D],38,1,58468587,+
rs517406158_B_F_46316154,rs517406158,TOP,[A/C],38,1,58708990,+
2:59753875_B_F_880690023,2:59753875,BOT,[I/D],38,1,59211253,-
rs616506308_B_F_758745858,rs616506308,TOP,[G/A],38,1,59242653,+
rs498347702_B_F_879355156,rs498347702,TOP,[C/T],38,1,59322701,+
rs364329287_B_F_100458147,rs364329287,BOT,[C/T],38,1,59407577,-
rs301877367_B_F_613069801,rs301877367,TOP,[T/G],38,1,59718001,+
rs87797256_B_F_342614191,rs87797256,TOP,[T/C],38,1,59833366,+
rs299828592_B_F_51195893,rs299828592,BOT,[A/G],38,1,60290821,-
rs429869074_B_F_238653019,rs429869074,BOT,[C/T],38,1,60817217,-
rs476720753_B_F_928783164,rs476720753,TOP,[C/T],38,1,60947873,+
rs300130895_B_F_402362388,rs300130895,BOT,[A/G],38,1,60983163,-
rs221709870_B_F_372958297,rs221709870,TOP,[G/A],38,1,61081025,+
rs121423600_B_F_91047604,rs121423600,TOP,[A/G],38,1,61744809,+
2:62190409_B_F_564863275,2:62190409,TOP,[G/A],38,1,61806290,+
2:62978758_B_F_799072128,2:62978758,BOT,[T/G],38,1,62436136,-
rs147948389_B_F_997198253,rs147948389,BOT,[A/G],38,1,63410031,-
rs713977621_B_F_664286146,rs713977621,TOP,[A/G],38,1,63765870,+
2:64348352_B_F_776963215,2:64348352,BOT,[G/T],38,1,63882796,-
rs144865488_B_F_507299425,rs144865488,BOT,[G/A],38,1,64436772,-
rs741215736_B_F_823299031,rs741215736,TOP,[C/T],38,1,64563393,+
rs266800318_B_F_548820942,rs266800318,TOP,[T/C],38,1,64746160,+
rs545901375_B_F_28086879,rs545901375,TOP,[I/D],38,1,64883861,+
2:65301902_B_F_68416741,2:65301902,TOP,[C/T],38,1,64917783,+
rs18290641_B_F_462069346,rs18290641,BOT,[I/D],38,1,65344618,-
rs437848428_B_F_390088342,rs437848428,TOP,[C/T],38,1,66012961,+
rs67356364_B_F_794131497,rs67356364,TOP,[I/D],38,1,66102479,+
rs796009792_B_F_906798826,rs796009792,TOP,[A/C],38,1,67065533,+
rs16149505_B_F_113399820,rs16149505,BOT,[G/T],38,1,67281732,-
rs779862653_B_F_853583563,rs779862653,TOP,[A/G],38,1,67527394,+
rs671992430_B_F_218487367,rs671992430,TOP,[C/T],38,1,68240302,+
rs772319734_B_F_736772456,rs772319734,TOP,[A/G],38,1,68248802,+
2:69354615_B_F_794887359,2:69354615,TOP,[C/T],38,1,68889059,+
2:69606518_B_F_895776688,2:69606518,BOT,[G/A],38,1,69222399,-
rs127243066_B_F_289392505,rs127243066,TOP,[C/T],38,1,69323897,+
rs585600190_B_F_565076500,rs585600190,TOP,[T/C],38,1,69474318,+
rs239942660_B_F_141818801,rs239942660,TOP,[A/G],38,1,69503136,+
rs427444378_B_F_967055685,rs427444378,BOT,[T/C],38,1,69511018,-
rs880103005_B_F_602932623,rs880103005,TOP,[A/G],38,1,69814177,+
2:70253259_B_F_968972729,2:70253259,TOP,[G/A],38,1,69869140,+
2:71184791_B_F_198910340,2:71184791,BOT,[T/C],38,1,70719235,-
rs360136706_B_F_926821963,rs360136706,TOP,[A/G],38,1,71836607,+
2:72402753_B_F_867745026,2:72402753,TOP,[I/D],38,1,71937197,+
2:73192772_B_F_395558744,2:73192772,TOP,[T/C],38,1,72808653,+
2:73327827_B_F_432652405,2:73327827,BOT,[A/G],38,1,72862271,-
rs281351565_B_F_436505853,rs281351565,BOT,[C/A],38,1,73624719,-
rs729655457_B_F_162484227,rs729655457,TOP,[T/C],38,1,73919709,+
rs515551481_B_F_50220472,rs515551481,TOP,[T/C],38,1,74684908,+
2:75295273_B_F_629307831,2:75295273,TOP,[A/G],38,1,74911154,+
rs24571803_B_F_636830782,rs24571803,BOT,[T/G],38,1,74998908,-
rs507534145_B_F_584126669,rs507534145,TOP,[T/C],38,1,75006214,+
rs323396872_B_F_906613774,rs323396872,BOT,[C/T],38,1,76274171,-
rs160482410_B_F_565799445,rs160482410,BOT,[A/C],38,1,76405509,-
rs294096804_B_F_230626899,rs294096804,TOP,[G/T],38,1,76609008,+
rs704572081_B_F_326438259,rs704572081,TOP,[G/A],38,1,77054899,+
rs775334335_B_F_430892806,rs775334335,TOP,[G/A],38,1,77459754,+
2:77849274_B_F_80446859,2:77849274,TOP,[G/A],38,1,77465155,+
rs476764435_B_F_728556269,rs476764435,TOP,[I/D],38,1,77532600,+
2:78364388_B_F_639559621,2:78364388,BOT,[C/A],38,1,77821766,-
2:78661858_B_F_152713295,2:78661858,TOP,[G/T],38,1,78119236,+
rs398744804_B_F_536202134,rs398744804,BOT,[G/A],38,1,78523271,-
rs450773075_B_F_752379783,rs450773075,BOT,[G/T],38,1,79458057,-
rs157183106_B_F_208040096,rs157183106,BOT,[G/T],38,1,79584910,-
rs220660201_B_F_177788051,rs220660201,BOT,[G/T],38,1,79814221,-
rs168620487_B_F_900552953,rs168620487,TOP,[C/T],38,1,79937482,+
rs11386375_B_F_472328378,rs11386375,BOT,[G/T],38,1,81005711,-
rs11085182_B_F_629976201,rs11085182,BOT,[G/A],38,1,81065054,-
rs748696817_B_F_549696507,rs748696817,TOP,[T/C],38,1,81251365,+
rs840789183_B_F_770365324,rs840789183,TOP,[G/T],38,1,81330396,+
2:81817460_B_F_960944840,2:81817460,TOP,[T/C],38,1,81433341,+
rs663724151_B_F_668336311,rs663724151,TOP,[T/C],38,1,81713668,+
rs133726907_B_F_745048254,rs133726907,TOP,[A/G],38,1,82047468,+
rs602584183_B_F_450739496,rs602584183,BOT,[I/D],38,1,82662080,-
rs851116863_B_F_179750642,rs851116863,TOP,[T/C],38,1,83595994,+
rs232789143_B_F_836641306,rs232789143,TOP,[G/A],38,1,83650459,+
rs419423741_B_F_745275574,rs419423741,BOT,[T/C],38,1,83678744,-
rs310329971_B_F_87711516,rs310329971,TOP,[G/A],38,1,83830178,+
rs58887144_B_F_502553644,rs58887144,TOP,[G/T],38,1,83966677,+
rs591165457_B_F_486210332,rs591165457,BOT,[A/C],38,1,84327290,-
rs182706080_B_F_712845265,rs182706080,BOT,[A/G],38,1,84618421,-
rs448804162_B_F_761730379,rs448804162,BOT,[T/C],38,1,84905708,-
rs712632894_B_F_291274271,rs712632894,BOT,[C/T],38,1,85951042,-
rs768714193_B_F_375338106,rs768714193,TOP,[G/T],38,1,86063383,+
rs276021372_B_F_740926574,rs276021372,BOT,[C/A],38,1,86199023,-
rs148063013_B_F_732057896,rs148063013,BOT,[C/T],38,1,86385737,-
rs119333182_B_F_8846663,rs119333182,BOT,[A/G],38,1,86932990,-
2:87614694_B_F_413585924,2:87614694,TOP,[C/T],38,1,87149138,+
rs333182456_B_F_188098354,rs333182456,BOT,[C/T],38,1,87509767,-
rs767873027_B_F_411079654,rs767873027,BOT,[T/C],38,1,87618099,-
rs331359957_B_F_252753178,rs331359957,BOT,[G/A],38,1,87654451,-
2:88455380_B_F_530323470,2:88455380,TOP,[G/A],38,1,87989824,+
2:88472433_B_F_414601665,2:88472433,TOP,[C/T],38,1,88006877,+
2:88680073_B_F_192707696,2:88680073,BOT,[C/A],38,1,88137451,-
rs135257626_B_F_379026599,rs135257626,TOP,[A/G],38,1,88141163,+
rs281062217_B_F_204854196,rs281062217,BOT,[I/D],38,1,88522795,-
rs410217719_B_F_29139773,rs410217719,BOT,[G/A],38,1,88569350,-
rs352209267_B_F_224405147,rs352209267,BOT,[A/G],38,1,89873634,-
rs67118900_B_F_460601915,rs67118900,TOP,[C/A],38,1,90289037,+
rs510833391_B_F_843125146,rs510833391,TOP,[C/T],38,1,91100900,+
2:91513375_B_F_490084310,2:91513375,TOP,[G/T],38,1,91129256,+
rs400951532_B_F_809879576,rs400951532,BOT,[T/C],38,1,91745404,-
2:92404110_B_F_21912748,2:92404110,TOP,[A/G],38,1,91861488,+
rs192783080_B_F_247436228,rs192783080,BOT,[A/G],38,1,91869192,-
rs554030314_B_F_107320247,rs554030314,BOT,[T/C],38,1,93815797,-
rs212931915_B_F_182791340,rs212931915,BOT,[G/A],38,1,94078678,-
rs635295607_B_F_720881599,rs635295607,TOP,[C/T],38,1,94105779,+
rs464229385_B_F_306225311,rs464229385,TOP,[A/G],38,1,94793618,+
rs46337042_B_F_610449236,rs46337042,BOT,[G/A],38,1,94942660,-
rs165600044_B_F_376795061,rs165600044,BOT,[G/A],38,1,94995877,-
2:95578065_B_F_12779379,2:95578065,TOP,[T/G],38,1,95112509,+
rs69605435_B_F_415853267,rs69605435,BOT,[G/A],38,1,95112651,-
rs252162053_B_F_132838238,rs252162053,TOP,[G/A],38,1,95275104,+
rs818407682_B_F_992835714,rs818407682,BOT,[I/D],38,1,95688848,-
rs410168263_B_F_697467411,rs410168263,BOT,[G/A],38,1,96214444,-
rs880167733_B_F_711528491,rs880167733,BOT,[T/C],38,1,97778695,-
2:98296062_B_F_35141890,2:98296062,TOP,[A/G],38,1,97911943,+
rs624544114_B_F_573416106,rs624544114,TOP,[G/A],38,1,98428352,+
rs262219909_B_F_931188387,rs262219909,TOP,[T/C],38,1,99099710,+
rs154937595_B_F_323862226,rs154937595,TOP,[G/T],38,1,99259664,+
rs304216968_B_F_933400797,rs304216968,BOT,[I/D],38,1,99470664,-
rs807483543_B_F_182700180,rs807483543,TOP,[G/A],38,1,99548380,+
rs229131618_B_F_998648686,rs229131618,BOT,[T/C],38,1,99870070,-
rs156564975_B_F_214480611,rs156564975,TOP,[G/T],38,1,100335349,+
rs809298034_B_F_856273604,rs809298034,TOP,[T/G],38,1,101204284,+
rs446101423_B_F_277297326,rs446101423,TOP,[G/T],38,1,101408605,+
rs450935409_B_F_771112547,rs450935409,TOP,[A/G],38,1,101439145,+
rs345615861_B_F_974203875,rs345615861,TOP,[I/D],38,1,101547912,+
rs788344970_B_F_333513139,rs788344970,TOP,[C/A],38,1,101773608,+
rs190414029_B_F_25605055,rs190414029,TOP,[G/T],38,1,103078984,+
rs203106601_B_F_847781312,rs203106601,TOP,[A/G],38,1,104684911,+
rs337880221_B_F_81870994,rs337880221,TOP,[C/T],38,1,105552191,+
2:106039881_B_F_525896286,2:106039881,TOP,[T/C],38,1,105574325,+
2:106189231_B_F_185154853,2:106189231,TOP,[I/D],38,1,105723675,+
rs248099108_B_F_591418330,rs248099108,TOP,[T/C],38,1,105744685,+
rs656559530_B_F_455921866,rs656559530,BOT,[T/C],38,1,105973661,-
rs726805899_B_F_731030788,rs726805899,TOP,[T/C],38,1,106743461,+
rs40797335_B_F_608460302,rs40797335,TOP,[A/G],38,1,106773223,+
2:107368172_B_F_223774512,2:107368172,TOP,[G/A],38,1,106902616,+
rs701842399_B_F_130001555,rs701842399,TOP,[A/G],38,1,107301888,+
2:108137267_B_F_431078286,2:108137267,BOT,[G/A],38,1,107671711,-
rs248123428_B_F_376232951,rs248123428,TOP,[T/C],38,1,107708701,+
rs628451095_B_F_145737146,rs628451095,TOP,[C/T],38,1,107866361,+
rs203412744_B_F_25333166,rs203412744,TOP,[A/G],38,1,107983329,+
rs137266692_B_F_278820236,rs137266692,BOT,[T/C],38,1,108011132,-
rs449589277_B_F_524738866,rs449589277,TOP,[C/A],38,1,108851971,+
rs814365502_B_F_595331255,rs814365502,TOP,[T/C],38,1,109604665,+
rs760751473_B_F_760460481,rs760751473,BOT,[A/G],38,1,109604699,-
2:110115988_B_F_69864990,2:110115988,TOP,[A/G],38,1,109650432,+
2:110352724_B_F_220504942,2:110352724,TOP,[C/A],38,1,109968605,+
rs374249687_B_F_950183839,rs374249687,BOT,[A/G],38,1,110074341,-
rs363992071_B_F_974175976,rs363992071,TOP,[A/G],38,1,110107723,+
rs51478024_B_F_273077353,rs51478024,BOT,[T/G],38,1,110146389,-
rs760912186_B_F_813022770,rs760912186,TOP,[I/D],38,1,110225968,+
rs353691356_B_F_669235542,rs353691356,TOP,[A/C],38,1,110227743,+
rs622098681_B_F_805589361,rs622098681,TOP,[T/C],38,1,110435894,+
rs862702404_B_F_343751131,rs862702404,BOT,[G/A],38,1,110638464,-
rs228875917_B_F_606140969,rs228875917,TOP,[A/C],38,1,112068597,+
rs521785444_B_F_669562384,rs521785444,TOP,[A/C],38,1,112165244,+
rs64250807_B_F_234470513,rs64250807,BOT,[C/T],38,1,112673921,-
rs853923216_B_F_48047096,rs853923216,TOP,[C/A],38,1,114125677,+
rs526509156_B_F_934598332,rs526509156,BOT,[A/C],38,1,114289343,-
rs451125357_B_F_283925843,rs451125357,TOP,[A/C],38,1,114694260,+
rs710109999_B_F_174336192,rs710109999,BOT,[C/T],38,1,114874554,-
rs34645158_B_F_711154923,rs34645158,TOP,[T/C],38,1,115255003,+
rs96202525_B_F_959316180,rs96202525,TOP,[T/C],38,1,115285046,+
rs764495840_B_F_693561883,rs764495840,TOP,[T/C],38,1,115832143,+
rs400498949_B_F_115327401,rs400498949,TOP,[A/C],38,1,116034595,+
rs516318566_B_F_905783107,rs516318566,BOT,[A/G],38,1,116476992,-
2:116960974_B_F_154706999,2:116960974,BOT,[T/G],38,1,116495418,-
rs204298730_B_F_858195203,rs204298730,BOT,[A/G],38,1,116720169,-
rs766455157_B_F_251830661,rs766455157,BOT,[C/T],38,1,116833826,-
rs650346227_B_F_607377965,rs650346227,TOP,[I/D],38,1,116922709,+
rs780540424_B_F_105099113,rs780540424,BOT,[T/C],38,1,118159664,-
rs422572974_B_F_923895673,rs422572974,BOT,[C/T],38,1,118254482,-
2:118876030_B_F_124305235,2:118876030,TOP,[C/T],38,1,118491911,+
2:119251541_B_F_141589638,2:119251541,TOP,[G/A],38,1,118867422,+
rs368962794_B_F_615697268,rs368962794,TOP,[A/G],38,1,118942362,+
2:119430992_B_F_566066446,2:119430992,BOT,[I/D],38,1,118965436,-
rs824579110_B_F_67584586,rs824579110,BOT,[C/A],38,1,146025150,-
rs433243047_B_F_41478115,rs433243047,TOP,[G/A],38,1,146891138,+
2:147698739_B_F_153748195,2:147698739,BOT,[T/C],38,1,147314620,-
rs63875318_B_F_525630980,rs63875318,TOP,[T/G],38,1,147534285,+
rs838013634_B_F_308640160,rs838013634,TOP,[C/T],38,1,147749306,+
rs799048316_B_F_677183064,rs799048316,BOT,[A/G],38,1,147846731,-
2:148371346_B_F_487556385,2:148371346,TOP,[T/G],38,1,147905790,+
rs154934204_B_F_553771091,rs154934204,BOT,[A/G],38,1,148312983,-
rs55698965_B_F_555479469,rs55698965,TOP,[T/C],38,1,150812144,+
rs383717597_B_F_586925305,rs383717597,TOP,[A/G],38,1,151043088,+
rs311692102_B_F_876221014,rs311692102,BOT,[T/C],38,1,152027641,-
rs15676408_B_F_532694687,rs15676408,TOP,[A/C],38,1,152668313,+
rs14618475_B_F_213220293,rs14618475,BOT,[G/T],38,1,152681909,-
rs733096563_B_F_730501760,rs733096563,TOP,[T/C],38,1,153202842,+
rs25527299_B_F_958632605,rs25527299,TOP,[A/G],38,1,153230028,+
2:154989025_B_F_355426765,2:154989025,BOT,[A/G],38,1,154446403,-
rs128906096_B_F_400731790,rs128906096,TOP,[T/C],38,1,155247852,+
rs535943137_B_F_567049112,rs535943137,BOT,[A/C],38,1,156026561,-
rs152250029_B_F_523868979,rs152250029,TOP,[C/T],38,1,156294149,+
rs571682901_B_F_756915921,rs571682901,TOP,[T/C],38,1,156321235,+
rs529927788_B_F_161545674,rs529927788,BOT,[A/G],38,1,156624555,-
rs781852929_B_F_26584765,rs781852929,TOP,[C/T],38,1,156985289,+
rs391832480_B_F_973280354,rs391832480,TOP,[C/T],38,1,157541438,+
2:158454206_B_F_817279841,2:158454206,TOP,[A/C],38,1,157988650,+
2:158634561_B_F_954775968,2:158634561,TOP,[A/G],38,1,158250442,+
rs342476859_B_F_280761925,rs342476859,BOT,[G/A],38,1,158298063,-
rs577008220_B_F_52699594,rs577008220,BOT,[G/A],38,1,158399056,-
2:159023214_B_F_932705706,2:159023214,TOP,[T/C],38,1,158480592,+
2:159045258_B_F_59502368,2:159045258,BOT,[A/G],38,1,158579702,-
rs334248140_B_F_693960431,rs334248140,BOT,[G/A],38,1,158776888,-
rs268022759_B_F_777167713,rs268022759,BOT,[A/C],38,1,158819207,-
rs701433969_B_F_432614162,rs701433969,TOP,[A/G],38,1,158905219,+
2:159608488_B_F_559234722,2:159608488,BOT,[A/G],38,1,159065866,-
rs123275901_B_F_999858846,rs123275901,BOT,[T/C],38,1,159728759,-
rs170647290_B_F_759186247,rs170647290,TOP,[T/C],38,1,159943263,+
2:161195926_B_F_980525013,2:161195926,BOT,[T/C],38,1,160653304,-
2:161175293_B_F_392749493,2:161175293,TOP,[A/G],38,1,160709737,+
rs734281645_B_F_223759167,rs734281645,TOP,[G/A],38,1,160711985,+
2:161828957_B_F_22830959,2:161828957,TOP,[G/A],38,1,161363401,+
2:161882938_B_F_766512317,2:161882938,BOT,[G/T],38,1,161498819,-
2:162052577_B_F_109950478,2:162052577,BOT,[C/T],38,1,161509955,-
2:162223693_B_F_258859328,2:162223693,BOT,[A/G],38,1,161758137,-
2:162397590_B_F_422125930,2:162397590,BOT,[G/A],38,1,161932034,-
2:162700628_B_F_131565288,2:162700628,TOP,[G/A],38,1,162235072,+
2:162895352_B_F_687156570,2:162895352,BOT,[G/T],38,1,162352730,-
rs493860163_B_F_425316708,rs493860163,TOP,[I/D],38,1,162354655,+
rs377291853_B_F_390344525,rs377291853,TOP,[T/C],38,1,162843861,+
rs202863191_B_F_329568260,rs202863191,BOT,[T/C],38,1,162900998,-
2:163346492_B_F_407903359,2:163346492,BOT,[A/G],38,1,162962373,-
rs212204535_B_F_828681200,rs212204535,TOP,[A/G],38,1,162967700,+
2:163469592_B_F_562676093,2:163469592,TOP,[C/T],38,1,163085473,+
rs285167539_B_F_444517425,rs285167539,BOT,[I/D],38,1,163570172,-
2:164871422_B_F_291239630,2:164871422,TOP,[A/G],38,1,164405866,+
rs330716814_B_F_2873301,rs330716814,BOT,[A/G],38,1,164498436,-
rs222827646_B_F_452729653,rs222827646,TOP,[T/C],38,1,164595792,+
2:165252761_B_F_474281987,2:165252761,TOP,[I/D],38,1,164868642,+
2:165410627_B_F_846326651,2:165410627,TOP,[T/C],38,1,165026508,+
rs887823418_B_F_429603769,rs887823418,TOP,[G/A],38,1,165298693,+
1:165894953_B_F_681064825,1:165894953,TOP,[C/T],38,1,165352331,+
rs507835930_B_F_572167660,rs507835930,BOT,[T/C],38,1,165407262,-
rs51872777_B_F_473272354,rs51872777,BOT,[T/G],38,1,165680294,-
rs673541561_B_F_300185306,rs673541561,BOT,[T/C],38,1,165818240,-
rs40451527_B_F_658805298,rs40451527,TOP,[A/G],38,1,166052281,+
1:167264284_B_F_831393306,1:167264284,TOP,[G/A],38,1,166798728,+
rs704308270_B_F_605084736,rs704308270,TOP,[C/T],38,1,166886771,+
rs287549831_B_F_522627355,rs287549831,BOT,[T/C],38,1,166891908,-
rs323866914_B_F_854959121,rs323866914,TOP,[A/C],38,1,167133255,+
1:168183585_B_F_773619049,1:168183585,BOT,[T/C],38,1,167640963,-
rs505413477_B_F_613890794,rs505413477,BOT,[A/G],38,1,167673981,-
rs138036926_B_F_120282865,rs138036926,TOP,[C/T],38,1,167870869,+
rs563209804_B_F_345247016,rs563209804,TOP,[T/C],38,1,168587707,+
rs112103674_B_F_129817615,rs112103674,TOP,[G/A],38,1,168635804,+
rs684085481_B_F_34064912,rs684085481,BOT,[T/G],38,1,168860753,-
rs344403907_B_F_24757535,rs344403907,BOT,[G/A],38,1,169093859,-
1:169595801_B_F_768330948,1:169595801,TOP,[G/A],38,1,169130245,+
1:169646958_B_F_428059076,1:169646958,TOP,[I/D],38,1,169181402,+
1:170615825_B_F_493235805,1:170615825,TOP,[G/T],38,1,170150269,+
rs529085418_B_F_930777477,rs529085418,BOT,[G/A],38,1,171199406,-
1:172000605_B_F_283477058,1:172000605,TOP,[G/A],38,1,171457983,+
1:172873722_B_F_374135905,1:172873722,BOT,[G/A],38,1,172489603,-
rs302092014_B_F_985182306,rs302092014,TOP,[A/G],38,1,173117868,+
rs570341354_B_F_638436131,rs570341354,BOT,[T/C],38,1,173265125,-
rs890266290_B_F_966493446,rs890266290,BOT,[I/D],38,1,173335221,-
rs504963236_B_F_358548770,rs504963236,BOT,[T/C],38,1,173338103,-
rs450294560_B_F_768041596,rs450294560,TOP,[I/D],38,1,175493052,+
rs567371284_B_F_32765140,rs567371284,BOT,[C/T],38,1,175647689,-
rs89256853_B_F_579407595,rs89256853,TOP,[T/C],38,1,176186084,+
rs553703760_B_F_904198697,rs553703760,TOP,[A/G],38,1,176273715,+
1:176880952_B_F_162529145,1:176880952,BOT,[T/C],38,1,176496833,-
1:177312163_B_F_163530988,1:177312163,TOP,[T/C],38,1,176846607,+
1:177831690_B_F_25164076,1:177831690,BOT,[A/G],38,1,177289068,-
rs100708422_B_F_412084459,rs100708422,BOT,[T/C],38,1,177786329,-
rs190161380_B_F_189907813,rs190161380,BOT,[G/A],38,1,177793805,-
1:178423490_B_F_813848414,1:178423490,BOT,[T/C],38,1,178039371,-
rs138188869_B_F_460199269,rs138188869,TOP,[T/C],38,1,178939125,+
rs854872292_B_F_361603417,rs854872292,BOT,[A/C],38,1,178974603,-
rs124842390_B_F_594798353,rs124842390,BOT,[A/G],38,1,179574590,-
rs227659530_B_F_974728607,rs227659530,BOT,[G/A],38,1,180908604,-
rs95695847_B_F_436145068,rs95695847,TOP,[T/C],38,1,180983158,+
rs138442293_B_F_597262433,rs138442293,BOT,[C/A],38,1,181076307,-
rs488231554_B_F_54714753,rs488231554,TOP,[C/T],38,1,181144305,+
rs199303563_B_F_167128458,rs199303563,TOP,[C/T],38,1,181373893,+
rs178116323_B_F_449882680,rs178116323,TOP,[T/C],38,1,181621722,+
1:182334235_B_F_945021647,1:182334235,TOP,[T/C],38,1,181791613,+
1:182802288_B_F_538319880,1:182802288,BOT,[A/G],38,1,182336732,-
1:182994127_B_F_421214981,1:182994127,TOP,[G/A],38,1,182451505,+
rs551165943_B_F_244822222,rs551165943,BOT,[A/G],38,1,182631173,-
rs751772904_B_F_494775756,rs751772904,TOP,[G/A],38,1,182672319,+
rs161679953_B_F_665872980,rs161679953,TOP,[G/T],38,1,183192149,+
1:183672202_B_F_817217898,1:183672202,BOT,[I/D],38,1,183288083,-
1:183817776_B_F_694516948,1:183817776,BOT,[A/C],38,1,183433657,-
rs348062559_B_F_90964606,rs348062559,TOP,[C/A],38,1,183698240,+
rs714757877_B_F_646954385,rs714757877,BOT,[A/G],38,1,183923312,-
rs856258210_B_F_846007072,rs856258210,TOP,[A/G],38,1,184142231,+
rs701038896_B_F_412829284,rs701038896,TOP,[C/A],38,1,185461413,+
rs377444051_B_F_722726175,rs377444051,BOT,[T/C],38,1,185674805,-
rs806505418_B_F_555767643,rs806505418,BOT,[A/G],38,1,186203588,-
rs538030393_B_F_352949369,rs538030393,BOT,[G/A],38,1,187722350,-
rs33217865_B_F_87422928,rs33217865,TOP,[T/C],38,1,188656948,+
1:189383602_B_F_945033998,1:189383602,BOT,[T/C],38,1,188918046,-
rs364723194_B_F_637748854,rs364723194,BOT,[G/A],38,1,189846063,-
rs343072802_B_F_465631086,rs343072802,BOT,[C/T],38,1,190104252,-
1:190935701_B_F_289075522,1:190935701,TOP,[G/A],38,1,190551582,+
rs203360592_B_F_34985352,rs203360592,TOP,[A/G],38,1,191027705,+
rs774623141_B_F_242318260,rs774623141,TOP,[T/C],38,1,191110744,+
rs486436236_B_F_798593655,rs486436236,TOP,[C/T],38,1,192042857,+
1:192585391_B_F_957237799,1:192585391,TOP,[A/G],38,1,192201272,+
rs701383760_B_F_276580535,rs701383760,TOP,[C/A],38,1,192691271,+
rs695169381_B_F_906751789,rs695169381,TOP,[A/G],38,1,192737667,+
rs749588335_B_F_172233789,rs749588335,TOP,[C/T],38,1,192787998,+
rs45519007_B_F_674884697,rs45519007,BOT,[T/C],38,1,193474027,-
rs528563428_B_F_748887047,rs528563428,BOT,[I/D],38,1,195407842,-
1:198191877_B_F_509588579,1:198191877,BOT,[I/D],38,1,197726321,-
rs9051051_B_F_402912430,rs9051051,TOP,[A/G],38,1,198031123,+
rs410386734_B_F_541887856,rs410386734,BOT,[T/C],38,1,198114310,-
rs805630706_B_F_778000329,rs805630706,TOP,[C/T],38,1,198665868,+
rs585764942_B_F_569042599,rs585764942,BOT,[A/G],38,1,198781325,-
rs825736153_B_F_685090937,rs825736153,TOP,[C/T],38,1,198815585,+
rs65920911_B_F_332611801,rs65920911,BOT,[A/C],38,1,199450099,-
rs285281907_B_F_123780631,rs285281907,BOT,[A/G],38,1,199809828,-
rs549607250_B_F_808735514,rs549607250,BOT,[T/G],38,1,199974444,-
1:200661780_B_F_436875048,1:200661780,BOT,[A/G],38,1,200119158,-
rs376010298_B_F_572394219,rs376010298,BOT,[T/C],38,1,201269384,-
rs479106466_B_F_403947594,rs479106466,BOT,[T/C],38,1,201596199,-
rs629034715_B_F_678612530,rs629034715,BOT,[T/C],38,1,201742831,-
1:202512489_B_F_767024606,1:202512489,BOT,[A/G],38,1,201969867,-
rs338540297_B_F_482673826,rs338540297,BOT,[G/A],38,1,201983446,-
rs316197540_B_F_804837819,rs316197540,TOP,[T/C],38,1,202224266,+
rs176148680_B_F_148150202,rs176148680,BOT,[C/T],38,1,202246703,-
rs822236979_B_F_844053088,rs822236979,BOT,[A/G],38,1,202852297,-
rs807803990_B_F_366146469,rs807803990,BOT,[T/C],38,1,203161543,-
rs598252324_B_F_760284596,rs598252324,TOP,[A/G],38,1,203193153,+
1:203608727_B_F_415579971,1:203608727,BOT,[A/G],38,1,203224608,-
rs627747741_B_F_368421163,rs627747741,BOT,[A/G],38,1,203600506,-
rs22302905_B_F_726459347,rs22302905,TOP,[A/G],38,1,203603446,+
rs42228102_B_F_565703433,rs42228102,TOP,[A/G],38,1,204341238,+
rs425664387_B_F_933208637,rs425664387,BOT,[I/D],38,1,204447373,-
rs279676104_B_F_484559507,rs279676104,TOP,[G/A],38,1,204528228,+
rs751695633_B_F_974856471,rs751695633,TOP,[T/C],38,1,205059787,+
rs286539323_B_F_355401160,rs286539323,TOP,[T/C],38,1,206806785,+
rs281311946_B_F_313039201,rs281311946,TOP,[G/T],38,1,206953464,+
rs778799427_B_F_458282797,rs778799427,TOP,[T/G],38,1,207034289,+
rs207514982_B_F_956088591,rs207514982,TOP,[I/D],38,1,207841577,+
rs369611586_B_F_869892537,rs369611586,TOP,[A/G],38,1,208464631,+
rs800443834_B_F_444560755,rs800443834,TOP,[A/G],38,1,208502685,+
rs844916849_B_F_651177217,rs844916849,TOP,[A/G],38,1,208778169,+
1:209324410_B_F_960869163,1:209324410,TOP,[G/T],38,1,208858854,+
rs356185880_B_F_264493224,rs356185880,BOT,[A/G],38,1,209206845,-
rs466376879_B_F_615166979,rs466376879,BOT,[T/G],38,1,209408138,-
rs201477158_B_F_368989393,rs201477158,TOP,[T/C],38,1,209693374,+
rs685633899_B_F_479620655,rs685633899,TOP,[C/T],38,1,211602400,+
rs834931345_B_F_869527166,rs834931345,BOT,[I/D],38,1,211712904,-
rs668894358_B_F_989047885,rs668894358,TOP,[T/C],38,1,211714576,+
1:212304189_B_F_238728389,1:212304189,BOT,[T/G],38,1,211838633,-
rs794098014_B_F_808380999,rs794098014,TOP,[T/C],38,1,212447329,+
rs576821842_B_F_984425652,rs576821842,TOP,[T/C],38,1,212447986,+
rs418577030_B_F_301356449,rs418577030,TOP,[C/A],38,1,212623457,+
rs848160817_B_F_961115264,rs848160817,TOP,[T/C],38,1,212626607,+
rs443163247_B_F_644215174,rs443163247,BOT,[A/G],38,1,212636264,-
rs634526303_B_F_793412198,rs634526303,TOP,[C/T],38,1,212953199,+
rs720601724_B_F_603720214,rs720601724,BOT,[T/C],38,1,212973496,-
rs690674192_B_F_354109836,rs690674192,BOT,[C/T],38,1,213623041,-
1:214418067_B_F_283690642,1:214418067,BOT,[C/T],38,1,213952511,-
1:214611407_B_F_300108519,1:214611407,TOP,[G/T],38,1,214227288,+
rs94543301_B_F_678229867,rs94543301,TOP,[A/G],38,1,214484868,+
1:215006230_B_F_668877144,1:215006230,BOT,[A/G],38,1,214622111,-
rs439403122_B_F_321578756,rs439403122,TOP,[G/A],38,1,214832278,+
rs681651203_B_F_678742494,rs681651203,BOT,[G/A],38,1,215881944,-
rs641606198_B_F_832393770,rs641606198,TOP,[T/C],38,1,215941896,+
rs789894783_B_F_120065801,rs789894783,TOP,[T/C],38,1,216761863,+
rs252929764_B_F_768124580,rs252929764,TOP,[I/D],38,1,217315446,+
rs764166481_B_F_872193623,rs764166481,TOP,[A/G],38,1,217851873,+
1:218852089_B_F_52994974,1:218852089,BOT,[G/A],38,1,218386533,-
rs473258529_B_F_879617717,rs473258529,BOT,[A/G],38,1,218965058,-
rs343503622_B_F_727297771,rs343503622,TOP,[C/A],38,1,219900785,+
1:220565778_B_F_499298064,1:220565778,BOT,[C/A],38,1,220100222,-
rs887307275_B_F_474984639,rs887307275,TOP,[T/G],38,1,220429534,+
rs164528276_B_F_279769597,rs164528276,BOT,[T/C],38,1,221166014,-
1:222422514_B_F_442316419,1:222422514,BOT,[A/G],38,1,221879892,-
rs689965959_B_F_913614489,rs689965959,TOP,[A/G],38,1,222215904,+
rs157595817_B_F_794285687,rs157595817,TOP,[A/G],38,1,223617101,+
rs349022774_B_F_293297243,rs349022774,TOP,[T/G],38,1,223660839,+
1:224150348_B_F_476488602,1:224150348,BOT,[C/A],38,1,223684792,-
1:224266876_B_F_832080318,1:224266876,TOP,[T/C],38,1,223801320,+
rs418427888_B_F_836749573,rs418427888,TOP,[I/D],38,1,224301508,+
rs135371446_B_F_372035856,rs135371446,TOP,[A/G],38,1,224927507,+
rs192183402_B_F_461084221,rs192183402,TOP,[A/G],38,1,225307995,+
1:225807535_B_F_76707302,1:225807535,BOT,[A/G],38,1,225423416,-
rs824268508_B_F_114299609,rs824268508,TOP,[C/A],38,1,225779895,+
rs869969606_B_F_632356380,rs869969606,TOP,[A/G],38,1,226034956,+
rs385164249_B_F_240595458,rs385164249,TOP,[A/G],38,1,226424322,+
rs485132452_B_F_538258340,rs485132452,TOP,[T/C],38,1,226517124,+
rs422341510_B_F_270264548,rs422341510,BOT,[T/G],38,1,226530241,-
rs516577313_B_F_925097488,rs516577313,TOP,[C/T],38,1,226964161,+
rs234738126_B_F_797595282,rs234738126,BOT,[I/D],38,1,228731240,-
rs237767178_B_F_520995927,rs237767178,BOT,[G/T],38,1,228991287,-
rs173646524_B_F_897781037,rs173646524,BOT,[A/C],38,1,229045530,-
1:229885977_B_F_229084767,1:229885977,TOP,[A/G],38,1,229420421,+
rs177824597_B_F_627405691,rs177824597,TOP,[T/C],38,1,230349934,+
rs620681261_B_F_703939419,rs620681261,BOT,[G/A],38,1,230623564,-
rs251911225_B_F_83393388,rs251911225,TOP,[C/T],38,1,230695758,+
rs821604944_B_F_793131861,rs821604944,TOP,[G/A],38,1,231118628,+
rs173117939_B_F_504122866,rs173117939,BOT,[T/C],38,1,231149900,-
1:232306315_B_F_455141368,1:232306315,BOT,[T/C],38,1,231763693,-
1:232313723_B_F_303216608,1:232313723,TOP,[T/C],38,1,231771101,+
rs394542858_B_F_89755157,rs394542858,BOT,[T/G],38,1,232013774,-
rs147162257_B_F_771706027,rs147162257,BOT,[C/A],38,1,232293915,-
rs768090064_B_F_819574896,rs768090064,TOP,[C/A],38,1,232340194,+
rs145831434_B_F_110270291,rs145831434,BOT,[G/A],38,1,232546419,-
rs375441256_B_F_868788106,rs375441256,TOP,[A/C],38,1,232676163,+
rs754333353_B_F_909646359,rs754333353,BOT,[A/G],38,1,232922076,-
rs748154109_B_F_517221331,rs748154109,TOP,[A/G],38,1,233315512,+
1:234054403_B_F_216318708,1:234054403,TOP,[T/C],38,1,233511781,+
rs625880373_B_F_4895716,rs625880373,BOT,[C/A],38,1,233668191,-
rs692686824_B_F_609060811,rs692686824,TOP,[T/C],38,1,233787132,+
rs794150167_B_F_257998362,rs794150167,BOT,[T/G],38,1,233805822,-
1:234377128_B_F_665784090,1:234377128,TOP,[A/G],38,1,233911572,+
rs17213254_B_F_90717699,rs17213254,BOT,[T/C],38,1,233963646,-
rs658061335_B_F_240516124,rs658061335,BOT,[I/D],38,1,234055992,-
rs27719906_B_F_260466483,rs27719906,BOT,[C/T],38,1,234300119,-
1:234914813_B_F_365344732,1:234914813,TOP,[A/G],38,1,234449257,+
rs174736092_B_F_565366157,rs174736092,BOT,[C/T],38,1,235999292,-
1:236512139_B_F_914362700,1:236512139,TOP,[T/C],38,1,236046583,+
rs651849109_B_F_187982940,rs651849109,TOP,[T/G],38,1,236542978,+
rs782796858_B_F_82287079,rs782796858,BOT,[G/A],38,1,236638647,-
rs456506201_B_F_86251561,rs456506201,BOT,[T/C],38,1,236833090,-
rs747610199_B_F_991626725,rs747610199,TOP,[I/D],38,1,236847934,+
rs314926625_B_F_892851450,rs314926625,TOP,[C/T],38,1,236966996,+
rs456480738_B_F_351717942,rs456480738,TOP,[T/G],38,1,237517194,+
1:238037939_B_F_714464494,1:238037939,BOT,[A/G],38,1,237572383,-
rs105678166_B_F_366246187,rs105678166,TOP,[G/A],38,1,237646713,+
1:238376683_B_F_843296578,1:238376683,BOT,[T/C],38,1,237834061,-
rs652439397_B_F_656740635,rs652439397,TOP,[C/T],38,1,237885360,+
rs158918342_B_F_577284030,rs158918342,TOP,[G/A],38,1,238484803,+
1:239076166_B_F_307690950,1:239076166,TOP,[C/A],38,1,238533544,+
1:239138397_B_F_728594588,1:239138397,TOP,[A/G],38,1,238672841,+
rs74247898_B_F_408806704,rs74247898,TOP,[G/A],38,1,238677379,+
rs503064897_B_F_87558677,rs503064897,TOP,[A/G],38,1,238682273,+
rs341832204_B_F_985874143,rs341832204,TOP,[C/A],38,1,238692127,+
rs415842675_B_F_257543618,rs415842675,TOP,[A/C],38,1,239756913,+
rs251158904_B_F_543232301,rs251158904,BOT,[T/C],38,1,240329434,-
rs700657561_B_F_431068493,rs700657561,BOT,[A/C],38,1,240449686,-
rs196684358_B_F_647517797,rs196684358,TOP,[C/T],38,1,240560684,+
rs259881932_B_F_361663575,rs259881932,BOT,[C/T],38,1,240572729,-
1:241306474_B_F_995932911,1:241306474,BOT,[A/G],38,1,240763852,-
rs325156616_B_F_787368437,rs325156616,BOT,[A/G],38,1,240824454,-
rs487048572_B_F_610902151,rs487048572,TOP,[A/C],38,1,240938400,+
rs499358095_B_F_450132024,rs499358095,TOP,[I/D],38,1,241060831,+
1:242024094_B_F_439627997,1:242024094,BOT,[G/A],38,1,241558538,-
rs99671110_B_F_922263706,rs99671110,TOP,[G/A],38,1,241686357,+
rs336491544_B_F_233766936,rs336491544,BOT,[A/G],38,1,241892505,-
1:242779509_B_F_536732352,1:242779509,TOP,[A/G],38,1,242313953,+
rs887398607_B_F_897375280,rs887398607,BOT,[A/G],38,1,242402732,-
rs455335631_B_F_661124728,rs455335631,TOP,[G/A],38,1,242709247,+
rs558991261_B_F_937697124,rs558991261,BOT,[I/D],38,1,243690528,-
rs355211061_B_F_910142279,rs355211061,BOT,[T/C],38,1,244070505,-
rs497755582_B_F_188645989,rs497755582,TOP,[C/A],38,1,244128494,+
rs228744809_B_F_3990571,rs228744809,TOP,[C/T],38,1,244219146,+
rs264116248_B_F_486503944,rs264116248,BOT,[C/T],38,1,244300937,-
rs840881187_B_F_360518416,rs840881187,TOP,[T/C],38,1,244344525,+
rs831896320_B_F_684265844,rs831896320,TOP,[G/A],38,1,244371479,+
rs25599873_B_F_638813622,rs25599873,BOT,[G/A],38,1,244569979,-
1:245203512_B_F_483298257,1:245203512,TOP,[T/C],38,1,244660890,+
1:245106102_B_F_120072576,1:245106102,TOP,[A/G],38,1,244721983,+
rs312120346_B_F_131977892,rs312120346,BOT,[T/C],38,1,244750445,-
rs46890597_B_F_439753280,rs46890597,TOP,[G/A],38,1,244788848,+
rs801882461_B_F_526435670,rs801882461,TOP,[G/T],38,1,245125652,+
1:245946042_B_F_530702478,1:245946042,TOP,[T/C],38,1,245561923,+
rs525510448_B_F_486452818,rs525510448,TOP,[T/C],38,1,245607402,+
rs771951858_B_F_389381475,rs771951858,BOT,[T/C],38,1,245638996,-
rs549516095_B_F_445340699,rs549516095,TOP,[A/G],38,1,245686427,+
rs630466792_B_F_470621739,rs630466792,BOT,[G/A],38,1,245924271,-
rs89221995_B_F_24110508,rs89221995,BOT,[A/G],38,1,247966184,-
rs537048105_B_F_716362958,rs537048105,BOT,[G/A],38,2,151464,-
rs486891599_B_F_468647966,rs486891599,BOT,[I/D],38,2,594812,-
2:1037694_B_F_169227136,2:1037694,TOP,[T/C],38,2,653575,+
rs787871893_B_F_881089875,rs787871893,TOP,[G/A],38,2,718744,+
rs642350958_B_F_337025609,rs642350958,BOT,[T/C],38,2,1105441,-
2:1671352_B_F_851781865,2:1671352,BOT,[C/A],38,2,1128730,-
rs616990444_B_F_924418648,rs616990444,TOP,[T/C],38,2,1161394,+
rs494483943_B_F_228951284,rs494483943,BOT,[I/D],38,2,1293021,-
rs138617024_B_F_557206537,rs138617024,BOT,[T/C],38,2,1377410,-
rs701082653_B_F_633985181,rs701082653,BOT,[C/T],38,2,1429286,-
2:2685472_B_F_177845591,2:2685472,TOP,[C/T],38,2,2301353,+
rs456444808_B_F_571618183,rs456444808,TOP,[G/T],38,2,2500800,+
rs331740581_B_F_86573613,rs331740581,TOP,[T/C],38,2,2695426,+
rs363861524_B_F_800546606,rs363861524,TOP,[T/G],38,2,2873061,+
rs684159931_B_F_647959383,rs684159931,BOT,[C/T],38,2,3062926,-
rs816519065_B_F_360469110,rs816519065,TOP,[A/G],38,2,3585938,+
rs499172575_B_F_836490722,rs499172575,BOT,[C/T],38,2,3587752,-
rs835419828_B_F_749511250,rs835419828,BOT,[T/C],38,2,3846955,-
rs337728818_B_F_190306712,rs337728818,TOP,[A/G],38,2,4009360,+
rs21978089_B_F_9880407,rs21978089,BOT,[A/G],38,2,4276873,-
2:5437069_B_F_969225577,2:5437069,TOP,[T/C],38,2,5052950,+
rs102503708_B_F_132040226,rs102503708,BOT,[A/G],38,2,5436342,-
rs325645655_B_F_973198108,rs325645655,BOT,[T/C],38,2,5451418,-
rs519714711_B_F_987811130,rs519714711,TOP,[T/C],38,2,5591637,+
rs378263934_B_F_995768022,rs378263934,TOP,[I/D],38,2,6773742,+
rs722747854_B_F_498256826,rs722747854,BOT,[C/T],38,2,6963913,-
rs1778591_B_F_356635939,rs1778591,TOP,[T/C],38,2,7116461,+
rs420566480_B_F_651069713,rs420566480,TOP,[I/D],38,2,7331601,+
rs707218556_B_F_515249961,rs707218556,BOT,[T/C],38,2,7443332,-
rs721974278_B_F_457021964,rs721974278,BOT,[A/G],38,2,7526910,-
rs752478134_B_F_317138075,rs752478134,TOP,[C/T],38,2,7578287,+
rs205426766_B_F_175550561,rs205426766,BOT,[C/A],38,2,8084247,-
2:8892441_B_F_166411732,2:8892441,BOT,[C/T],38,2,8349819,-
rs689745960_B_F_704276499,rs689745960,BOT,[A/G],38,2,8456993,-
rs428491751_B_F_67935688,rs428491751,BOT,[T/G],38,2,8636533,-
2:9846507_B_F_425520949,2:9846507,BOT,[C/T],38,2,9303885,-
rs255590774_B_F_540410319,rs255590774,TOP,[I/D],38,2,9945828,+
2:10524396_B_F_857946861,2:10524396,TOP,[G/A],38,2,9981774,+
rs656011744_B_F_17242053,rs656011744,BOT,[A/G],38,2,10017177,-
rs871680295_B_F_546788920,rs871680295,TOP,[G/A],38,2,10198242,+
2:10608697_B_F_997947786,2:10608697,BOT,[A/G],38,2,10224578,-
rs863836269_B_F_777653040,rs863836269,BOT,[C/T],38,2,10379462,-
rs221688711_B_F_116169688,rs221688711,TOP,[A/G],38,2,10474600,+
rs91125591_B_F_871842315,rs91125591,TOP,[A/G],38,2,10487418,+
rs19358256_B_F_97958414,rs19358256,TOP,[I/D],38,2,10504453,+
2:11236281_B_F_568969681,2:11236281,BOT,[G/A],38,2,10770725,-
rs631108292_B_F_612112928,rs631108292,BOT,[C/T],38,2,10811043,-
2:11340866_B_F_182158806,2:11340866,BOT,[G/A],38,2,10875310,-
rs418293876_B_F_593774308,rs418293876,TOP,[I/D],38,2,11017946,+
rs185815588_B_F_232289889,rs185815588,TOP,[T/C],38,2,11802956,+
2:12429875_B_F_591761353,2:12429875,TOP,[C/T],38,2,11964319,+
2:12519380_B_F_541225924,2:12519380,BOT,[T/C],38,2,11976758,-
rs142812247_B_F_150677287,rs142812247,TOP,[G/A],38,2,12608330,+
rs491768148_B_F_901582951,rs491768148,BOT,[A/G],38,2,12741359,-
rs896133055_B_F_365827137,rs896133055,TOP,[C/T],38,2,14656482,+
rs305033069_B_F_944596755,rs305033069,BOT,[G/A],38,2,14930580,-
rs693740797_B_F_840606998,rs693740797,BOT,[T/C],38,2,14999918,-
rs36661095_B_F_39571838,rs36661095,TOP,[G/A],38,2,16106809,+
2:17246555_B_F_614143338,2:17246555,BOT,[A/G],38,2,16862436,-
rs868921889_B_F_585341550,rs868921889,TOP,[C/T],38,2,17125932,+
rs534166158_B_F_339883915,rs534166158,TOP,[A/G],38,2,17166434,+
rs562943692_B_F_301131135,rs562943692,BOT,[G/A],38,2,17195662,-
2:17973598_B_F_803911045,2:17973598,TOP,[T/C],38,2,17589479,+
2:18703345_B_F_85837797,2:18703345,BOT,[A/G],38,2,18319226,-
rs437022131_B_F_414615864,rs437022131,TOP,[C/T],38,2,19121042,+
rs558253020_B_F_481370482,rs558253020,BOT,[T/C],38,2,19613387,-
rs5940679_B_F_33560281,rs5940679,TOP,[C/T],38,2,19681320,+
rs188415579_B_F_684920720,rs188415579,TOP,[A/G],38,2,20365869,+
2:21167999_B_F_97452899,2:21167999,TOP,[T/C],38,2,20625377,+
rs482855180_B_F_379798397,rs482855180,TOP,[T/C],38,2,20688659,+
rs739080948_B_F_729729379,rs739080948,TOP,[T/C],38,2,20700129,+
rs138545662_B_F_849061171,rs138545662,BOT,[T/C],38,2,20705237,-
2:21460174_B_F_370050668,2:21460174,BOT,[A/G],38,2,20994618,-
rs632635811_B_F_484441641,rs632635811,TOP,[A/G],38,2,21029662,+
2:21992883_B_F_10518553,2:21992883,BOT,[C/T],38,2,21527327,-
rs691444390_B_F_216994650,rs691444390,TOP,[C/A],38,2,21531004,+
rs894901328_B_F_393911709,rs894901328,TOP,[A/G],38,2,22017688,+
rs846772042_B_F_805487077,rs846772042,TOP,[A/C],38,2,22176248,+
2:23393399_B_F_868170513,2:23393399,BOT,[A/G],38,2,22927843,-
2:23592203_B_F_146712142,2:23592203,TOP,[A/G],38,2,23126647,+
rs63540746_B_F_267061037,rs63540746,BOT,[A/G],38,2,23147446,-
rs261773054_B_F_705100193,rs261773054,TOP,[T/C],38,2,23920630,+
rs809037669_B_F_637440382,rs809037669,BOT,[A/G],38,2,23953564,-
rs243133559_B_F_220469567,rs243133559,TOP,[C/T],38,2,25097278,+
rs895822069_B_F_721075766,rs895822069,BOT,[C/T],38,2,26986780,-
rs430437631_B_F_329937594,rs430437631,BOT,[A/C],38,2,27651696,-
rs667597248_B_F_759606113,rs667597248,BOT,[I/D],38,2,27857994,-
rs867756462_B_F_138495884,rs867756462,BOT,[A/G],38,2,27883999,-
2:28664130_B_F_68381866,2:28664130,TOP,[I/D],38,2,28280011,+
rs725724529_B_F_687000910,rs725724529,TOP,[A/G],38,2,28322321,+
2:29915630_B_F_313204656,2:29915630,TOP,[T/C],38,2,29450074,+
rs432841121_B_F_416218405,rs432841121,TOP,[G/T],38,2,29452343,+
rs319189598_B_F_544180374,rs319189598,TOP,[T/G],38,2,29804099,+
rs419540116_B_F_386462657,rs419540116,BOT,[T/C],38,2,30434244,-
rs305376926_B_F_528308037,rs305376926,TOP,[T/C],38,2,30738780,+
rs504166449_B_F_572710945,rs504166449,TOP,[A/G],38,2,30776967,+
rs83563627_B_F_400943977,rs83563627,TOP,[T/C],38,2,30800454,+
rs200516479_B_F_666821076,rs200516479,TOP,[A/C],38,2,30867752,+
rs552641594_B_F_273383086,rs552641594,BOT,[C/T],38,2,30946754,-
rs119792405_B_F_500678795,rs119792405,BOT,[C/T],38,2,30951760,-
rs117042420_B_F_604410516,rs117042420,BOT,[T/G],38,2,31141880,-
rs796330198_B_F_230725216,rs796330198,BOT,[T/A],38,2,31379925,-
rs767342246_B_F_533337862,rs767342246,BOT,[T/G],38,2,31445014,-
rs498664455_B_F_348950016,rs498664455,BOT,[G/T],38,2,34305910,-
2:35576637_B_F_959954837,2:35576637,BOT,[I/D],38,2,35192518,-
rs324538536_B_F_615533411,rs324538536,TOP,[G/A],38,2,36240430,+
rs695984595_B_F_383994708,rs695984595,TOP,[C/T],38,2,36259633,+
2:36732520_B_F_355605379,2:36732520,BOT,[T/G],38,2,36266964,-
2:37197408_B_F_367548962,2:37197408,BOT,[A/G],38,2,36654786,-
2:37085924_B_F_450451110,2:37085924,TOP,[C/T],38,2,36701805,+
rs677113908_B_F_323569925,rs677113908,TOP,[A/G],38,2,37156965,+
rs172751830_B_F_997043075,rs172751830,TOP,[T/C],38,2,37309293,+
rs225906479_B_F_166291423,rs225906479,BOT,[A/G],38,2,37411494,-
2:38187987_B_F_256447232,2:38187987,BOT,[T/C],38,2,37645365,-
2:38895295_B_F_907555151,2:38895295,TOP,[G/A],38,2,38429739,+
2:38896596_B_F_82376114,2:38896596,BOT,[T/C],38,2,38431040,-
rs171386949_B_F_724609565,rs171386949,BOT,[A/G],38,2,38545773,-
rs117462566_B_F_571030606,rs117462566,TOP,[T/C],38,2,40179378,+
rs710837465_B_F_487373694,rs710837465,BOT,[A/G],38,2,40825095,-
rs663231658_B_F_117174817,rs663231658,TOP,[C/T],38,2,41067931,+
rs684183353_B_F_928635194,rs684183353,BOT,[A/G],38,2,41130069,-
rs434136790_B_F_828760391,rs434136790,TOP,[T/G],38,2,41616831,+
rs247201113_B_F_520447876,rs247201113,BOT,[G/T],38,2,41726146,-
rs889318476_B_F_233971739,rs889318476,BOT,[C/T],38,2,41871096,-
2:43462282_B_F_540666775,2:43462282,TOP,[C/T],38,2,42919660,+
rs458192093_B_F_164524176,rs458192093,TOP,[T/C],38,2,42999276,+
2:44312298_B_F_330391103,2:44312298,TOP,[C/T],38,2,43846742,+
2:44828280_B_F_515207617,2:44828280,TOP,[C/T],38,2,44285658,+
2:44872783_B_F_411588900,2:44872783,TOP,[T/C],38,2,44407227,+
rs279260151_B_F_352017567,rs279260151,BOT,[T/C],38,2,45056726,-
2:45478252_B_F_837340199,2:45478252,TOP,[T/C],38,2,45094133,+
rs873384820_B_F_585266608,rs873384820,TOP,[A/G],38,2,45183958,+
rs858189792_B_F_35507996,rs858189792,BOT,[C/A],38,2,45894142,-
rs636350951_B_F_831089668,rs636350951,TOP,[I/D],38,2,46258342,+
2:46853087_B_F_38003572,2:46853087,BOT,[C/T],38,2,46310465,-
rs480424087_B_F_359366224,rs480424087,TOP,[G/A],38,2,46460728,+
rs556077126_B_F_654962874,rs556077126,TOP,[C/T],38,2,46721036,+
rs1181646_B_F_942712956,rs1181646,TOP,[G/A],38,2,47093806,+
2:47696617_B_F_500971111,2:47696617,TOP,[I/D],38,2,47153995,+
2:47642048_B_F_978890300,2:47642048,TOP,[A/G],38,2,47257929,+
2:47989632_B_F_944919156,2:47989632,BOT,[T/C],38,2,47524076,-
rs436356410_B_F_853950626,rs436356410,TOP,[T/C],38,2,47530438,+
rs822011485_B_F_889422453,rs822011485,TOP,[T/C],38,2,48198853,+
2:49017481_B_F_81369516,2:49017481,TOP,[C/T],38,2,48551925,+
2:49485568_B_F_203793297,2:49485568,BOT,[A/G],38,2,49020012,-
rs627216271_B_F_454138668,rs627216271,TOP,[C/T],38,2,50656692,+
rs816257295_B_F_547626413,rs816257295,TOP,[T/G],38,2,50975517,+
rs149120432_B_F_80084692,rs149120432,BOT,[C/A],38,2,51845520,-
rs668623792_B_F_739696540,rs668623792,BOT,[G/A],38,2,52280274,-
rs7290263_B_F_992105943,rs7290263,TOP,[I/D],38,2,52656534,+
2:53209461_B_F_294063030,2:53209461,TOP,[T/G],38,2,52825342,+
rs864315670_B_F_673869419,rs864315670,TOP,[T/C],38,2,53090115,+
rs240537972_B_F_780542992,rs240537972,TOP,[C/T],38,2,53478244,+
rs85310862_B_F_52387637,rs85310862,TOP,[A/G],38,2,54191840,+
rs140715423_B_F_965270711,rs140715423,TOP,[T/C],38,2,54481271,+
rs426641711_B_F_274296577,rs426641711,TOP,[A/G],38,2,55177658,+
2:55565539_B_F_791398329,2:55565539,BOT,[T/G],38,2,55181420,-
2:55715011_B_F_854849047,2:55715011,BOT,[T/C],38,2,55249455,-
2:56392447_B_F_934148776,2:56392447,BOT,[G/A],38,2,55926891,-
rs634036341_B_F_934858040,rs634036341,TOP,[G/A],38,2,56012762,+
rs876867652_B_F_25093836,rs876867652,BOT,[C/T],38,2,56629125,-
2:57680064_B_F_740460215,2:57680064,BOT,[A/C],38,2,57214508,-
rs198116397_B_F_856044535,rs198116397,TOP,[G/T],38,2,57503055,+
rs785693376_B_F_244113840,rs785693376,BOT,[T/C],38,2,57593810,-
2:58700730_B_F_595675693,2:58700730,BOT,[C/A],38,2,58158108,-
2:59031838_B_F_790790023,2:59031838,BOT,[G/A],38,2,58647719,-
2:59285019_B_F_700963279,2:59285019,TOP,[T/C],38,2,58819463,+
2:60221557_B_F_387500492,2:60221557,TOP,[G/A],38,2,59756001,+
rs39273058_B_F_871177800,rs39273058,TOP,[A/G],38,2,59813354,+
rs573174060_B_F_782866690,rs573174060,BOT,[A/C],38,2,60292453,-
rs450314375_B_F_930526049,rs450314375,TOP,[T/A],38,2,60341610,+
2:62805361_B_F_161862361,2:62805361,BOT,[A/C],38,2,62262739,-
rs211218651_B_F_96368051,rs211218651,TOP,[G/A],38,2,62325186,+
2:64024639_B_F_810187061,2:64024639,TOP,[T/C],38,2,63482017,+
rs691945942_B_F_953113314,rs691945942,TOP,[A/G],38,2,63948239,+
rs684490223_B_F_298049401,rs684490223,TOP,[T/C],38,2,64216105,+
2:65355025_B_F_915249195,2:65355025,TOP,[T/C],38,2,64812403,+
rs96476305_B_F_162504353,rs96476305,BOT,[T/C],38,2,65663524,-
rs230862889_B_F_338650993,rs230862889,BOT,[I/D],38,2,65999551,-
rs230317229_B_F_360605555,rs230317229,TOP,[T/C],38,2,66230996,+
2:66831920_B_F_379021347,2:66831920,TOP,[T/G],38,2,66366364,+
rs143920162_B_F_680316015,rs143920162,BOT,[T/C],38,2,66454759,-
2:66938440_B_F_444143522,2:66938440,TOP,[G/T],38,2,66554321,+
rs62415357_B_F_101351457,rs62415357,TOP,[T/C],38,2,66650149,+
rs321009779_B_F_544806782,rs321009779,TOP,[G/T],38,2,66696939,+
rs669584946_B_F_876976647,rs669584946,TOP,[T/C],38,2,67395864,+
rs224281305_B_F_722175925,rs224281305,BOT,[C/T],38,2,68392731,-
rs58491378_B_F_503094219,rs58491378,TOP,[C/T],38,2,68432980,+
rs812991716_B_F_427199033,rs812991716,BOT,[T/C],38,2,68784793,-
rs117838463_B_F_436790815,rs117838463,TOP,[T/G],38,2,68825983,+
rs511189242_B_F_568732386,rs511189242,BOT,[A/G],38,2,69437844,-
rs867752353_B_F_812886939,rs867752353,TOP,[C/T],38,2,69955673,+
rs579808959_B_F_829124995,rs579808959,TOP,[A/C],38,2,70336870,+
rs397844595_B_F_568302653,rs397844595,BOT,[A/G],38,2,70649023,-
2:71296943_B_F_194675668,2:71296943,TOP,[T/C],38,2,70754321,+
rs844357320_B_F_17808548,rs844357320,TOP,[C/T],38,2,71804698,+
rs510561326_B_F_695443683,rs510561326,BOT,[T/C],38,2,72457637,-
rs716509366_B_F_995183241,rs716509366,TOP,[A/G],38,2,73248305,+
rs609285256_B_F_228137267,rs609285256,BOT,[A/G],38,2,73308206,-
rs185539652_B_F_3662909,rs185539652,BOT,[C/T],38,2,73559061,-
rs491357417_B_F_774670125,rs491357417,BOT,[T/C],38,2,74883825,-
2:75622979_B_F_28066713,2:75622979,TOP,[T/C],38,2,75157423,+
2:76070118_B_F_999520287,2:76070118,TOP,[T/C],38,2,75527496,+
rs499404314_B_F_774490986,rs499404314,BOT,[C/T],38,2,75674542,-
2:76229570_B_F_793893460,2:76229570,BOT,[T/C],38,2,75764014,-
rs31941957_B_F_914978432,rs31941957,BOT,[C/T],38,2,76160061,-
rs560509266_B_F_636758476,rs560509266,TOP,[A/G],38,2,76535025,+
rs804788022_B_F_671377522,rs804788022,TOP,[A/G],38,2,76553604,+
rs532303028_B_F_315291038,rs532303028,TOP,[A/G],38,2,76638459,+
rs387710838_B_F_956540964,rs387710838,TOP,[T/C],38,2,76719981,+
rs616482306_B_F_495821905,rs616482306,TOP,[T/C],38,2,77035327,+
2:78287218_B_F_953524880,2:78287218,BOT,[T/C],38,2,77821662,-
rs471576220_B_F_363712835,rs471576220,TOP,[T/C],38,2,77865462,+
2:78265633_B_F_478351279,2:78265633,BOT,[A/G],38,2,77881514,-
rs659016440_B_F_865658244,rs659016440,BOT,[G/A],38,2,78403674,-
rs248768295_B_F_743913561,rs248768295,BOT,[A/G],38,2,78599280,-
rs60406877_B_F_145365724,rs60406877,BOT,[A/G],38,2,78780822,-
rs165861129_B_F_531671567,rs165861129,BOT,[G/A],38,2,78869117,-
rs697657399_B_F_500195649,rs697657399,TOP,[C/A],38,2,79384938,+
rs893579048_B_F_542705194,rs893579048,TOP,[G/T],38,2,79854056,+
rs490636944_B_F_323601839,rs490636944,TOP,[C/T],38,2,79885689,+
2:80387167_B_F_114652074,2:80387167,TOP,[C/T],38,2,79921611,+
rs407649386_B_F_108141189,rs407649386,BOT,[T/C],38,2,80309127,-
rs589111779_B_F_536471053,rs589111779,TOP,[T/G],38,2,80829850,+
2:81660729_B_F_537702597,2:81660729,TOP,[A/G],38,2,81195173,+
2:81727608_B_F_299146080,2:81727608,BOT,[A/G],38,2,81343489,-
rs391248928_B_F_319560810,rs391248928,TOP,[G/A],38,2,81610459,+
rs785474787_B_F_420395041,rs785474787,TOP,[G/T],38,2,81625407,+
2:83147674_B_F_328220321,2:83147674,TOP,[C/T],38,2,82682118,+
rs591922595_B_F_37236499,rs591922595,BOT,[G/A],38,2,82755694,-
rs10212376_B_F_667888609,rs10212376,BOT,[T/C],38,2,82975210,-
rs47028077_B_F_563975970,rs47028077,BOT,[A/G],38,2,84048672,-
rs117499585_B_F_961088651,rs117499585,TOP,[A/G],38,2,84531958,+
rs233627086_B_F_938025355,rs233627086,BOT,[T/C],38,2,84559153,-
rs261857082_B_F_488005790,rs261857082,TOP,[C/A],38,2,85044115,+
rs24783967_B_F_390385046,rs24783967,TOP,[A/G],38,2,88087846,+
rs783440986_B_F_225981095,rs783440986,TOP,[T/C],38,2,88106538,+
rs411127798_B_F_843966434,rs411127798,TOP,[C/T],38,2,88410449,+
rs59276108_B_F_791300189,rs59276108,TOP,[T/C],38,2,88821664,+
rs230209507_B_F_829108821,rs230209507,TOP,[G/A],38,2,91939894,+
rs646685169_B_F_403291282,rs646685169,TOP,[T/C],38,2,96091163,+
rs713482511_B_F_471724244,rs713482511,TOP,[C/T],38,2,97726238,+
rs768543384_B_F_662021298,rs768543384,TOP,[C/T],38,2,97973461,+
2:99973905_B_F_685604679,2:99973905,TOP,[C/T],38,2,99589786,+
rs29893038_B_F_455600868,rs29893038,BOT,[A/G],38,2,100256572,-
rs633637400_B_F_151847966,rs633637400,BOT,[T/C],38,2,100391771,-
rs676485127_B_F_989061304,rs676485127,TOP,[T/C],38,2,100392923,+
rs397828634_B_F_549053777,rs397828634,TOP,[A/G],38,2,101547793,+
rs144407792_B_F_51045402,rs144407792,BOT,[C/A],38,2,102193708,-
rs696291371_B_F_451114337,rs696291371,TOP,[G/A],38,2,102475081,+
rs342840676_B_F_119373553,rs342840676,BOT,[C/T],38,2,102534677,-
rs159034223_B_F_707626807,rs159034223,BOT,[C/T],38,2,103701707,-
rs679182199_B_F_691773122,rs679182199,TOP,[G/T],38,2,103810033,+
2:105146918_B_F_20515873,2:105146918,TOP,[C/T],38,2,104681362,+
2:105933250_B_F_349853947,2:105933250,TOP,[C/T],38,2,105390628,+
rs431083108_B_F_324162456,rs431083108,BOT,[G/A],38,2,105449425,-
rs676681735_B_F_305214695,rs676681735,BOT,[T/C],38,2,105566496,-
2:106049033_B_F_575008100,2:106049033,BOT,[C/T],38,2,105583477,-
rs457194783_B_F_931219556,rs457194783,BOT,[C/T],38,2,106829251,-
rs102112197_B_F_684180397,rs102112197,BOT,[T/C],38,2,107345984,-
2:108580704_B_F_552133468,2:108580704,TOP,[T/C],38,2,108115148,+
2:108819143_B_F_882442724,2:108819143,TOP,[C/A],38,2,108353587,+
rs697776666_B_F_872486062,rs697776666,BOT,[A/G],38,2,109319458,-
2:109917629_B_F_590134243,2:109917629,BOT,[A/G],38,2,109533510,-
rs227156214_B_F_934524197,rs227156214,TOP,[C/A],38,2,110714207,+
rs625341133_B_F_600061682,rs625341133,BOT,[A/G],38,2,110847716,-
rs316472090_B_F_468641021,rs316472090,BOT,[C/T],38,2,110850255,-
2:111401748_B_F_812142204,2:111401748,BOT,[T/C],38,2,111017629,-
rs214203038_B_F_656279684,rs214203038,TOP,[A/C],38,2,111152165,+
2:112483297_B_F_876406091,2:112483297,BOT,[I/D],38,2,112099178,-
rs184534360_B_F_175178184,rs184534360,BOT,[C/T],38,2,112125749,-
rs25724746_B_F_201129768,rs25724746,TOP,[T/C],38,2,113227593,+
2:113808112_B_F_828130740,2:113808112,TOP,[G/A],38,2,113342556,+
rs339272931_B_F_208710253,rs339272931,BOT,[T/G],38,2,113386651,-
rs254978404_B_F_429219773,rs254978404,BOT,[G/A],38,2,114323062,-
rs312143417_B_F_173447126,rs312143417,TOP,[T/C],38,2,114895366,+
rs411842791_B_F_821502374,rs411842791,BOT,[T/C],38,2,115737296,-
rs550780571_B_F_564654527,rs550780571,TOP,[I/D],38,2,115921433,+
2:116697261_B_F_467628003,2:116697261,TOP,[C/T],38,2,116231705,+
rs680032764_B_F_788186709,rs680032764,BOT,[C/T],38,2,117639243,-
rs59032732_B_F_762510167,rs59032732,BOT,[G/A],38,2,118263932,-
rs38931088_B_F_309120810,rs38931088,TOP,[T/C],38,2,118342246,+
rs817097562_B_F_749940540,rs817097562,TOP,[T/G],38,2,119528119,+
2:120384464_B_F_17104091,2:120384464,TOP,[T/C],38,2,119918908,+
rs858074294_B_F_455566383,rs858074294,BOT,[A/G],38,2,120604985,-
2:121174782_B_F_554083605,2:121174782,TOP,[T/C],38,2,120632160,+
rs213616530_B_F_539737700,rs213616530,TOP,[C/T],38,2,121243654,+
rs702943792_B_F_962709124,rs702943792,BOT,[T/C],38,2,121727400,-
rs164496623_B_F_491966885,rs164496623,TOP,[A/C],38,2,123003208,+
rs891232526_B_F_754703467,rs891232526,BOT,[A/G],38,2,123291881,-
rs201229760_B_F_644328922,rs201229760,BOT,[T/G],38,2,124047384,-
rs28389176_B_F_790485117,rs28389176,TOP,[G/T],38,2,124299844,+
2:125068977_B_F_330115798,2:125068977,TOP,[T/C],38,2,124603421,+
rs312073156_B_F_138181558,rs312073156,BOT,[G/A],38,2,124680166,-
rs188947975_B_F_111029378,rs188947975,BOT,[A/C],38,2,125917173,-
rs354738898_B_F_279960206,rs354738898,TOP,[T/C],38,2,126627158,+
rs737381417_B_F_215753650,rs737381417,TOP,[C/A],38,2,126664046,+
2:127220566_B_F_178294452,2:127220566,BOT,[T/C],38,2,126677944,-
rs838211844_B_F_449414303,rs838211844,BOT,[A/G],38,2,127174809,-
rs859100392_B_F_119729298,rs859100392,TOP,[T/C],38,2,127176451,+
rs93473722_B_F_176430899,rs93473722,BOT,[A/C],38,2,128726244,-
rs56828221_B_F_438393702,rs56828221,BOT,[T/C],38,2,129060131,-
rs297825744_B_F_610418150,rs297825744,BOT,[I/D],38,2,132949753,-
rs478270197_B_F_947637135,rs478270197,TOP,[T/C],38,2,132975520,+
rs151827843_B_F_247304941,rs151827843,BOT,[T/C],38,2,133151465,-
rs794297028_B_F_335212164,rs794297028,TOP,[G/T],38,2,133260661,+
2:133980647_B_F_366490272,2:133980647,TOP,[C/T],38,2,133596528,+
rs58051427_B_F_377121734,rs58051427,TOP,[A/G],38,2,133829820,+
2:134485565_B_F_92614135,2:134485565,TOP,[C/T],38,2,134101446,+
rs60892967_B_F_777233847,rs60892967,TOP,[C/A],38,2,134215847,+
rs564527715_B_F_831002576,rs564527715,TOP,[T/G],38,2,134266556,+
2:135203235_B_F_455338522,2:135203235,BOT,[G/A],38,2,134660613,-
rs759525879_B_F_888665453,rs759525879,TOP,[C/T],38,2,135039058,+
rs243635487_B_F_391389065,rs243635487,BOT,[A/C],38,2,135045855,-
rs705115308_B_F_994330352,rs705115308,BOT,[G/T],38,2,135652004,-
rs238549469_B_F_966961011,rs238549469,BOT,[A/G],38,2,136241623,-
rs737730136_B_F_668450125,rs737730136,TOP,[T/C],38,2,136615271,+
rs711643830_B_F_365297267,rs711643830,BOT,[G/A],38,2,136949108,-
rs378406991_B_F_494989532,rs378406991,TOP,[A/C],38,2,137292776,+
rs374399744_B_F_215779135,rs374399744,BOT,[T/C],38,2,137688683,-
rs832553797_B_F_315433638,rs832553797,TOP,[T/C],38,2,138422100,+
rs471495743_B_F_711345203,rs471495743,BOT,[A/C],38,2,139140201,-
rs379390612_B_F_853431627,rs379390612,BOT,[A/G],38,2,139280395,-
rs137611225_B_F_204959401,rs137611225,BOT,[I/D],38,2,139894551,-
2:140775669_B_F_51851837,2:140775669,BOT,[C/A],38,2,140310113,-
rs312176163_B_F_805943187,rs312176163,BOT,[C/T],38,2,140950041,-
rs47251271_B_F_553544983,rs47251271,BOT,[A/G],38,2,141078077,-
rs241207108_B_F_442000529,rs241207108,TOP,[A/G],38,2,141241072,+
rs473829655_B_F_192893378,rs473829655,TOP,[G/A],38,2,141332578,+
rs460188337_B_F_562498936,rs460188337,TOP,[T/G],38,2,141380956,+
rs725285839_B_F_720463115,rs725285839,BOT,[A/G],38,2,141496249,-
2:142107573_B_F_60484903,2:142107573,TOP,[A/C],38,2,141642017,+
rs833464211_B_F_589069396,rs833464211,TOP,[G/A],38,2,142360314,+
rs606865980_B_F_4688194,rs606865980,TOP,[G/A],38,2,143529545,+
2:144843132_B_F_395336268,2:144843132,TOP,[G/A],38,2,144300510,+
2:145437358_B_F_431463305,2:145437358,TOP,[C/T],38,2,145053239,+
rs713553094_B_F_84511408,rs713553094,BOT,[C/A],38,2,145113148,-
2:146476485_B_F_3549150,2:146476485,TOP,[C/T],38,2,145933863,+
rs368359527_B_F_1983680,rs368359527,BOT,[A/G],38,2,146124867,-
rs830924802_B_F_601269721,rs830924802,BOT,[G/A],38,2,149063374,-
rs507512155_B_F_922622326,rs507512155,BOT,[G/A],38,2,149447539,-
rs552766370_B_F_552336674,rs552766370,BOT,[C/T],38,2,150570689,-
rs748881741_B_F_276789775,rs748881741,TOP,[C/T],38,2,151015374,+
2:151473754_B_F_366609868,2:151473754,TOP,[A/G],38,2,151089635,+
2:151867853_B_F_12458985,2:151867853,TOP,[T/C],38,2,151325231,+
rs502261484_B_F_48179987,rs502261484,TOP,[A/G],38,2,151379374,+
rs739074204_B_F_283176435,rs739074204,BOT,[T/C],38,2,151769680,-
rs774500778_B_F_641058342,rs774500778,TOP,[A/C],38,2,152067201,+
rs851376462_B_F_293056694,rs851376462,BOT,[C/T],38,2,152544033,-
rs292059078_B_F_461409835,rs292059078,BOT,[C/T],38,2,152961019,-
rs782464422_B_F_506806298,rs782464422,BOT,[T/C],38,2,153295724,-
rs19962589_B_F_950241615,rs19962589,BOT,[C/A],38,2,153395302,-
rs165766436_B_F_612372600,rs165766436,TOP,[G/T],38,2,153595710,+
2:154780436_B_F_556704088,2:154780436,BOT,[C/T],38,2,154237814,-
rs399368314_B_F_937908272,rs399368314,TOP,[G/A],38,2,154401072,+
rs427624704_B_F_652079286,rs427624704,BOT,[A/G],38,2,154469626,-
rs187477910_B_F_511381808,rs187477910,BOT,[T/C],38,2,154483549,-
rs749757998_B_F_934218230,rs749757998,TOP,[C/T],38,2,154685557,+
rs402586867_B_F_790306370,rs402586867,TOP,[I/D],38,2,155826145,+
rs537669265_B_F_710063362,rs537669265,TOP,[I/D],38,2,156437965,+
2:157089240_B_F_20524861,2:157089240,TOP,[I/D],38,2,156546618,+
2:158099612_B_F_757396530,2:158099612,BOT,[C/T],38,2,157556990,-
rs80946137_B_F_436208502,rs80946137,TOP,[T/C],38,2,157560851,+
rs140931083_B_F_893005777,rs140931083,TOP,[I/D],38,2,158324236,+
rs33490132_B_F_406421091,rs33490132,BOT,[C/A],38,2,159275578,-
rs742312879_B_F_596231400,rs742312879,BOT,[G/T],38,2,159468780,-
rs103446973_B_F_194278412,rs103446973,TOP,[I/D],38,2,160019017,+
2:161211715_B_F_905095697,2:161211715,TOP,[G/A],38,2,160827596,+
rs404839354_B_F_730776151,rs404839354,BOT,[A/G],38,2,160918978,-
2:162509880_B_F_583014054,2:162509880,BOT,[A/G],38,2,162044324,-
2:162538844_B_F_231387014,2:162538844,TOP,[I/D],38,2,162154725,+
rs640038754_B_F_58872064,rs640038754,BOT,[C/T],38,2,162918693,-
rs703389591_B_F_695789438,rs703389591,BOT,[C/T],38,2,163130602,-
2:163852822_B_F_787641082,2:163852822,BOT,[C/T],38,2,163387266,-
rs681230415_B_F_515292843,rs681230415,BOT,[T/C],38,2,164252816,-
rs447644665_B_F_986404144,rs447644665,TOP,[C/T],38,2,164338804,+
rs183996903_B_F_320791008,rs183996903,TOP,[A/G],38,2,164449177,+
rs489836094_B_F_269307055,rs489836094,BOT,[A/G],38,2,165333130,-
2:166081993_B_F_426343838,2:166081993,TOP,[G/A],38,2,165539371,+
rs345311344_B_F_425139296,rs345311344,TOP,[T/C],38,2,165877830,+
rs605323808_B_F_158864791,rs605323808,TOP,[I/D],38,2,166094000,+
rs386875485_B_F_198604373,rs386875485,BOT,[T/G],38,2,166268934,-
2:167023847_B_F_894789754,2:167023847,BOT,[C/T],38,2,166481225,-
rs64169363_B_F_43743770,rs64169363,BOT,[A/G],38,2,167126009,-
rs1266900_B_F_259763368,rs1266900,TOP,[C/T],38,2,167234980,+
rs684906880_B_F_740398307,rs684906880,BOT,[C/T],38,2,167745168,-
2:168197973_B_F_440876526,2:168197973,BOT,[G/T],38,2,167813854,-
2:168425572_B_F_379175889,2:168425572,TOP,[T/C],38,2,167960016,+
rs284181054_B_F_483789659,rs284181054,TOP,[A/G],38,2,168123059,+
rs842387796_B_F_526084788,rs842387796,TOP,[I/D],38,2,168165232,+
2:168774522_B_F_873230654,2:168774522,TOP,[C/T],38,2,168308966,+
2:168742180_B_F_982137575,2:168742180,BOT,[I/D],38,2,168358061,-
rs352753834_B_F_351444079,rs352753834,BOT,[I/D],38,2,168504620,-
rs238629933_B_F_56140805,rs238629933,TOP,[G/A],38,2,168710557,+
rs517424851_B_F_256057534,rs517424851,BOT,[C/T],38,2,168745003,-
rs378248044_B_F_204577278,rs378248044,TOP,[A/G],38,2,168823569,+
rs662760803_B_F_67832808,rs662760803,TOP,[A/G],38,2,168963314,+
rs277040179_B_F_39094629,rs277040179,BOT,[A/G],38,2,169196995,-
2:169900230_B_F_231687239,2:169900230,TOP,[C/T],38,2,169434674,+
2:170692854_B_F_977463838,2:170692854,BOT,[I/D],38,2,170227298,-
rs360685972_B_F_761420753,rs360685972,BOT,[A/G],38,2,170389372,-
rs493658481_B_F_934694512,rs493658481,BOT,[T/G],38,2,170444065,-
rs429324640_B_F_771012708,rs429324640,TOP,[G/A],38,2,171654179,+
2:172769066_B_F_134137170,2:172769066,BOT,[T/C],38,2,172303510,-
rs612619311_B_F_249924686,rs612619311,BOT,[T/C],38,2,172313007,-
rs243991856_B_F_706292790,rs243991856,BOT,[C/T],38,2,172360006,-
rs861940826_B_F_431243617,rs861940826,TOP,[G/A],38,2,172449611,+
2:173270500_B_F_870407259,2:173270500,TOP,[T/C],38,2,172727878,+
rs426858064_B_F_876851598,rs426858064,TOP,[C/T],38,2,172888934,+
rs843468192_B_F_71288139,rs843468192,TOP,[I/D],38,2,172924823,+
2:173351757_B_F_699854211,2:173351757,TOP,[G/A],38,2,172967638,+
2:173542617_B_F_620020533,2:173542617,TOP,[I/D],38,2,172999995,+
2:173565967_B_F_950648836,2:173565967,TOP,[T/G],38,2,173023345,+
rs1633067_B_F_900541060,rs1633067,TOP,[I/D],38,2,173116878,+
rs371796613_B_F_19192142,rs371796613,TOP,[G/T],38,2,173370724,+
rs300532632_B_F_439089340,rs300532632,BOT,[I/D],38,2,173461129,-
rs44195261_B_F_997718577,rs44195261,TOP,[C/T],38,2,174082032,+
rs196747631_B_F_833187775,rs196747631,TOP,[G/A],38,2,174262925,+
rs877780348_B_F_845004980,rs877780348,TOP,[C/A],38,2,174959961,+
rs744388982_B_F_419502111,rs744388982,TOP,[C/T],38,2,175319149,+
rs2122723_B_F_692587153,rs2122723,BOT,[I/D],38,2,175736437,-
2:176288133_B_F_43171935,2:176288133,TOP,[T/C],38,2,175745511,+
rs480942452_B_F_534311822,rs480942452,TOP,[T/C],38,2,175781639,+
rs185937576_B_F_539458365,rs185937576,BOT,[C/T],38,2,176246691,-
rs370450999_B_F_570662369,rs370450999,BOT,[C/T],38,2,177260414,-
rs515685281_B_F_627852743,rs515685281,TOP,[A/G],38,2,177569388,+
rs830411334_B_F_201960728,rs830411334,TOP,[C/T],38,2,178348079,+
2:179339334_B_F_576855334,2:179339334,TOP,[C/T],38,2,178873778,+
rs684012107_B_F_17985096,rs684012107,BOT,[G/A],38,2,179312421,-
2:180076634_B_F_705595888,2:180076634,TOP,[C/T],38,2,179534012,+
rs60586050_B_F_908260411,rs60586050,TOP,[A/G],38,2,179687353,+
2:180251830_B_F_259207526,2:180251830,TOP,[C/T],38,2,179786274,+
rs394078606_B_F_159115808,rs394078606,BOT,[C/T],38,2,180023702,-
2:180761814_B_F_730031582,2:180761814,TOP,[G/A],38,2,180377695,+
2:181805031_B_F_551289080,2:181805031,BOT,[A/G],38,2,181262409,-
rs52413637_B_F_642389404,rs52413637,BOT,[A/G],38,2,181487286,-
rs623135462_B_F_692927207,rs623135462,TOP,[G/A],38,2,182398667,+
rs278192481_B_F_806214233,rs278192481,BOT,[C/T],38,2,183592628,-
2:184152911_B_F_793646697,2:184152911,TOP,[C/T],38,2,183768792,+
rs329963543_B_F_447777070,rs329963543,TOP,[G/A],38,2,184242116,+
rs760383365_B_F_121713104,rs760383365,TOP,[G/T],38,2,184280376,+
rs120762529_B_F_520049099,rs120762529,TOP,[G/A],38,2,184342777,+
rs618051056_B_F_41684453,rs618051056,BOT,[C/T],38,2,184936870,-
2:185784859_B_F_796760897,2:185784859,BOT,[C/T],38,2,185319303,-
2:185983108_B_F_876176191,2:185983108,BOT,[T/C],38,2,185440486,-
rs634382817_B_F_400126737,rs634382817,BOT,[T/G],38,2,185620889,-
rs263651711_B_F_635801348,rs263651711,TOP,[A/G],38,2,186445857,+
2:187414091_B_F_813325635,2:187414091,TOP,[T/C],38,2,186948535,+
rs468327187_B_F_42673332,rs468327187,BOT,[G/A],38,2,187363789,-
rs531830793_B_F_358869112,rs531830793,TOP,[A/G],38,2,187620847,+
rs158187492_B_F_96857549,rs158187492,BOT,[C/T],38,2,187635203,-
2:188309119_B_F_307664295,2:188309119,TOP,[A/G],38,2,187925000,+
2:189113368_B_F_954337416,2:189113368,BOT,[C/T],38,2,188647812,-
2:189121951_B_F_186383546,2:189121951,BOT,[C/T],38,2,188737832,-
2:191296460_B_F_471838119,2:191296460,BOT,[T/G],38,2,190830904,-
rs308095648_B_F_995753126,rs308095648,BOT,[T/C],38,2,191306591,-
2:192037097_B_F_182460323,2:192037097,TOP,[T/C],38,2,191571541,+
rs180783810_B_F_781771572,rs180783810,TOP,[G/A],38,2,191756690,+
rs308811110_B_F_122547632,rs308811110,BOT,[G/A],38,2,192177509,-
rs879413221_B_F_423506508,rs879413221,BOT,[G/T],38,2,192468702,-
rs753838862_B_F_827251801,rs753838862,TOP,[T/C],38,2,192479338,+
rs866149029_B_F_771461538,rs866149029,TOP,[C/T],38,2,193525859,+
2:194932482_B_F_583397058,2:194932482,TOP,[G/A],38,2,194389860,+
rs609184613_B_F_189417226,rs609184613,BOT,[T/C],38,2,194516620,-
rs64003546_B_F_598869741,rs64003546,TOP,[A/G],38,2,194603659,+
rs57524825_B_F_299643226,rs57524825,BOT,[C/T],38,2,195341649,-
2:195746443_B_F_574302048,2:195746443,TOP,[C/T],38,2,195362324,+
rs24759766_B_F_807068811,rs24759766,BOT,[C/T],38,2,195671363,-
rs397379636_B_F_832184623,rs397379636,TOP,[A/G],38,2,195861747,+
rs593153290_B_F_204440138,rs593153290,TOP,[G/A],38,2,196260096,+
rs618354410_B_F_125610081,rs618354410,TOP,[C/A],38,2,196642282,+
rs314998298_B_F_477834766,rs314998298,BOT,[C/A],38,2,197308812,-
rs414226840_B_F_581319828,rs414226840,BOT,[I/D],38,2,198261179,-
rs18874015_B_F_720775756,rs18874015,TOP,[T/G],38,2,198305979,+
rs747247192_B_F_353903673,rs747247192,TOP,[C/T],38,2,198768003,+
2:199176415_B_F_120472825,2:199176415,TOP,[T/C],38,2,198792296,+
rs47242367_B_F_63142650,rs47242367,TOP,[G/A],38,2,198835198,+
2:199605368_B_F_707388934,2:199605368,BOT,[C/T],38,2,199221249,-
rs33004941_B_F_459720793,rs33004941,TOP,[G/A],38,2,200680510,+
2:202231972_B_F_220145219,2:202231972,TOP,[I/D],38,2,201689350,+
rs347362986_B_F_388131248,rs347362986,BOT,[G/T],38,2,203304541,-
2:204833153_B_F_647010281,2:204833153,TOP,[A/G],38,2,204367597,+
rs762298672_B_F_949864084,rs762298672,TOP,[C/T],38,2,204518611,+
rs726673400_B_F_954298968,rs726673400,BOT,[T/G],38,2,204774385,-
rs115875000_B_F_54885586,rs115875000,BOT,[T/G],38,2,205630350,-
2:206103303_B_F_390703729,2:206103303,BOT,[T/C],38,2,205637747,-
2:208473229_B_F_764176979,2:208473229,BOT,[C/T],38,2,207930607,-
2:208475040_B_F_206799467,2:208475040,BOT,[T/C],38,2,208009484,-
rs546743770_B_F_235382040,rs546743770,BOT,[T/C],38,2,208124984,-
rs209672674_B_F_467819550,rs209672674,BOT,[C/T],38,2,208165854,-
rs18749807_B_F_688173723,rs18749807,BOT,[T/G],38,2,208468470,-
rs815523147_B_F_187867209,rs815523147,BOT,[I/D],38,2,208861937,-
rs609470115_B_F_813218124,rs609470115,TOP,[G/A],38,2,209328026,+
rs430628620_B_F_244456675,rs430628620,BOT,[A/G],38,2,210592537,-
2:211129740_B_F_358380083,2:211129740,TOP,[G/A],38,2,210664184,+
2:211195718_B_F_585497190,2:211195718,BOT,[C/T],38,2,210811599,-
rs352407880_B_F_782006327,rs352407880,TOP,[G/T],38,2,211013396,+
2:211830227_B_F_648493492,2:211830227,BOT,[A/G],38,2,211364671,-
2:212268402_B_F_192218655,2:212268402,BOT,[A/G],38,2,211725780,-
rs399012689_B_F_158631785,rs399012689,TOP,[C/T],38,2,212076572,+
rs586644046_B_F_575850937,rs586644046,TOP,[C/T],38,2,212253251,+
2:212840334_B_F_26935996,2:212840334,TOP,[C/T],38,2,212374778,+
rs198416958_B_F_108696928,rs198416958,TOP,[T/G],38,2,212988384,+
rs745615896_B_F_387213814,rs745615896,BOT,[C/T],38,2,214128542,-
rs387559419_B_F_260160420,rs387559419,TOP,[G/A],38,2,215378927,+
rs123926460_B_F_894846015,rs123926460,BOT,[A/G],38,2,215564716,-
rs138356412_B_F_771813465,rs138356412,TOP,[G/A],38,2,215961413,+
rs406848164_B_F_802782628,rs406848164,TOP,[G/A],38,2,215975126,+
2:216397007_B_F_930021507,2:216397007,BOT,[C/T],38,2,216012888,-
2:216573565_B_F_286373590,2:216573565,TOP,[T/G],38,2,216108009,+
rs714505344_B_F_969952095,rs714505344,TOP,[C/T],38,2,216689490,+
rs213658383_B_F_629733988,rs213658383,TOP,[T/C],38,2,216925183,+
rs225652703_B_F_739055863,rs225652703,BOT,[C/T],38,2,217064297,-
rs402751869_B_F_763493085,rs402751869,TOP,[G/A],38,2,217173575,+
2:218434016_B_F_881330502,2:218434016,BOT,[A/G],38,2,217891394,-
rs162683564_B_F_574109715,rs162683564,TOP,[C/A],38,2,218286495,+
rs203486266_B_F_733908697,rs203486266,TOP,[C/T],38,2,218964484,+
rs833847556_B_F_931882786,rs833847556,TOP,[I/D],38,2,219728208,+
2:220157409_B_F_637140474,2:220157409,BOT,[G/A],38,2,219773290,-
rs707777273_B_F_933330765,rs707777273,BOT,[T/G],38,2,220008355,-
2:221436478_B_F_961344934,2:221436478,BOT,[T/C],38,2,220970922,-
rs576793576_B_F_627211175,rs576793576,TOP,[C/T],38,2,221386653,+
2:222284784_B_F_217143129,2:222284784,TOP,[T/C],38,2,221819228,+
2:223255171_B_F_246668690,2:223255171,BOT,[G/A],38,2,222712549,-
rs42219262_B_F_867974252,rs42219262,TOP,[A/G],38,2,222844776,+
2:223927891_B_F_982041563,2:223927891,BOT,[A/C],38,2,223543772,-
rs265508441_B_F_778435892,rs265508441,BOT,[T/G],38,2,224096499,-
rs304451361_B_F_511454435,rs304451361,BOT,[A/G],38,2,224313411,-
rs877621004_B_F_314595673,rs877621004,TOP,[I/D],38,2,224365171,+
rs425668295_B_F_683400084,rs425668295,TOP,[G/T],38,2,224769976,+
rs343883538_B_F_623897884,rs343883538,BOT,[G/A],38,2,224872829,-
rs539260660_B_F_268630403,rs539260660,TOP,[C/T],38,2,225785548,+
rs226799056_B_F_249129182,rs226799056,BOT,[G/T],38,2,225895079,-
rs333910814_B_F_565165582,rs333910814,BOT,[G/A],38,2,225992449,-
rs144482008_B_F_21079141,rs144482008,TOP,[I/D],38,2,226235982,+
rs465830918_B_F_717940746,rs465830918,TOP,[T/G],38,2,226257500,+
rs319137691_B_F_984913716,rs319137691,TOP,[C/T],38,2,226796327,+
rs570355316_B_F_436072785,rs570355316,TOP,[C/A],38,2,227114817,+
rs196625258_B_F_591824946,rs196625258,TOP,[A/C],38,2,227362344,+
rs483984759_B_F_819736804,rs483984759,TOP,[G/A],38,2,227365504,+
rs453568095_B_F_643994367,rs453568095,TOP,[G/A],38,2,227406818,+
rs890779755_B_F_589873047,rs890779755,TOP,[A/C],38,2,227613580,+
2:228638483_B_F_719204542,2:228638483,BOT,[G/A],38,2,228172927,-
rs651237124_B_F_578580561,rs651237124,BOT,[T/C],38,2,228591125,-
rs375495160_B_F_350019158,rs375495160,TOP,[A/G],38,2,229160894,+
rs564095725_B_F_775848646,rs564095725,TOP,[C/T],38,2,230376561,+
rs847094431_B_F_469934424,rs847094431,TOP,[G/T],38,2,230449419,+
rs633467769_B_F_199283867,rs633467769,TOP,[I/D],38,2,231032063,+
rs658575128_B_F_422918805,rs658575128,TOP,[A/G],38,2,231451906,+
rs224586342_B_F_958401294,rs224586342,TOP,[A/C],38,2,232543615,+
rs775627267_B_F_812301195,rs775627267,BOT,[G/A],38,2,232561709,-
rs240569695_B_F_108070443,rs240569695,TOP,[T/C],38,2,232857383,+
2:233623477_B_F_302849581,2:233623477,TOP,[T/C],38,2,233080855,+
rs325374063_B_F_167967264,rs325374063,TOP,[G/A],38,2,233629586,+
rs787693835_B_F_807303372,rs787693835,TOP,[T/C],38,2,233643490,+
2:234116324_B_F_531260447,2:234116324,BOT,[A/T],38,2,233650768,-
2:234059797_B_F_597991411,2:234059797,BOT,[G/A],38,2,233675678,-
rs386328868_B_F_269359023,rs386328868,TOP,[C/T],38,2,233690650,+
2:234259694_B_F_694101269,2:234259694,BOT,[I/D],38,2,233717072,-
rs530770222_B_F_987995665,rs530770222,TOP,[G/C],38,2,233755003,+
rs355263292_B_F_699355497,rs355263292,TOP,[C/T],38,2,233761914,+
rs164425292_B_F_179329364,rs164425292,BOT,[I/D],38,2,233793813,-
2:234284721_B_F_998050712,2:234284721,TOP,[G/A],38,2,233900602,+
rs126874627_B_F_389634267,rs126874627,BOT,[G/T],38,2,233952588,-
2:234469038_B_F_508396845,2:234469038,BOT,[C/T],38,2,234084919,-
rs364675744_B_F_802365833,rs364675744,TOP,[T/C],38,2,234087090,+
rs776227555_B_F_525534252,rs776227555,BOT,[A/G],38,2,234093597,-
rs83959149_B_F_934244872,rs83959149,BOT,[G/A],38,2,234533880,-
2:235036281_B_F_147571791,2:235036281,TOP,[T/C],38,2,234570725,+
rs817605787_B_F_623111739,rs817605787,BOT,[C/A],38,2,234714650,-
rs33443420_B_F_26970272,rs33443420,TOP,[G/A],38,2,235573928,+
rs282399320_B_F_799040440,rs282399320,BOT,[A/G],38,2,235671216,-
2:236503068_B_F_884033405,2:236503068,TOP,[I/D],38,2,236118949,+
rs723832330_B_F_228844377,rs723832330,BOT,[C/T],38,2,236143831,-
rs540424042_B_F_350399241,rs540424042,TOP,[A/G],38,2,236834054,+
2:237813970_B_F_38461160,2:237813970,BOT,[G/T],38,2,237271348,-
rs351870002_B_F_384073351,rs351870002,TOP,[C/A],38,2,238397627,+
2:239105463_B_F_673046901,2:239105463,BOT,[T/C],38,2,238562841,-
rs50563329_B_F_544153466,rs50563329,BOT,[T/C],38,2,238563483,-
rs32062840_B_F_528046019,rs32062840,TOP,[G/A],38,2,238638387,+
2:239141188_B_F_799204114,2:239141188,TOP,[A/G],38,2,238757069,+
rs820820943_B_F_242124522,rs820820943,BOT,[C/A],38,2,238765328,-
2:239579264_B_F_679842221,2:239579264,TOP,[G/A],38,2,239195145,+
2:239583497_B_F_67681219,2:239583497,TOP,[A/G],38,2,239199378,+
2:239673119_B_F_570787593,2:239673119,TOP,[C/A],38,2,239207563,+
rs608993987_B_F_248252274,rs608993987,TOP,[T/C],38,2,239757282,+
rs355121334_B_F_767390834,rs355121334,TOP,[C/T],38,2,240285925,+
rs108088924_B_F_965775133,rs108088924,BOT,[T/C],38,2,240618980,-
2:241517395_B_F_854478822,2:241517395,TOP,[C/A],38,2,241133276,+
2:241731451_B_F_170722438,2:241731451,TOP,[G/A],38,2,241347332,+
rs468244411_B_F_167859288,rs468244411,BOT,[A/G],38,2,241688318,-
rs60570290_B_F_53547340,rs60570290,TOP,[A/G],38,3,234193,+
3:898350_B_F_754417073,3:898350,TOP,[C/T],38,3,355728,+
rs169721443_B_F_852236320,rs169721443,TOP,[G/A],38,3,362975,+
3:947005_B_F_842475629,3:947005,BOT,[A/G],38,3,481449,-
rs147356197_B_F_986869346,rs147356197,TOP,[T/C],38,3,872610,+
3:1550502_B_F_528888587,3:1550502,TOP,[G/A],38,3,1084946,+
rs231788021_B_F_359034554,rs231788021,BOT,[A/C],38,3,1150043,-
3:1616151_B_F_679621386,3:1616151,BOT,[G/T],38,3,1232032,-
rs820803343_B_F_497453409,rs820803343,TOP,[G/A],38,3,1404826,+
3:1872467_B_F_956017980,3:1872467,TOP,[A/C],38,3,1406911,+
rs179361007_B_F_978208028,rs179361007,BOT,[G/T],38,3,1666066,-
rs675956816_B_F_288256152,rs675956816,TOP,[G/A],38,3,1730586,+
rs237434345_B_F_53737963,rs237434345,BOT,[A/G],38,3,1766869,-
rs449046049_B_F_9022369,rs449046049,TOP,[T/C],38,3,2757506,+
rs704961750_B_F_13364164,rs704961750,TOP,[I/D],38,3,2839450,+
rs660440854_B_F_52080848,rs660440854,BOT,[A/G],38,3,2843103,-
rs443579069_B_F_147510270,rs443579069,TOP,[A/G],38,3,3001392,+
rs569162641_B_F_257416111,rs569162641,BOT,[A/G],38,3,3008722,-
rs391935782_B_F_601402486,rs391935782,TOP,[T/G],38,3,3078887,+
rs282065489_B_F_981803238,rs282065489,BOT,[C/A],38,3,3119447,-
rs38710467_B_F_834272252,rs38710467,BOT,[T/C],38,3,3320781,-
rs537681757_B_F_555860764,rs537681757,BOT,[G/A],38,3,3543535,-
rs96340641_B_F_596453634,rs96340641,TOP,[C/A],38,3,3787377,+
rs681315793_B_F_481658440,rs681315793,TOP,[C/T],38,3,3817367,+
3:4365830_B_F_819349356,3:4365830,TOP,[C/T],38,3,3823208,+
rs842171797_B_F_549462844,rs842171797,TOP,[T/G],38,3,4608210,+
3:5199203_B_F_437824122,3:5199203,BOT,[T/C],38,3,4733647,-
rs435107859_B_F_225579139,rs435107859,TOP,[G/A],38,3,4780178,+
rs490356918_B_F_654148334,rs490356918,TOP,[I/D],38,3,5123291,+
rs783396063_B_F_617645412,rs783396063,BOT,[G/A],38,3,5333926,-
rs328702923_B_F_908075103,rs328702923,TOP,[G/A],38,3,5335532,+
rs60142725_B_F_736007660,rs60142725,BOT,[A/C],38,3,5455872,-
rs263651686_B_F_962787368,rs263651686,BOT,[T/C],38,3,6007569,-
rs290480694_B_F_115563389,rs290480694,TOP,[G/A],38,3,6631180,+
rs511957657_B_F_599023571,rs511957657,TOP,[G/A],38,3,6773591,+
3:7273300_B_F_745088761,3:7273300,TOP,[T/C],38,3,6807744,+
rs729862102_B_F_285790756,rs729862102,TOP,[A/G],38,3,7539750,+
rs695059261_B_F_692448258,rs695059261,TOP,[T/C],38,3,7561507,+
rs224801395_B_F_949336264,rs224801395,TOP,[G/A],38,3,7956607,+
rs680194510_B_F_342674646,rs680194510,TOP,[A/G],38,3,8300893,+
3:9069251_B_F_486698192,3:9069251,TOP,[A/G],38,3,8603695,+
3:9076904_B_F_848591074,3:9076904,TOP,[A/G],38,3,8692785,+
rs583873996_B_F_445867144,rs583873996,TOP,[A/G],38,3,8735462,+
rs323785228_B_F_386521849,rs323785228,BOT,[I/D],38,3,8749541,-
3:9472024_B_F_602594419,3:9472024,BOT,[C/T],38,3,9006468,-
rs389362482_B_F_476788868,rs389362482,BOT,[C/T],38,3,9030444,-
rs276842462_B_F_720450189,rs276842462,TOP,[C/A],38,3,9048839,+
rs541436753_B_F_311720711,rs541436753,TOP,[G/A],38,3,9254503,+
rs752855623_B_F_429244508,rs752855623,TOP,[I/D],38,3,9686760,+
rs771988868_B_F_236851438,rs771988868,TOP,[T/G],38,3,9716401,+
rs191550962_B_F_277383516,rs191550962,BOT,[G/A],38,3,10233791,-
rs83954032_B_F_314170125,rs83954032,TOP,[G/T],38,3,10340853,+
rs301488580_B_F_961994857,rs301488580,BOT,[A/G],38,3,10518821,-
rs105513317_B_F_984962866,rs105513317,TOP,[G/A],38,3,10830175,+
rs496284165_B_F_814459240,rs496284165,TOP,[T/C],38,3,10835926,+
rs746232029_B_F_815827913,rs746232029,TOP,[A/G],38,3,10937308,+
3:11724602_B_F_226881506,3:11724602,BOT,[T/C],38,3,11340483,-
rs197533059_B_F_249082529,rs197533059,BOT,[G/A],38,3,11369395,-
rs8420740_B_F_216453019,rs8420740,TOP,[C/T],38,3,11756162,+
rs643300664_B_F_496419370,rs643300664,TOP,[A/G],38,3,11757727,+
3:12724535_B_F_660973834,3:12724535,BOT,[G/A],38,3,12181913,-
rs755273687_B_F_792306182,rs755273687,TOP,[T/C],38,3,12270718,+
rs650990120_B_F_670219511,rs650990120,BOT,[C/T],38,3,12513334,-
rs327899753_B_F_756444381,rs327899753,TOP,[A/G],38,3,12707886,+
rs530807896_B_F_512420492,rs530807896,TOP,[G/T],38,3,12756248,+
rs632962685_B_F_930967496,rs632962685,TOP,[T/C],38,3,12913656,+
rs541528697_B_F_113846489,rs541528697,BOT,[A/G],38,3,13184580,-
rs578132337_B_F_534708058,rs578132337,TOP,[T/C],38,3,13191056,+
3:14227859_B_F_921592786,3:14227859,TOP,[A/G],38,3,13685237,+
rs371769391_B_F_627604465,rs371769391,BOT,[G/T],38,3,13784555,-
rs469722432_B_F_585024249,rs469722432,TOP,[T/G],38,3,14142514,+
rs28976973_B_F_552701430,rs28976973,BOT,[T/C],38,3,14472013,-
rs849979495_B_F_785833711,rs849979495,TOP,[A/G],38,3,15631148,+
rs463142914_B_F_52059488,rs463142914,TOP,[G/A],38,3,16669054,+
rs414378629_B_F_64180026,rs414378629,TOP,[G/A],38,3,17056939,+
rs635034918_B_F_196029452,rs635034918,TOP,[C/T],38,3,17141702,+
rs750846769_B_F_398930898,rs750846769,TOP,[C/T],38,3,17240269,+
rs457643909_B_F_455582040,rs457643909,TOP,[A/C],38,3,18247575,+
rs17841934_B_F_939116358,rs17841934,BOT,[I/D],38,3,18841090,-
3:20589520_B_F_906871532,3:20589520,BOT,[T/C],38,3,20123964,-
rs492704470_B_F_995986677,rs492704470,TOP,[G/A],38,3,20846425,+
rs172099693_B_F_136455258,rs172099693,BOT,[I/D],38,3,21199656,-
rs788597709_B_F_16644791,rs788597709,TOP,[C/A],38,3,21740778,+
3:22253028_B_F_455427683,3:22253028,BOT,[C/T],38,3,21787472,-
rs861521812_B_F_669940178,rs861521812,TOP,[I/D],38,3,21855648,+
3:22668489_B_F_670064117,3:22668489,TOP,[C/T],38,3,22125867,+
3:22627841_B_F_541392261,3:22627841,TOP,[T/G],38,3,22162285,+
rs536729952_B_F_804836279,rs536729952,TOP,[G/A],38,3,22289898,+
rs697325400_B_F_780709916,rs697325400,TOP,[T/C],38,3,22541996,+
rs476499457_B_F_276858668,rs476499457,TOP,[C/T],38,3,23656761,+
rs492922034_B_F_305438005,rs492922034,BOT,[A/G],38,3,23723525,-
rs834919475_B_F_571202583,rs834919475,TOP,[G/A],38,3,23727375,+
rs245904150_B_F_426218395,rs245904150,TOP,[T/C],38,3,24010534,+
rs621708964_B_F_312394852,rs621708964,BOT,[T/C],38,3,24902335,-
3:25647459_B_F_259192521,3:25647459,BOT,[A/G],38,3,25104837,-
3:25956000_B_F_103221982,3:25956000,TOP,[C/T],38,3,25571881,+
rs547779460_B_F_20156319,rs547779460,TOP,[T/C],38,3,25837398,+
3:28212845_B_F_569263336,3:28212845,TOP,[T/C],38,3,27747289,+
rs340948735_B_F_396723511,rs340948735,TOP,[I/D],38,3,28026818,+
rs827069161_B_F_908376237,rs827069161,TOP,[G/T],38,3,28388500,+
rs549953682_B_F_579188035,rs549953682,TOP,[C/T],38,3,28582836,+
rs647885592_B_F_355804771,rs647885592,BOT,[C/T],38,3,28703648,-
rs399447941_B_F_134163421,rs399447941,BOT,[A/G],38,3,28941859,-
rs222252335_B_F_727539347,rs222252335,TOP,[C/T],38,3,29197108,+
rs330290248_B_F_386143884,rs330290248,BOT,[C/T],38,3,29339819,-
rs413269059_B_F_94056240,rs413269059,TOP,[T/C],38,3,29596466,+
rs445149875_B_F_968782344,rs445149875,TOP,[G/T],38,3,29802085,+
3:31350119_B_F_692235272,3:31350119,TOP,[I/D],38,3,30807497,+
rs232399000_B_F_360182069,rs232399000,TOP,[C/T],38,3,31218317,+
rs130552923_B_F_561529107,rs130552923,TOP,[A/G],38,3,31221135,+
rs144279958_B_F_830877656,rs144279958,TOP,[I/D],38,3,32216080,+
rs469788679_B_F_235375209,rs469788679,BOT,[T/C],38,3,32245299,-
3:32853279_B_F_450907491,3:32853279,BOT,[C/A],38,3,32469160,-
rs82816825_B_F_391854951,rs82816825,BOT,[A/G],38,3,32625924,-
rs551462384_B_F_818706386,rs551462384,BOT,[A/G],38,3,33137832,-
rs469703179_B_F_155503870,rs469703179,TOP,[T/C],38,3,34392386,+
3:35147678_B_F_778312490,3:35147678,BOT,[A/G],38,3,34682122,-
rs264561548_B_F_724504402,rs264561548,TOP,[T/C],38,3,35005321,+
3:36438499_B_F_611140107,3:36438499,BOT,[C/A],38,3,35895877,-
rs610866653_B_F_751174558,rs610866653,BOT,[T/C],38,3,36149082,-
3:36845609_B_F_859457149,3:36845609,TOP,[A/G],38,3,36302987,+
3:37322446_B_F_752422001,3:37322446,BOT,[T/C],38,3,36856890,-
3:37432300_B_F_902262631,3:37432300,BOT,[A/G],38,3,36966744,-
rs708032464_B_F_421937669,rs708032464,BOT,[T/C],38,3,37736690,-
rs441510130_B_F_498683472,rs441510130,BOT,[C/T],38,3,38142879,-
rs669285965_B_F_589389395,rs669285965,BOT,[T/C],38,3,38324743,-
3:39026920_B_F_728801656,3:39026920,TOP,[A/G],38,3,38561364,+
rs514984142_B_F_396355526,rs514984142,TOP,[C/T],38,3,38585437,+
rs133163734_B_F_943419607,rs133163734,TOP,[T/A],38,3,38616408,+
rs840359469_B_F_834255915,rs840359469,BOT,[T/C],38,3,39334739,-
rs49783793_B_F_813440206,rs49783793,TOP,[C/T],38,3,39467949,+
rs744714817_B_F_510598891,rs744714817,TOP,[C/T],38,3,40131177,+
rs386013139_B_F_504102894,rs386013139,TOP,[G/A],38,3,40197992,+
rs196363797_B_F_866187986,rs196363797,BOT,[A/G],38,3,40224866,-
3:41485109_B_F_440920852,3:41485109,BOT,[C/T],38,3,40942487,-
rs729494014_B_F_52446213,rs729494014,TOP,[G/A],38,3,42031838,+
rs676176846_B_F_322396867,rs676176846,TOP,[C/A],38,3,42261819,+
rs281666890_B_F_685349691,rs281666890,BOT,[G/A],38,3,42334996,-
rs76001260_B_F_782424414,rs76001260,TOP,[A/G],38,3,42385544,+
rs39828042_B_F_730070147,rs39828042,TOP,[C/A],38,3,42396584,+
rs321700613_B_F_751698259,rs321700613,TOP,[C/T],38,3,43869380,+
rs269379846_B_F_519166027,rs269379846,BOT,[G/A],38,3,44247523,-
3:45810017_B_F_742857830,3:45810017,TOP,[A/G],38,3,45267395,+
rs94501516_B_F_153038828,rs94501516,TOP,[C/A],38,3,45865386,+
rs270447492_B_F_926304424,rs270447492,TOP,[A/G],38,3,46370051,+
rs587026663_B_F_814683863,rs587026663,BOT,[T/C],38,3,46443878,-
rs177849147_B_F_802121007,rs177849147,TOP,[C/T],38,3,46826344,+
rs821361558_B_F_220340997,rs821361558,TOP,[T/C],38,3,46853707,+
3:49130455_B_F_895025824,3:49130455,TOP,[C/T],38,3,48587833,+
rs523203847_B_F_980853480,rs523203847,BOT,[T/C],38,3,49473498,-
rs304461444_B_F_462915726,rs304461444,BOT,[C/T],38,3,50001870,-
rs541622218_B_F_894664786,rs541622218,BOT,[A/T],38,3,52786965,-
rs218160838_B_F_383285352,rs218160838,BOT,[G/A],38,3,53100082,-
rs222680462_B_F_381455702,rs222680462,TOP,[I/D],38,3,53914289,+
rs126326055_B_F_273213279,rs126326055,BOT,[T/C],38,3,54250786,-
rs701332817_B_F_362805863,rs701332817,BOT,[C/T],38,3,54317097,-
3:54980990_B_F_823028836,3:54980990,BOT,[A/G],38,3,54596871,-
rs76397873_B_F_438983289,rs76397873,BOT,[A/G],38,3,55034487,-
rs570735761_B_F_31898535,rs570735761,TOP,[T/C],38,3,55165239,+
3:55994727_B_F_692203360,3:55994727,TOP,[A/C],38,3,55452105,+
rs648828387_B_F_314358273,rs648828387,TOP,[I/D],38,3,55571333,+
3:56606913_B_F_303295409,3:56606913,TOP,[C/T],38,3,56222794,+
rs809420729_B_F_950582416,rs809420729,TOP,[T/G],38,3,56296373,+
rs35335315_B_F_294161653,rs35335315,BOT,[C/T],38,3,56727622,-
rs885653400_B_F_989445397,rs885653400,BOT,[T/C],38,3,56840005,-
rs230395584_B_F_263651654,rs230395584,TOP,[G/A],38,3,56892138,+
rs19628561_B_F_434645230,rs19628561,TOP,[A/C],38,3,58457336,+
rs351350801_B_F_168767083,rs351350801,BOT,[T/G],38,3,58999729,-
rs143880952_B_F_547061991,rs143880952,TOP,[G/A],38,3,59249092,+
3:59892787_B_F_547158693,3:59892787,TOP,[I/D],38,3,59427231,+
3:60318054_B_F_402820350,3:60318054,BOT,[G/A],38,3,59775432,-
rs754958209_B_F_192784078,rs754958209,BOT,[I/D],38,3,59828532,-
rs626230033_B_F_914616204,rs626230033,TOP,[T/C],38,3,59943124,+
rs566441737_B_F_20767460,rs566441737,TOP,[A/C],38,3,60264336,+
rs48912593_B_F_812904281,rs48912593,TOP,[T/C],38,3,60511373,+
3:61023440_B_F_960078254,3:61023440,TOP,[C/T],38,3,60557884,+
rs646899383_B_F_539296118,rs646899383,TOP,[A/G],38,3,61269744,+
rs663315328_B_F_472942526,rs663315328,TOP,[T/C],38,3,61542596,+
rs204378062_B_F_245593598,rs204378062,TOP,[G/A],38,3,62007992,+
rs162504950_B_F_407316806,rs162504950,TOP,[G/A],38,3,62062955,+
rs779422839_B_F_845301730,rs779422839,TOP,[C/T],38,3,62067235,+
rs709551293_B_F_740256119,rs709551293,TOP,[C/T],38,3,62286952,+
rs74751525_B_F_263826819,rs74751525,BOT,[I/D],38,3,62495388,-
rs784195497_B_F_295643669,rs784195497,TOP,[T/C],38,3,62611817,+
3:63755669_B_F_849857148,3:63755669,TOP,[G/A],38,3,63371550,+
rs155754130_B_F_399911328,rs155754130,BOT,[A/G],38,3,63488228,-
rs399388497_B_F_504101066,rs399388497,BOT,[T/G],38,3,63539612,-
3:64140026_B_F_602571257,3:64140026,TOP,[G/A],38,3,63755907,+
rs187085860_B_F_418982062,rs187085860,TOP,[G/A],38,3,64163491,+
rs255567228_B_F_600291801,rs255567228,TOP,[C/T],38,3,64188225,+
rs88406225_B_F_769638588,rs88406225,TOP,[C/T],38,3,64309247,+
rs392986599_B_F_453616932,rs392986599,TOP,[G/T],38,3,64471391,+
3:65038607_B_F_716016351,3:65038607,TOP,[A/G],38,3,64495985,+
rs109278177_B_F_571106927,rs109278177,BOT,[G/A],38,3,64693289,-
rs245174406_B_F_739523138,rs245174406,TOP,[T/C],38,3,65112627,+
rs810666145_B_F_391773361,rs810666145,BOT,[A/G],38,3,65161949,-
rs386727306_B_F_416858273,rs386727306,TOP,[T/C],38,3,65169113,+
3:65777392_B_F_478557438,3:65777392,TOP,[I/D],38,3,65234770,+
rs525578602_B_F_877680208,rs525578602,TOP,[T/G],38,3,65333046,+
rs276037934_B_F_108709497,rs276037934,TOP,[C/T],38,3,65415410,+
3:65800201_B_F_978706150,3:65800201,TOP,[T/C],38,3,65416082,+
3:65859979_B_F_615594297,3:65859979,BOT,[A/G],38,3,65475860,-
rs151951918_B_F_764129456,rs151951918,TOP,[T/G],38,3,67021220,+
3:68887882_B_F_651079900,3:68887882,TOP,[I/D],38,3,68422326,+
3:68977614_B_F_718649568,3:68977614,BOT,[T/C],38,3,68512058,-
rs127545612_B_F_659879292,rs127545612,BOT,[C/T],38,3,68538155,-
rs28396398_B_F_914298838,rs28396398,BOT,[C/T],38,3,68876627,-
rs328109788_B_F_976339026,rs328109788,TOP,[C/T],38,3,69467169,+
rs819323452_B_F_124198667,rs819323452,TOP,[T/C],38,3,69572649,+
rs853907872_B_F_984621231,rs853907872,TOP,[A/G],38,3,69754177,+
rs315032860_B_F_599605600,rs315032860,BOT,[C/T],38,3,69863623,-
rs21514576_B_F_147785616,rs21514576,TOP,[C/T],38,3,70032857,+
rs99802997_B_F_236173641,rs99802997,BOT,[T/C],38,3,70202844,-
rs802398302_B_F_67806276,rs802398302,BOT,[G/A],38,3,70619547,-
rs394170303_B_F_4685902,rs394170303,BOT,[G/T],38,3,70879779,-
rs547210737_B_F_40538727,rs547210737,BOT,[I/D],38,3,70927347,-
rs831152621_B_F_502833044,rs831152621,BOT,[I/D],38,3,72284310,-
rs297354102_B_F_271996052,rs297354102,BOT,[A/G],38,3,72343159,-
3:73076984_B_F_672260189,3:73076984,TOP,[C/T],38,3,72611428,+
rs625119887_B_F_652116923,rs625119887,TOP,[A/G],38,3,73587195,+
rs778657612_B_F_231059813,rs778657612,TOP,[G/A],38,3,73719777,+
3:74397102_B_F_666377150,3:74397102,TOP,[C/T],38,3,73854480,+
3:74240409_B_F_913677298,3:74240409,TOP,[A/G],38,3,73856290,+
rs622521166_B_F_348480313,rs622521166,BOT,[A/G],38,3,73871660,-
rs176055109_B_F_909860785,rs176055109,BOT,[C/T],38,3,73955708,-
3:74592597_B_F_187325388,3:74592597,BOT,[A/G],38,3,74049975,-
rs636853288_B_F_411650614,rs636853288,TOP,[C/T],38,3,74322785,+
rs357633363_B_F_131543217,rs357633363,TOP,[C/T],38,3,74447964,+
rs621843760_B_F_156863492,rs621843760,BOT,[C/A],38,3,75357994,-
3:75942129_B_F_260603088,3:75942129,BOT,[C/T],38,3,75476573,-
rs885707698_B_F_588967453,rs885707698,TOP,[I/D],38,3,76201597,+
rs560031147_B_F_529160078,rs560031147,BOT,[C/A],38,3,76364058,-
rs98159711_B_F_547461153,rs98159711,BOT,[T/G],38,3,77008809,-
rs93309440_B_F_311127077,rs93309440,TOP,[C/T],38,3,77273183,+
rs223510562_B_F_316390342,rs223510562,BOT,[G/T],38,3,77476437,-
3:78012825_B_F_683355442,3:78012825,BOT,[C/T],38,3,77628706,-
rs678182273_B_F_179759982,rs678182273,BOT,[G/A],38,3,78096213,-
rs40816863_B_F_601838681,rs40816863,BOT,[C/T],38,3,78559848,-
rs817851163_B_F_5542151,rs817851163,BOT,[G/A],38,3,78725948,-
rs380293151_B_F_2286012,rs380293151,BOT,[C/T],38,3,79143771,-
rs482373816_B_F_259654816,rs482373816,TOP,[G/A],38,3,79682998,+
rs549408044_B_F_951431446,rs549408044,BOT,[I/D],38,3,79688507,-
rs277961746_B_F_611697954,rs277961746,BOT,[T/C],38,3,81432018,-
3:82103793_B_F_55236377,3:82103793,BOT,[A/G],38,3,81638237,-
3:82996689_B_F_310456845,3:82996689,BOT,[I/D],38,3,82454067,-
rs839146090_B_F_547618716,rs839146090,TOP,[T/C],38,3,84046615,+
rs393682358_B_F_80646861,rs393682358,BOT,[T/C],38,3,84697857,-
rs749946028_B_F_276108136,rs749946028,TOP,[G/T],38,3,88483305,+
rs235325352_B_F_238925350,rs235325352,BOT,[T/C],38,3,88829512,-
rs802081003_B_F_295563472,rs802081003,BOT,[C/T],38,3,95969999,-
rs324527195_B_F_923082990,rs324527195,TOP,[G/A],38,3,99443692,+
rs806297876_B_F_667483457,rs806297876,BOT,[C/T],38,3,99767194,-
rs598364570_B_F_293003684,rs598364570,TOP,[A/G],38,3,99929006,+
3:101080968_B_F_314275476,3:101080968,TOP,[C/T],38,3,100615412,+
rs452019330_B_F_622648436,rs452019330,TOP,[I/D],38,3,100821385,+
3:101376849_B_F_932836701,3:101376849,TOP,[C/T],38,3,100834227,+
3:101481189_B_F_241981253,3:101481189,TOP,[G/A],38,3,101097070,+
rs103498740_B_F_489455576,rs103498740,TOP,[T/C],38,3,101745051,+
rs855489860_B_F_189171225,rs855489860,BOT,[G/A],38,3,102534479,-
rs722117952_B_F_490420073,rs722117952,BOT,[G/A],38,3,102884491,-
rs847520711_B_F_729943327,rs847520711,TOP,[T/C],38,3,103640374,+
rs550111405_B_F_412252484,rs550111405,BOT,[A/G],38,3,103896517,-
rs884989859_B_F_140905023,rs884989859,TOP,[A/C],38,3,105246421,+
rs76506650_B_F_499032038,rs76506650,BOT,[A/C],38,3,105548656,-
rs198535230_B_F_122134908,rs198535230,BOT,[G/A],38,3,105932675,-
rs302342797_B_F_40310760,rs302342797,TOP,[I/D],38,3,105953747,+
rs688531837_B_F_13762676,rs688531837,BOT,[A/G],38,3,106344035,-
rs557090749_B_F_900578229,rs557090749,BOT,[T/C],38,3,106824123,-
rs895751478_B_F_328354864,rs895751478,TOP,[G/A],38,3,107023532,+
rs276205023_B_F_211460329,rs276205023,TOP,[C/T],38,3,107678819,+
rs362145306_B_F_954989599,rs362145306,BOT,[C/A],38,3,107752852,-
rs585896895_B_F_270618826,rs585896895,TOP,[T/C],38,3,108904541,+
rs545381816_B_F_982947112,rs545381816,BOT,[T/G],38,3,109083210,-
rs3267386_B_F_566724154,rs3267386,TOP,[G/A],38,3,109206898,+
3:109793825_B_F_703426787,3:109793825,TOP,[T/G],38,3,109409706,+
rs677344196_B_F_827824176,rs677344196,BOT,[C/T],38,3,109856917,-
3:110934839_B_F_967436100,3:110934839,BOT,[T/C],38,3,110469283,-
rs885566549_B_F_441580180,rs885566549,TOP,[A/G],38,3,112054391,+
rs838078953_B_F_208643542,rs838078953,BOT,[C/T],38,3,112942507,-
rs434196232_B_F_408219328,rs434196232,TOP,[G/A],38,3,113451563,+
3:114137928_B_F_901135533,3:114137928,BOT,[A/G],38,3,113595306,-
3:114438786_B_F_812873764,3:114438786,TOP,[T/G],38,3,113896164,+
rs729036900_B_F_558771868,rs729036900,BOT,[G/T],38,3,114847102,-
rs275005599_B_F_471409051,rs275005599,TOP,[G/A],38,3,115306479,+
rs153255282_B_F_901910401,rs153255282,TOP,[A/G],38,3,115474400,+
3:116102673_B_F_724232198,3:116102673,BOT,[C/T],38,3,115637117,-
rs481641674_B_F_742555434,rs481641674,BOT,[G/T],38,3,116343724,-
3:117141058_B_F_500742124,3:117141058,TOP,[I/D],38,3,116756939,+
rs570762258_B_F_140845153,rs570762258,TOP,[C/T],38,3,117300729,+
rs489830456_B_F_141496916,rs489830456,TOP,[A/G],38,3,118256152,+
rs61834323_B_F_168235227,rs61834323,TOP,[I/D],38,3,118663410,+
rs32481389_B_F_623558484,rs32481389,TOP,[T/C],38,3,118701506,+
rs254424379_B_F_102865438,rs254424379,BOT,[C/T],38,3,119256813,-
rs167987859_B_F_991212043,rs167987859,TOP,[G/A],38,3,119308497,+
3:119724980_B_F_246684292,3:119724980,TOP,[G/A],38,3,119340861,+
3:119845758_B_F_512270606,3:119845758,BOT,[C/T],38,3,119380202,-
3:120068196_B_F_322200612,3:120068196,BOT,[G/T],38,3,119525574,-
rs785648617_B_F_46747778,rs785648617,TOP,[G/A],38,3,119547098,+
rs131672653_B_F_504247134,rs131672653,BOT,[G/T],38,3,119818407,-
rs35292703_B_F_901051288,rs35292703,TOP,[T/C],38,3,120369155,+
3:121283859_B_F_612498130,3:121283859,TOP,[T/C],38,3,120741237,+
rs545091917_B_F_759903558,rs545091917,TOP,[T/C],38,3,121281161,+
3:122069773_B_F_749751920,3:122069773,TOP,[C/T],38,3,121685654,+
rs811231856_B_F_370562933,rs811231856,TOP,[A/G],38,3,121889062,+
rs365683065_B_F_447902318,rs365683065,BOT,[A/G],38,3,122249819,-
rs493915777_B_F_7973747,rs493915777,BOT,[A/G],38,3,122312440,-
rs86262622_B_F_619565360,rs86262622,BOT,[C/A],38,3,122799487,-
rs504974165_B_F_36991263,rs504974165,TOP,[C/T],38,3,123069512,+
3:123759723_B_F_325575293,3:123759723,BOT,[G/A],38,3,123375604,-
rs76642957_B_F_878169731,rs76642957,TOP,[T/G],38,3,124115976,+
rs761153469_B_F_197346408,rs761153469,TOP,[T/C],38,3,124205612,+
rs625255292_B_F_164578640,rs625255292,BOT,[G/A],38,3,125030647,-
rs581707520_B_F_543133511,rs581707520,TOP,[T/C],38,3,125053871,+
rs810037970_B_F_590746783,rs810037970,TOP,[I/D],38,3,125168111,+
3:125657151_B_F_715342169,3:125657151,BOT,[G/T],38,3,125191595,-
rs486947257_B_F_810408314,rs486947257,TOP,[G/A],38,3,125674131,+
rs125278005_B_F_814202838,rs125278005,TOP,[T/C],38,3,126669262,+
rs690592190_B_F_93118602,rs690592190,TOP,[A/C],38,3,127305618,+
rs165780849_B_F_803602720,rs165780849,TOP,[T/C],38,3,127542667,+
rs659841837_B_F_428749755,rs659841837,TOP,[C/T],38,3,127753329,+
3:128223703_B_F_344771012,3:128223703,TOP,[A/G],38,3,127758147,+
rs777040400_B_F_495528766,rs777040400,BOT,[T/G],38,3,128101312,-
rs449357768_B_F_233242242,rs449357768,TOP,[T/C],38,3,128478702,+
rs232928993_B_F_110936684,rs232928993,TOP,[T/C],38,3,128541707,+
rs340125550_B_F_492386686,rs340125550,BOT,[A/G],38,3,128610935,-
3:130471032_B_F_24921036,3:130471032,TOP,[A/G],38,3,129928410,+
rs160432094_B_F_371171486,rs160432094,TOP,[I/D],38,3,130088247,+
rs367179256_B_F_22165143,rs367179256,BOT,[G/A],38,3,131696463,-
rs255837109_B_F_43983471,rs255837109,BOT,[G/A],38,3,132312214,-
rs381554225_B_F_32434296,rs381554225,TOP,[I/D],38,3,133704629,+
rs150774446_B_F_118401133,rs150774446,TOP,[A/C],38,3,133852082,+
3:134559256_B_F_492393309,3:134559256,TOP,[C/T],38,3,134016634,+
rs872794404_B_F_266575197,rs872794404,TOP,[A/G],38,3,134040951,+
rs364992122_B_F_482803958,rs364992122,TOP,[C/T],38,3,134147930,+
3:134615102_B_F_4300246,3:134615102,TOP,[T/C],38,3,134149546,+
rs419533470_B_F_379324431,rs419533470,TOP,[C/T],38,3,135330782,+
rs317598418_B_F_668811705,rs317598418,TOP,[T/C],38,3,135404533,+
rs45373827_B_F_491090122,rs45373827,BOT,[A/G],38,3,135569655,-
rs295845035_B_F_309970227,rs295845035,BOT,[C/T],38,3,136456683,-
rs306970314_B_F_158228940,rs306970314,TOP,[C/T],38,3,136813971,+
rs187033440_B_F_794025487,rs187033440,TOP,[G/A],38,3,137738929,+
rs197767222_B_F_817472839,rs197767222,BOT,[C/A],38,3,138057697,-
3:138610222_B_F_460260407,3:138610222,TOP,[C/T],38,3,138067600,+
rs466893217_B_F_20365222,rs466893217,TOP,[T/G],38,3,138338877,+
rs620401150_B_F_932173846,rs620401150,TOP,[T/C],38,3,138478983,+
rs624286111_B_F_599603968,rs624286111,BOT,[T/C],38,3,139740526,-
3:141361702_B_F_240968139,3:141361702,TOP,[A/G],38,3,140977583,+
3:141707135_B_F_577671545,3:141707135,TOP,[G/A],38,3,141241579,+
3:141726470_B_F_762656492,3:141726470,BOT,[T/C],38,3,141260914,-
rs864937136_B_F_262372247,rs864937136,TOP,[G/T],38,3,142028847,+
rs50434395_B_F_143611109,rs50434395,BOT,[T/C],38,3,142812774,-
rs583439351_B_F_640084010,rs583439351,BOT,[I/D],38,3,143130265,-
rs353048050_B_F_52676811,rs353048050,TOP,[A/C],38,3,143511740,+
3:144257759_B_F_284394082,3:144257759,TOP,[T/C],38,3,143873640,+
3:144785736_B_F_140341827,3:144785736,BOT,[T/C],38,3,144243114,-
rs566790679_B_F_139013200,rs566790679,TOP,[G/A],38,3,145247923,+
rs839939007_B_F_136909280,rs839939007,TOP,[G/A],38,3,145496997,+
rs630895666_B_F_440935583,rs630895666,BOT,[G/A],38,3,145800357,-
rs191471953_B_F_390400126,rs191471953,BOT,[T/C],38,3,146186009,-
rs17010129_B_F_281339104,rs17010129,BOT,[C/A],38,3,147008337,-
rs434902840_B_F_720738510,rs434902840,BOT,[C/A],38,3,147764992,-
rs371805455_B_F_793056079,rs371805455,TOP,[T/C],38,3,147785031,+
3:148185683_B_F_432563279,3:148185683,TOP,[C/A],38,3,147801564,+
3:148407415_B_F_777792559,3:148407415,BOT,[G/T],38,3,147864793,-
3:148719417_B_F_243393799,3:148719417,BOT,[T/C],38,3,148176795,-
rs87352358_B_F_259614832,rs87352358,BOT,[C/T],38,3,148222447,-
rs70699311_B_F_933686917,rs70699311,TOP,[I/D],38,3,148843794,+
3:149421508_B_F_637793602,3:149421508,TOP,[A/G],38,3,148955952,+
rs484516186_B_F_307475125,rs484516186,TOP,[A/G],38,3,149602538,+
rs878726689_B_F_710764636,rs878726689,BOT,[A/G],38,3,149776267,-
rs656117245_B_F_311422223,rs656117245,BOT,[A/G],38,3,150082581,-
rs298219432_B_F_539119664,rs298219432,TOP,[I/D],38,3,150570522,+
rs402407885_B_F_564638403,rs402407885,TOP,[A/G],38,3,150651566,+
rs801738483_B_F_716098696,rs801738483,BOT,[G/T],38,3,150956172,-
rs90282513_B_F_388703861,rs90282513,TOP,[C/T],38,3,151541558,+
rs33256458_B_F_895410901,rs33256458,TOP,[G/A],38,3,152340660,+
rs818210200_B_F_955922073,rs818210200,BOT,[G/T],38,3,152476030,-
rs422260605_B_F_757508501,rs422260605,TOP,[C/T],38,3,152813105,+
rs584261843_B_F_741099754,rs584261843,TOP,[C/T],38,3,153044673,+
rs168011681_B_F_680273725,rs168011681,BOT,[A/G],38,3,153691632,-
rs725752513_B_F_556895092,rs725752513,TOP,[T/C],38,3,154087202,+
3:155116311_B_F_743735938,3:155116311,TOP,[A/G],38,3,154573689,+
rs728943473_B_F_258018669,rs728943473,TOP,[I/D],38,3,154783115,+
rs724357323_B_F_785948005,rs724357323,TOP,[T/C],38,3,154975257,+
rs841039068_B_F_234878705,rs841039068,TOP,[C/T],38,3,155080555,+
rs685747182_B_F_747467612,rs685747182,BOT,[A/C],38,3,155265179,-
rs819341320_B_F_446634117,rs819341320,TOP,[A/G],38,3,155373429,+
rs438234823_B_F_913719736,rs438234823,TOP,[I/D],38,3,156177103,+
rs536895091_B_F_595740831,rs536895091,TOP,[T/C],38,3,156350463,+
rs658928404_B_F_920780644,rs658928404,TOP,[A/C],38,3,157080684,+
3:157642957_B_F_777108602,3:157642957,BOT,[T/C],38,3,157177401,-
rs853270224_B_F_742507917,rs853270224,BOT,[G/A],38,3,157484586,-
rs883675753_B_F_675790598,rs883675753,TOP,[G/A],38,3,157861990,+
rs582512941_B_F_64858196,rs582512941,BOT,[T/C],38,3,157908707,-
rs638365502_B_F_506655484,rs638365502,BOT,[G/A],38,3,158115185,-
rs453177149_B_F_618019307,rs453177149,BOT,[A/G],38,3,158947851,-
rs481289702_B_F_6938481,rs481289702,BOT,[A/G],38,3,159737605,-
3:160689822_B_F_299463767,3:160689822,TOP,[I/D],38,3,160147200,+
rs277477512_B_F_518582562,rs277477512,TOP,[C/T],38,3,160436892,+
rs618827416_B_F_733972796,rs618827416,BOT,[A/G],38,3,161296488,-
rs367558923_B_F_730597812,rs367558923,BOT,[T/C],38,3,161390315,-
3:162027789_B_F_374595429,3:162027789,TOP,[T/C],38,3,161485167,+
rs841772107_B_F_516935826,rs841772107,TOP,[G/A],38,3,161742066,+
3:162490544_B_F_327970875,3:162490544,TOP,[G/A],38,3,162106425,+
rs218334845_B_F_586038408,rs218334845,TOP,[G/A],38,3,162936636,+
3:163930946_B_F_915555608,3:163930946,TOP,[C/A],38,3,163546827,+
rs304370767_B_F_91824666,rs304370767,TOP,[T/C],38,3,163836543,+
3:164478098_B_F_769808165,3:164478098,TOP,[A/G],38,3,164012542,+
rs734383011_B_F_451570813,rs734383011,TOP,[I/D],38,3,164051837,+
rs512577100_B_F_784953187,rs512577100,BOT,[A/G],38,3,164710415,-
rs860156947_B_F_190969317,rs860156947,TOP,[A/C],38,3,165107218,+
rs761581617_B_F_667672428,rs761581617,BOT,[A/G],38,3,165387335,-
rs375635702_B_F_719606929,rs375635702,TOP,[A/G],38,3,165720498,+
rs264346414_B_F_829020880,rs264346414,TOP,[A/G],38,3,165744429,+
rs596568377_B_F_118032026,rs596568377,TOP,[T/C],38,3,166048663,+
rs1698376_B_F_747585658,rs1698376,BOT,[C/T],38,3,166086091,-
rs617640502_B_F_295571563,rs617640502,TOP,[T/G],38,3,166484219,+
rs885983072_B_F_740715177,rs885983072,TOP,[A/G],38,3,166805059,+
3:167569639_B_F_816050990,3:167569639,TOP,[T/C],38,3,167027017,+
rs43626902_B_F_129302088,rs43626902,TOP,[C/T],38,3,168217115,+
rs76913499_B_F_456631252,rs76913499,BOT,[C/T],38,3,168494556,-
rs122465646_B_F_580186376,rs122465646,TOP,[C/T],38,3,169437875,+
rs899860726_B_F_762227282,rs899860726,BOT,[C/T],38,3,169495771,-
rs4129528_B_F_573533198,rs4129528,BOT,[T/C],38,3,169532561,-
rs337197413_B_F_661268946,rs337197413,TOP,[G/A],38,3,169590129,+
3:170897346_B_F_100708339,3:170897346,TOP,[A/G],38,3,170513227,+
rs740007980_B_F_737534521,rs740007980,BOT,[C/A],38,3,171437236,-
rs55326170_B_F_33641629,rs55326170,TOP,[C/A],38,3,171840682,+
3:172376837_B_F_201202225,3:172376837,TOP,[G/A],38,3,171992718,+
rs674956239_B_F_360255352,rs674956239,BOT,[I/D],38,3,172160313,-
rs592693555_B_F_785537379,rs592693555,BOT,[C/T],38,3,172407193,-
rs839485290_B_F_777608565,rs839485290,BOT,[G/A],38,3,172732157,-
rs157775384_B_F_205726978,rs157775384,BOT,[C/T],38,3,172870084,-
rs1917404_B_F_317995436,rs1917404,TOP,[A/G],38,3,173394876,+
rs832592432_B_F_404756402,rs832592432,TOP,[C/T],38,3,174242646,+
rs743257292_B_F_231592502,rs743257292,TOP,[G/A],38,3,174304265,+
rs210265971_B_F_449416768,rs210265971,TOP,[T/G],38,3,175516641,+
rs138295650_B_F_532997576,rs138295650,BOT,[C/T],38,3,175824366,-
3:176511168_B_F_182597068,3:176511168,TOP,[G/A],38,3,176045612,+
rs79840500_B_F_221965399,rs79840500,BOT,[C/A],38,3,176112569,-
rs402250078_B_F_334067060,rs402250078,BOT,[I/D],38,3,176318524,-
3:176792960_B_F_936409751,3:176792960,TOP,[T/C],38,3,176327404,+
rs38017760_B_F_492152519,rs38017760,TOP,[I/D],38,3,176375268,+
rs150748440_B_F_220284595,rs150748440,BOT,[C/T],38,3,176553173,-
rs679425504_B_F_410983359,rs679425504,BOT,[G/A],38,3,176555060,-
rs854619133_B_F_561524975,rs854619133,BOT,[A/G],38,3,177192789,-
3:178116531_B_F_492351174,3:178116531,TOP,[G/A],38,3,177573909,+
rs726041125_B_F_962190213,rs726041125,BOT,[A/G],38,3,178106199,-
rs43414856_B_F_112692008,rs43414856,TOP,[T/C],38,3,178521770,+
rs231743564_B_F_950395694,rs231743564,TOP,[C/T],38,3,178574565,+
rs759429566_B_F_127248842,rs759429566,TOP,[A/G],38,3,179609294,+
rs37808241_B_F_996306479,rs37808241,TOP,[G/A],38,3,180884019,+
rs69073151_B_F_557040689,rs69073151,BOT,[T/C],38,3,181006082,-
rs117740583_B_F_929989462,rs117740583,BOT,[A/G],38,3,181501017,-
rs557685560_B_F_624315390,rs557685560,TOP,[G/A],38,3,181828829,+
rs740855023_B_F_952273112,rs740855023,TOP,[A/G],38,3,182570573,+
3:183186839_B_F_449759814,3:183186839,TOP,[A/G],38,3,182802720,+
3:184625371_B_F_572678794,3:184625371,TOP,[G/A],38,3,184082749,+
3:184590903_B_F_269339049,3:184590903,TOP,[G/A],38,3,184125347,+
rs787005929_B_F_915281262,rs787005929,TOP,[G/T],38,3,184565904,+
rs729162306_B_F_997824474,rs729162306,BOT,[G/T],38,3,184566772,-
rs301667271_B_F_134863132,rs301667271,BOT,[T/C],38,3,184635559,-
rs290560902_B_F_511970826,rs290560902,TOP,[T/C],38,3,184681011,+
rs318728794_B_F_895131262,rs318728794,TOP,[C/A],38,3,184781489,+
rs310288242_B_F_861398310,rs310288242,TOP,[G/A],38,3,184803168,+
rs832108346_B_F_360942407,rs832108346,BOT,[T/C],38,3,185091295,-
rs787413188_B_F_651621118,rs787413188,BOT,[A/G],38,3,185543740,-
rs124313517_B_F_764790500,rs124313517,TOP,[C/T],38,3,186227082,+
3:187126310_B_F_185440965,3:187126310,TOP,[A/G],38,3,186583688,+
3:187480852_B_F_326421222,3:187480852,BOT,[C/T],38,3,186938230,-
rs263162164_B_F_298332328,rs263162164,TOP,[G/A],38,3,186967601,+
3:187616828_B_F_139217597,3:187616828,TOP,[A/C],38,3,187232709,+
3:187788127_B_F_762385664,3:187788127,TOP,[C/T],38,3,187404008,+
rs676000109_B_F_729001386,rs676000109,BOT,[I/D],38,3,187460979,-
rs85783533_B_F_624967264,rs85783533,BOT,[C/T],38,3,187525061,-
rs688180323_B_F_98453073,rs688180323,BOT,[T/C],38,3,187604694,-
rs467690363_B_F_507982827,rs467690363,TOP,[G/A],38,3,187770136,+
rs662993356_B_F_336645239,rs662993356,BOT,[I/D],38,3,187879098,-
3:188439876_B_F_887517637,3:188439876,BOT,[G/A],38,3,188055757,-
rs129881652_B_F_422714559,rs129881652,TOP,[A/G],38,3,188107032,+
3:189104459_B_F_492357350,3:189104459,BOT,[G/A],38,3,188561837,-
3:190402502_B_F_956578568,3:190402502,BOT,[A/C],38,3,189936946,-
rs468247234_B_F_833260082,rs468247234,TOP,[T/C],38,3,190183516,+
rs359589269_B_F_636469116,rs359589269,TOP,[C/T],38,3,190374447,+
rs475853068_B_F_363133096,rs475853068,TOP,[A/C],38,3,190490350,+
3:190953119_B_F_481210195,3:190953119,TOP,[G/A],38,3,190569000,+
3:191181040_B_F_822387134,3:191181040,TOP,[A/G],38,3,190796921,+
rs284896109_B_F_61002610,rs284896109,TOP,[T/C],38,3,190863325,+
rs291006757_B_F_142362879,rs291006757,TOP,[A/C],38,3,191118140,+
rs423452417_B_F_480185985,rs423452417,BOT,[A/G],38,3,191339444,-
rs860875733_B_F_797116428,rs860875733,TOP,[T/C],38,3,191683792,+
rs899755959_B_F_334515207,rs899755959,BOT,[G/A],38,3,191782913,-
3:192669549_B_F_780314335,3:192669549,TOP,[C/T],38,3,192126927,+
3:192680563_B_F_552592764,3:192680563,BOT,[T/G],38,3,192215007,-
rs382272318_B_F_58737728,rs382272318,TOP,[G/A],38,3,192376186,+
3:192976302_B_F_509267245,3:192976302,TOP,[T/C],38,3,192433680,+
3:193161540_B_F_825348322,3:193161540,BOT,[T/C],38,3,192618918,-
rs789222363_B_F_109317438,rs789222363,TOP,[G/A],38,3,193048030,+
rs358890908_B_F_213910205,rs358890908,BOT,[G/A],38,3,193087587,-
3:193659080_B_F_35267136,3:193659080,BOT,[T/C],38,3,193274961,-
rs309635703_B_F_186122388,rs309635703,TOP,[T/C],38,3,193314086,+
rs459822518_B_F_704771119,rs459822518,TOP,[A/G],38,3,193904298,+
3:194775009_B_F_380810081,3:194775009,TOP,[A/G],38,3,194232387,+
3:194638622_B_F_2564401,3:194638622,BOT,[T/G],38,3,194254503,-
rs12199825_B_F_490906479,rs12199825,TOP,[T/C],38,3,194328543,+
rs371967796_B_F_903803196,rs371967796,TOP,[I/D],38,3,194398854,+
rs621048892_B_F_929553907,rs621048892,TOP,[T/C],38,3,194675200,+
rs758063674_B_F_918046738,rs758063674,BOT,[C/T],38,3,194865104,-
3:195430438_B_F_381604353,3:195430438,TOP,[T/C],38,3,195046319,+
rs616493214_B_F_577908342,rs616493214,TOP,[C/A],38,3,195207409,+
3:196058383_B_F_360170402,3:196058383,TOP,[A/C],38,3,195592827,+
rs370498480_B_F_557943461,rs370498480,TOP,[C/T],38,3,195835550,+
rs20431019_B_F_950571021,rs20431019,TOP,[I/D],38,3,195867623,+
rs586436408_B_F_954126502,rs586436408,TOP,[T/C],38,3,196109574,+
rs778658245_B_F_194202298,rs778658245,TOP,[T/C],38,3,196454357,+
rs598490417_B_F_448379258,rs598490417,BOT,[C/A],38,3,196619402,-
3:197017844_B_F_369090048,3:197017844,BOT,[A/G],38,3,196633725,-
3:197873965_B_F_750087887,3:197873965,TOP,[I/D],38,3,197489846,+
rs560870737_B_F_529503224,rs560870737,BOT,[A/G],38,4,504670,-
4:914449_B_F_554568646,4:914449,TOP,[A/G],38,4,530330,+
rs191593011_B_F_233253758,rs191593011,TOP,[C/T],38,4,818810,+
rs166544825_B_F_196209325,rs166544825,TOP,[C/A],38,4,2831362,+
rs287444164_B_F_467811905,rs287444164,TOP,[G/A],38,4,3285928,+
rs874288063_B_F_261574389,rs874288063,BOT,[A/C],38,4,3630933,-
4:4306120_B_F_112553929,4:4306120,TOP,[G/A],38,4,3922001,+
rs507443326_B_F_695056064,rs507443326,BOT,[T/G],38,4,3978411,-
4:4807847_B_F_126870962,4:4807847,TOP,[G/A],38,4,4265225,+
rs555875679_B_F_994710211,rs555875679,BOT,[I/D],38,4,4838477,-
rs592231333_B_F_447427136,rs592231333,TOP,[T/C],38,4,4921569,+
rs203949316_B_F_910174607,rs203949316,TOP,[I/D],38,4,5002333,+
rs315584354_B_F_583201103,rs315584354,BOT,[C/T],38,4,5084540,-
rs37112235_B_F_407152988,rs37112235,TOP,[G/A],38,4,5132530,+
rs549663163_B_F_169029365,rs549663163,BOT,[A/G],38,4,5275264,-
rs531105087_B_F_494843080,rs531105087,BOT,[T/C],38,4,5282987,-
rs745939018_B_F_905253866,rs745939018,BOT,[C/T],38,4,5514775,-
rs281809172_B_F_8840377,rs281809172,TOP,[G/A],38,4,5760284,+
rs223032567_B_F_833638259,rs223032567,BOT,[T/G],38,4,5821011,-
4:6565321_B_F_666601249,4:6565321,TOP,[T/C],38,4,6022699,+
rs122527557_B_F_14056629,rs122527557,BOT,[C/T],38,4,6194318,-
rs129226954_B_F_819754160,rs129226954,TOP,[G/A],38,4,6676702,+
4:7216460_B_F_201422601,4:7216460,TOP,[T/C],38,4,6750904,+
rs280425525_B_F_261552952,rs280425525,TOP,[T/C],38,4,7100870,+
rs638236491_B_F_948454720,rs638236491,TOP,[I/D],38,4,7328380,+
rs742021331_B_F_518816008,rs742021331,TOP,[A/G],38,4,7542754,+
rs447230689_B_F_82248773,rs447230689,BOT,[A/G],38,4,7622944,-
rs451010119_B_F_861756801,rs451010119,BOT,[A/G],38,4,7651273,-
rs764189471_B_F_713141355,rs764189471,TOP,[G/A],38,4,7911221,+
rs755513804_B_F_731884951,rs755513804,TOP,[I/D],38,4,8115944,+
4:8786738_B_F_702525924,4:8786738,BOT,[T/C],38,4,8402619,-
4:9033268_B_F_410329371,4:9033268,BOT,[A/G],38,4,8567712,-
rs789563144_B_F_639364067,rs789563144,BOT,[A/C],38,4,8655250,-
4:9282559_B_F_288316717,4:9282559,BOT,[G/T],38,4,8817003,-
rs146821849_B_F_553263331,rs146821849,TOP,[A/C],38,4,9587710,+
4:10273791_B_F_390375920,4:10273791,BOT,[C/T],38,4,9808235,-
rs221754898_B_F_688295107,rs221754898,TOP,[G/A],38,4,9809090,+
rs702464288_B_F_138527433,rs702464288,BOT,[A/G],38,4,9848240,-
4:10797876_B_F_528374174,4:10797876,BOT,[T/C],38,4,10255254,-
rs813119025_B_F_699382924,rs813119025,TOP,[C/T],38,4,10401921,+
rs517988202_B_F_10904300,rs517988202,BOT,[A/G],38,4,10538801,-
rs297439124_B_F_261289014,rs297439124,BOT,[C/T],38,4,10782816,-
4:11599520_B_F_550798178,4:11599520,TOP,[A/G],38,4,11133964,+
rs888654996_B_F_174925571,rs888654996,TOP,[I/D],38,4,11742764,+
4:12436388_B_F_994420772,4:12436388,TOP,[G/A],38,4,11970832,+
rs413565239_B_F_175447549,rs413565239,TOP,[G/A],38,4,12072513,+
4:12953312_B_F_606310728,4:12953312,TOP,[A/G],38,4,12569193,+
rs812945394_B_F_796607958,rs812945394,TOP,[T/G],38,4,13676920,+
rs592406686_B_F_131247227,rs592406686,TOP,[C/A],38,4,13790353,+
rs895415920_B_F_307812296,rs895415920,TOP,[I/D],38,4,13817138,+
rs61041466_B_F_982953230,rs61041466,TOP,[G/A],38,4,15991179,+
rs521349166_B_F_10230455,rs521349166,BOT,[C/T],38,4,16000328,-
rs631058527_B_F_277621189,rs631058527,BOT,[T/C],38,4,17052639,-
rs275939618_B_F_487624578,rs275939618,TOP,[T/C],38,4,18110200,+
rs159955838_B_F_997861194,rs159955838,BOT,[T/G],38,4,18278938,-
rs725594785_B_F_522699328,rs725594785,BOT,[A/G],38,4,18751099,-
rs837122142_B_F_593717780,rs837122142,TOP,[C/T],38,4,18834959,+
rs725691529_B_F_801602072,rs725691529,TOP,[I/D],38,4,18841213,+
rs572150472_B_F_692739235,rs572150472,TOP,[T/C],38,4,19090534,+
rs3349456_B_F_736079203,rs3349456,TOP,[T/C],38,4,19103425,+
rs701565259_B_F_243724180,rs701565259,TOP,[G/A],38,4,20047365,+
4:20759126_B_F_956910652,4:20759126,BOT,[I/D],38,4,20216504,-
rs446465898_B_F_920997646,rs446465898,TOP,[I/D],38,4,20622353,+
rs864014161_B_F_206599864,rs864014161,TOP,[C/T],38,4,20808041,+
rs563317713_B_F_338213094,rs563317713,BOT,[T/C],38,4,20829185,-
4:21416313_B_F_44863299,4:21416313,TOP,[A/G],38,4,20873691,+
4:21423709_B_F_271662472,4:21423709,TOP,[C/A],38,4,20958153,+
rs340071414_B_F_882509344,rs340071414,TOP,[G/A],38,4,21363624,+
4:21941324_B_F_980098670,4:21941324,TOP,[T/C],38,4,21557205,+
rs137303285_B_F_49920159,rs137303285,TOP,[C/T],38,4,21893894,+
rs443842588_B_F_190235838,rs443842588,TOP,[C/T],38,4,22305072,+
rs44445912_B_F_805346201,rs44445912,BOT,[C/T],38,4,23386776,-
4:24245738_B_F_873872391,4:24245738,BOT,[C/T],38,4,23780182,-
rs581307282_B_F_840603196,rs581307282,BOT,[C/A],38,4,24435282,-
rs25700785_B_F_250107714,rs25700785,TOP,[T/C],38,4,24452879,+
rs472931193_B_F_106074853,rs472931193,TOP,[A/G],38,4,25105493,+
rs585700205_B_F_189703397,rs585700205,TOP,[T/C],38,4,25294225,+
rs419605704_B_F_650024768,rs419605704,TOP,[A/G],38,4,25559833,+
rs395525702_B_F_803588716,rs395525702,BOT,[C/T],38,4,26145206,-
rs638712926_B_F_124876711,rs638712926,TOP,[G/A],38,4,26879133,+
rs170943838_B_F_355477090,rs170943838,BOT,[I/D],38,4,27059255,-
4:27530214_B_F_400012750,4:27530214,BOT,[C/A],38,4,27064658,-
4:27674974_B_F_308586416,4:27674974,BOT,[G/T],38,4,27209418,-
rs761855428_B_F_658694279,rs761855428,TOP,[G/A],38,4,27262113,+
rs60080914_B_F_496729794,rs60080914,TOP,[C/T],38,4,28386332,+
rs331116200_B_F_144690591,rs331116200,TOP,[A/G],38,4,29981035,+
4:30565979_B_F_404186011,4:30565979,TOP,[A/G],38,4,30100423,+
rs190267584_B_F_144768260,rs190267584,TOP,[C/T],38,4,30369983,+
rs664517392_B_F_547634235,rs664517392,TOP,[T/G],38,4,30636224,+
rs313312532_B_F_579396004,rs313312532,BOT,[T/C],38,4,30948030,-
rs852060969_B_F_356621544,rs852060969,TOP,[T/C],38,4,31314221,+
rs731361614_B_F_601398539,rs731361614,BOT,[T/C],38,4,31455872,-
rs562233879_B_F_675152304,rs562233879,BOT,[A/G],38,4,31719687,-
rs332258308_B_F_201930111,rs332258308,TOP,[I/D],38,4,32624531,+
rs537897361_B_F_223873744,rs537897361,TOP,[A/C],38,4,33419564,+
rs421907206_B_F_26530959,rs421907206,TOP,[C/T],38,4,33874967,+
4:34787111_B_F_434056274,4:34787111,TOP,[C/T],38,4,34321555,+
rs294605556_B_F_265765713,rs294605556,TOP,[A/G],38,4,34368748,+
rs535799798_B_F_572764857,rs535799798,BOT,[G/A],38,4,35435722,-
rs412001698_B_F_296548574,rs412001698,TOP,[G/T],38,4,35566426,+
rs326765199_B_F_759886515,rs326765199,TOP,[C/T],38,4,35697074,+
rs460773835_B_F_348255389,rs460773835,TOP,[C/T],38,4,35817728,+
rs855305002_B_F_274088078,rs855305002,TOP,[G/A],38,4,36234929,+
rs15514417_B_F_795495771,rs15514417,TOP,[I/D],38,4,36283319,+
4:37342363_B_F_782276839,4:37342363,BOT,[C/A],38,4,36958244,-
rs838218429_B_F_777756001,rs838218429,TOP,[C/T],38,4,37405198,+
rs888315068_B_F_555765512,rs888315068,BOT,[I/D],38,4,38426232,-
rs294414310_B_F_985336311,rs294414310,BOT,[G/A],38,4,38450563,-
rs375167757_B_F_401124488,rs375167757,BOT,[I/D],38,4,38798480,-
rs774857899_B_F_462247829,rs774857899,BOT,[G/A],38,4,38876573,-
rs590588812_B_F_841042636,rs590588812,BOT,[T/C],38,4,39043957,-
rs660344543_B_F_970098014,rs660344543,TOP,[G/A],38,4,39919931,+
rs378927208_B_F_230000085,rs378927208,BOT,[A/G],38,4,40033871,-
rs243265529_B_F_780291810,rs243265529,TOP,[T/G],38,4,40160356,+
4:40733282_B_F_312304819,4:40733282,TOP,[T/C],38,4,40190660,+
rs433911700_B_F_121213731,rs433911700,BOT,[T/C],38,4,40431264,-
rs564499334_B_F_920352570,rs564499334,BOT,[T/G],38,4,40591304,-
4:41463035_B_F_685063297,4:41463035,TOP,[C/A],38,4,40920413,+
rs796272247_B_F_938391508,rs796272247,BOT,[A/G],38,4,41179144,-
rs38028448_B_F_330486332,rs38028448,BOT,[G/A],38,4,41431589,-
rs511466604_B_F_915433954,rs511466604,BOT,[I/D],38,4,41463678,-
4:42131770_B_F_476080937,4:42131770,BOT,[A/G],38,4,41747651,-
rs138215484_B_F_348340868,rs138215484,TOP,[A/C],38,4,41839317,+
4:42839450_B_F_278551174,4:42839450,TOP,[C/T],38,4,42455331,+
rs21173320_B_F_449390773,rs21173320,TOP,[A/C],38,4,42872269,+
rs717694809_B_F_568231526,rs717694809,TOP,[A/G],38,4,43159337,+
rs226433288_B_F_465104986,rs226433288,BOT,[C/T],38,4,43370094,-
4:44557559_B_F_563001394,4:44557559,TOP,[A/G],38,4,44014937,+
rs114048761_B_F_715989721,rs114048761,TOP,[G/A],38,4,44464792,+
rs232708112_B_F_751282653,rs232708112,BOT,[C/T],38,4,44770881,-
rs707883624_B_F_146325754,rs707883624,BOT,[C/T],38,4,44999209,-
rs24152894_B_F_884838155,rs24152894,TOP,[G/A],38,4,45188698,+
rs421536154_B_F_32472410,rs421536154,TOP,[C/T],38,4,45306746,+
4:46073818_B_F_994312389,4:46073818,BOT,[G/A],38,4,45689699,-
rs725100808_B_F_877517472,rs725100808,TOP,[A/G],38,4,45718213,+
rs184526892_B_F_237777105,rs184526892,BOT,[C/T],38,4,45863734,-
4:46288693_B_F_689809027,4:46288693,BOT,[C/T],38,4,45904574,-
rs624683205_B_F_328038990,rs624683205,TOP,[G/A],38,4,45945444,+
rs297809339_B_F_437237545,rs297809339,BOT,[T/C],38,4,46400135,-
rs383454405_B_F_829897605,rs383454405,TOP,[G/A],38,4,46453788,+
rs516557507_B_F_983223041,rs516557507,BOT,[T/G],38,4,47896319,-
rs505838416_B_F_965523779,rs505838416,TOP,[I/D],38,4,48263105,+
rs695978565_B_F_653260540,rs695978565,BOT,[A/G],38,4,48478287,-
4:49103087_B_F_119789307,4:49103087,TOP,[C/T],38,4,48718968,+
rs397443547_B_F_589868033,rs397443547,TOP,[C/T],38,4,48721514,+
rs589175440_B_F_945021562,rs589175440,TOP,[C/T],38,4,52022852,+
4:52799388_B_F_157463925,4:52799388,TOP,[C/T],38,4,52256766,+
4:52872772_B_F_263948847,4:52872772,BOT,[T/G],38,4,52407216,-
rs15572227_B_F_893945740,rs15572227,TOP,[G/A],38,4,53208475,+
rs590226664_B_F_601792821,rs590226664,TOP,[C/T],38,4,53326944,+
rs444771366_B_F_766453635,rs444771366,TOP,[G/A],38,4,53608077,+
4:54114747_B_F_90347407,4:54114747,TOP,[G/T],38,4,53730628,+
rs115918126_B_F_14195684,rs115918126,TOP,[A/G],38,4,53797612,+
rs356845599_B_F_1599747,rs356845599,BOT,[G/A],38,4,53857575,-
rs455625231_B_F_891084625,rs455625231,BOT,[A/G],38,4,54084558,-
rs267066949_B_F_484135028,rs267066949,TOP,[C/A],38,4,54184848,+
rs601296873_B_F_117183044,rs601296873,TOP,[G/A],38,4,54934521,+
rs872149565_B_F_836993033,rs872149565,TOP,[A/C],38,4,55117093,+
4:55602247_B_F_397458964,4:55602247,TOP,[G/A],38,4,55136691,+
rs714590624_B_F_553044398,rs714590624,TOP,[C/T],38,4,55163413,+
rs756358963_B_F_396104297,rs756358963,BOT,[A/C],38,4,55984857,-
rs606757520_B_F_909909644,rs606757520,TOP,[C/T],38,4,56003051,+
4:56730727_B_F_22626445,4:56730727,TOP,[A/G],38,4,56265171,+
4:56696180_B_F_118974232,4:56696180,TOP,[T/C],38,4,56312061,+
4:57224299_B_F_732699408,4:57224299,TOP,[I/D],38,4,56758743,+
rs135125944_B_F_870567003,rs135125944,TOP,[C/T],38,4,57153993,+
4:57707632_B_F_423240214,4:57707632,TOP,[I/D],38,4,57165010,+
rs9856524_B_F_487997400,rs9856524,TOP,[A/G],38,4,57325826,+
rs31376148_B_F_836234372,rs31376148,TOP,[I/D],38,4,57609235,+
4:58126847_B_F_259091328,4:58126847,BOT,[C/T],38,4,57661291,-
rs82788726_B_F_83221891,rs82788726,BOT,[G/A],38,4,57704487,-
rs115219976_B_F_536722020,rs115219976,BOT,[G/A],38,4,57926834,-
rs380092323_B_F_787198797,rs380092323,TOP,[C/T],38,4,58141692,+
4:58815041_B_F_5251676,4:58815041,TOP,[A/C],38,4,58349485,+
4:58914924_B_F_571005733,4:58914924,TOP,[T/C],38,4,58530805,+
4:59021680_B_F_54357139,4:59021680,TOP,[G/A],38,4,58637561,+
rs510200789_B_F_797038429,rs510200789,BOT,[A/G],38,4,58848143,-
rs513354402_B_F_647207228,rs513354402,TOP,[C/T],38,4,58978755,+
rs441238733_B_F_527970496,rs441238733,BOT,[T/C],38,4,60040838,-
4:60528343_B_F_404545388,4:60528343,BOT,[C/T],38,4,60144224,-
rs464400305_B_F_129739140,rs464400305,TOP,[T/C],38,4,60796333,+
rs299702173_B_F_448023648,rs299702173,BOT,[G/A],38,4,60805517,-
rs167173327_B_F_998182933,rs167173327,TOP,[C/T],38,4,61006799,+
rs830081947_B_F_150210802,rs830081947,BOT,[T/C],38,4,61800003,-
rs702910795_B_F_748383866,rs702910795,TOP,[C/T],38,4,62364276,+
4:63427184_B_F_943076583,4:63427184,BOT,[I/D],38,4,62884562,-
rs55000634_B_F_10345331,rs55000634,TOP,[C/T],38,4,62937935,+
rs591247684_B_F_707586892,rs591247684,TOP,[I/D],38,4,62973078,+
rs750822370_B_F_119488879,rs750822370,TOP,[A/G],38,4,63051469,+
rs395648254_B_F_528695930,rs395648254,BOT,[A/G],38,4,63071060,-
rs396620826_B_F_692915021,rs396620826,TOP,[I/D],38,4,63408364,+
rs193091047_B_F_850123331,rs193091047,TOP,[G/A],38,4,63821592,+
rs478360237_B_F_511571402,rs478360237,TOP,[T/C],38,4,64610064,+
rs22581971_B_F_726008762,rs22581971,TOP,[A/G],38,4,64988677,+
rs248158228_B_F_102071031,rs248158228,BOT,[C/T],38,4,65534897,-
rs770253765_B_F_659234710,rs770253765,TOP,[C/T],38,4,67391535,+
rs887633204_B_F_681842229,rs887633204,TOP,[T/G],38,4,68440916,+
rs757581095_B_F_193743956,rs757581095,TOP,[A/G],38,4,68488145,+
4:69137979_B_F_753432124,4:69137979,BOT,[C/T],38,4,68672423,-
rs704722881_B_F_633025438,rs704722881,TOP,[C/T],38,4,69066869,+
rs855030368_B_F_985481255,rs855030368,TOP,[G/T],38,4,69166543,+
rs859006690_B_F_8151799,rs859006690,BOT,[G/A],38,4,69494398,-
rs366118760_B_F_971484088,rs366118760,TOP,[C/T],38,4,69503805,+
rs852378510_B_F_814034952,rs852378510,TOP,[C/T],38,4,70204314,+
rs188185726_B_F_707814571,rs188185726,TOP,[A/G],38,4,71092377,+
rs739573812_B_F_830271330,rs739573812,TOP,[A/G],38,4,71270011,+
rs768241437_B_F_566289503,rs768241437,BOT,[T/C],38,4,71520633,-
4:73146408_B_F_97720197,4:73146408,TOP,[A/C],38,4,72603786,+
4:74116367_B_F_240143475,4:74116367,TOP,[T/C],38,4,73650811,+
4:74411391_B_F_269728399,4:74411391,BOT,[C/T],38,4,73945835,-
rs219049836_B_F_466940137,rs219049836,BOT,[C/T],38,4,73989717,-
rs601565868_B_F_972107863,rs601565868,TOP,[C/A],38,4,74483027,+
rs600913720_B_F_384537648,rs600913720,BOT,[A/G],38,4,74577305,-
rs334291231_B_F_298635056,rs334291231,TOP,[A/G],38,4,74853241,+
rs885271149_B_F_592792681,rs885271149,TOP,[A/G],38,4,74919917,+
rs256547967_B_F_208314310,rs256547967,BOT,[C/T],38,4,74969952,-
rs887630690_B_F_312951949,rs887630690,BOT,[A/G],38,4,75858934,-
rs527365139_B_F_123877047,rs527365139,TOP,[C/T],38,4,76036090,+
rs146239965_B_F_61125327,rs146239965,TOP,[T/C],38,4,76842845,+
rs118077635_B_F_406700788,rs118077635,TOP,[I/D],38,4,76874797,+
rs338763937_B_F_278984989,rs338763937,BOT,[I/D],38,4,77090032,-
rs776810927_B_F_397624576,rs776810927,TOP,[A/G],38,4,77215883,+
4:78776105_B_F_591602680,4:78776105,TOP,[G/A],38,4,78233483,+
rs190766453_B_F_530582165,rs190766453,BOT,[A/G],38,4,79651122,-
rs393158623_B_F_850426962,rs393158623,BOT,[G/T],38,4,79754597,-
4:81488001_B_F_136312450,4:81488001,TOP,[C/T],38,4,80945379,+
rs647517980_B_F_446092843,rs647517980,TOP,[C/T],38,4,81200968,+
rs434507467_B_F_172170641,rs434507467,BOT,[C/T],38,4,81766369,-
rs450279675_B_F_574632357,rs450279675,BOT,[A/C],38,4,81773086,-
rs736554371_B_F_992129950,rs736554371,TOP,[T/G],38,4,82414478,+
4:83039667_B_F_42745501,4:83039667,TOP,[G/T],38,4,82497045,+
rs358512651_B_F_876227920,rs358512651,TOP,[T/C],38,4,83910571,+
rs101642843_B_F_922025089,rs101642843,TOP,[A/G],38,4,85242350,+
4:87770680_B_F_1947048,4:87770680,TOP,[T/G],38,4,87386561,+
rs774267844_B_F_684840541,rs774267844,BOT,[A/G],38,4,87957610,-
4:88571850_B_F_94624102,4:88571850,BOT,[T/C],38,4,88029228,-
rs281405410_B_F_746702936,rs281405410,TOP,[T/G],38,4,88617273,+
4:89276129_B_F_472727782,4:89276129,TOP,[A/G],38,4,88733507,+
rs253164085_B_F_509661956,rs253164085,TOP,[G/A],38,4,89214266,+
rs96543188_B_F_234202709,rs96543188,TOP,[A/G],38,4,89500549,+
rs726751491_B_F_754500491,rs726751491,TOP,[C/T],38,4,89614256,+
rs466619408_B_F_789754931,rs466619408,BOT,[A/G],38,4,89859751,-
rs122765332_B_F_371422783,rs122765332,BOT,[A/G],38,4,90332204,-
rs532148050_B_F_197158849,rs532148050,TOP,[G/A],38,4,90854317,+
4:91813310_B_F_526198387,4:91813310,BOT,[A/G],38,4,91429191,-
4:91977011_B_F_370716625,4:91977011,TOP,[G/T],38,4,91434389,+
4:92065606_B_F_492208755,4:92065606,TOP,[A/G],38,4,91600050,+
rs387339886_B_F_768208082,rs387339886,TOP,[A/G],38,4,91917195,+
rs583428662_B_F_766335611,rs583428662,BOT,[A/G],38,4,93524217,-
rs772168229_B_F_152245377,rs772168229,TOP,[C/T],38,4,93716962,+
4:94286449_B_F_14023351,4:94286449,TOP,[G/A],38,4,93743827,+
rs782313498_B_F_767857579,rs782313498,TOP,[C/T],38,4,95317280,+
rs256047636_B_F_918941338,rs256047636,TOP,[A/G],38,4,95893130,+
rs243867366_B_F_648487527,rs243867366,TOP,[T/G],38,4,97606484,+
rs199551154_B_F_857721943,rs199551154,BOT,[T/C],38,4,97789811,-
4:99259184_B_F_825490218,4:99259184,TOP,[G/A],38,4,98716562,+
rs660553480_B_F_496120511,rs660553480,BOT,[A/G],38,4,99833823,-
rs895502862_B_F_472024110,rs895502862,BOT,[A/G],38,4,100157822,-
rs17702410_B_F_525394051,rs17702410,TOP,[A/G],38,4,100651897,+
rs839650452_B_F_23401754,rs839650452,BOT,[C/T],38,4,100783754,-
rs431396200_B_F_806831691,rs431396200,TOP,[T/C],38,4,100965764,+
4:101702849_B_F_46298842,4:101702849,TOP,[G/A],38,4,101237293,+
rs268196080_B_F_920314820,rs268196080,TOP,[T/C],38,4,101252729,+
rs339253387_B_F_52104139,rs339253387,TOP,[C/T],38,4,101286316,+
4:102263194_B_F_973456199,4:102263194,BOT,[C/T],38,4,101797638,-
4:102409703_B_F_918322645,4:102409703,TOP,[A/G],38,4,101944147,+
4:102437722_B_F_18770953,4:102437722,TOP,[T/G],38,4,101972166,+
rs758279082_B_F_437379465,rs758279082,BOT,[A/G],38,4,102346628,-
rs282896862_B_F_364436503,rs282896862,BOT,[A/T],38,4,102565059,-
rs779188367_B_F_305343890,rs779188367,BOT,[T/C],38,4,102686478,-
rs333703323_B_F_933018660,rs333703323,TOP,[G/T],38,4,102825965,+
rs189171949_B_F_749068300,rs189171949,TOP,[T/C],38,4,103104788,+
rs180852318_B_F_239402400,rs180852318,BOT,[G/A],38,4,103674096,-
rs577595627_B_F_219871055,rs577595627,TOP,[A/G],38,4,103696520,+
rs557234623_B_F_66909435,rs557234623,TOP,[T/C],38,4,104744523,+
rs155540035_B_F_812115388,rs155540035,BOT,[T/C],38,4,105012794,-
rs209472239_B_F_784176245,rs209472239,BOT,[T/C],38,4,105994677,-
rs874016569_B_F_825724525,rs874016569,BOT,[G/T],38,4,106502007,-
rs356050245_B_F_305272540,rs356050245,BOT,[G/A],38,4,107096966,-
rs297386757_B_F_756740892,rs297386757,BOT,[A/G],38,4,107205489,-
4:108274416_B_F_278137697,4:108274416,BOT,[A/G],38,4,107731794,-
4:108541191_B_F_987433751,4:108541191,BOT,[A/G],38,4,107998569,-
4:108639124_B_F_995144867,4:108639124,BOT,[T/C],38,4,108255005,-
4:109238255_B_F_904643957,4:109238255,TOP,[A/G],38,4,108772699,+
rs241746799_B_F_975091309,rs241746799,BOT,[G/A],38,4,109336370,-
rs340307021_B_F_572844879,rs340307021,TOP,[T/C],38,4,109918671,+
rs66852895_B_F_134888807,rs66852895,BOT,[A/G],38,4,110460482,-
rs839604901_B_F_949687770,rs839604901,BOT,[C/T],38,4,110556793,-
rs373410993_B_F_260540251,rs373410993,TOP,[G/A],38,4,110706238,+
4:111466613_B_F_473016601,4:111466613,TOP,[C/T],38,4,110923991,+
4:112011651_B_F_798522658,4:112011651,BOT,[C/T],38,4,111546095,-
rs676239623_B_F_924357021,rs676239623,TOP,[G/A],38,4,111612425,+
rs287260963_B_F_891968967,rs287260963,TOP,[G/A],38,4,111887989,+
rs37939650_B_F_185690411,rs37939650,TOP,[T/C],38,4,112132236,+
rs687736656_B_F_793557456,rs687736656,BOT,[T/C],38,4,112425840,-
4:113309946_B_F_396145361,4:113309946,TOP,[T/C],38,4,112844390,+
rs619952914_B_F_265457796,rs619952914,TOP,[I/D],38,4,112996530,+
rs380041177_B_F_4256662,rs380041177,TOP,[G/A],38,4,113041230,+
rs421494744_B_F_194523428,rs421494744,BOT,[C/T],38,4,113557497,-
rs120335543_B_F_149984389,rs120335543,BOT,[G/A],38,4,113634505,-
4:114306743_B_F_957929032,4:114306743,TOP,[I/D],38,4,113841187,+
4:115089113_B_F_4517770,4:115089113,TOP,[T/C],38,4,114623557,+
rs593698136_B_F_716787701,rs593698136,TOP,[G/A],38,4,115208964,+
rs590026405_B_F_681593327,rs590026405,TOP,[C/T],38,4,115505425,+
rs245357983_B_F_548892871,rs245357983,BOT,[I/D],38,4,118169934,-
rs221347069_B_F_985166832,rs221347069,TOP,[A/G],38,4,119050637,+
rs49855817_B_F_171912858,rs49855817,BOT,[T/C],38,4,119131437,-
rs823214825_B_F_299137697,rs823214825,TOP,[C/T],38,4,119353855,+
rs90085760_B_F_129152677,rs90085760,BOT,[A/G],38,4,119832341,-
rs124709839_B_F_132961767,rs124709839,BOT,[A/G],38,4,119977519,-
rs185675911_B_F_530186823,rs185675911,TOP,[C/T],38,4,120554675,+
rs352271625_B_F_748788936,rs352271625,TOP,[T/C],38,4,120902318,+
rs72096489_B_F_742716111,rs72096489,TOP,[C/T],38,4,121291276,+
rs104067900_B_F_229897527,rs104067900,BOT,[G/T],38,4,121735493,-
rs89335116_B_F_152538730,rs89335116,TOP,[A/C],38,4,121836714,+
rs243087331_B_F_86170492,rs243087331,TOP,[A/G],38,4,123575374,+
rs249450907_B_F_681659846,rs249450907,TOP,[T/C],38,4,123946793,+
4:124429499_B_F_456823011,4:124429499,TOP,[A/G],38,4,124045380,+
rs849530775_B_F_150246991,rs849530775,BOT,[T/G],38,4,124444362,-
rs223948013_B_F_214379894,rs223948013,BOT,[T/C],38,4,125035248,-
4:126276240_B_F_928792553,4:126276240,BOT,[I/D],38,4,125733618,-
rs697863961_B_F_218137133,rs697863961,TOP,[C/T],38,4,125996333,+
rs757807605_B_F_320508307,rs757807605,BOT,[G/A],38,4,126441942,-
rs861112949_B_F_532614208,rs861112949,TOP,[G/A],38,4,126803375,+
rs310630828_B_F_309305039,rs310630828,BOT,[G/A],38,4,126941356,-
rs354147980_B_F_162955687,rs354147980,TOP,[A/G],38,4,127412489,+
rs592149539_B_F_161353477,rs592149539,BOT,[T/C],38,4,127425823,-
rs533816653_B_F_45030319,rs533816653,BOT,[I/D],38,4,128788281,-
rs145774429_B_F_24301051,rs145774429,TOP,[A/G],38,4,129952751,+
rs406372532_B_F_685794189,rs406372532,TOP,[C/T],38,4,130417511,+
rs214533305_B_F_665905949,rs214533305,BOT,[C/T],38,4,130421624,-
rs603054352_B_F_710625883,rs603054352,TOP,[G/A],38,4,130648658,+
rs369025503_B_F_511629933,rs369025503,BOT,[C/T],38,4,130883077,-
rs876049751_B_F_258790738,rs876049751,TOP,[G/A],38,4,131506975,+
rs644211956_B_F_80364905,rs644211956,BOT,[G/A],38,4,132616027,-
4:133496505_B_F_78628759,4:133496505,TOP,[C/T],38,4,133112386,+
rs637223063_B_F_418828005,rs637223063,TOP,[A/G],38,4,133161165,+
rs337515586_B_F_28798916,rs337515586,BOT,[A/C],38,4,133504669,-
4:134910011_B_F_841883764,4:134910011,TOP,[I/D],38,4,134367389,+
4:135025982_B_F_186947779,4:135025982,TOP,[T/C],38,4,134560426,+
rs877201463_B_F_159825145,rs877201463,TOP,[A/G],38,4,134820637,+
rs515547206_B_F_208676219,rs515547206,TOP,[A/G],38,4,134912040,+
4:135439210_B_F_407939330,4:135439210,BOT,[G/A],38,4,135055091,-
rs665861595_B_F_49098539,rs665861595,TOP,[G/A],38,4,136150180,+
rs617435275_B_F_747622594,rs617435275,BOT,[A/G],38,4,136413329,-
4:136845406_B_F_244272797,4:136845406,TOP,[T/G],38,4,136461287,+
rs649145790_B_F_101505137,rs649145790,TOP,[A/G],38,4,136729058,+
rs679478565_B_F_18491973,rs679478565,BOT,[A/G],38,4,137043115,-
rs509242097_B_F_101302570,rs509242097,BOT,[C/A],38,4,137208868,-
rs767422320_B_F_354347843,rs767422320,TOP,[A/C],38,4,137285786,+
4:138105454_B_F_286558825,4:138105454,BOT,[G/A],38,4,137639898,-
4:138425302_B_F_715626321,4:138425302,TOP,[A/G],38,4,137882680,+
rs490499390_B_F_859727629,rs490499390,BOT,[A/G],38,4,138202594,-
rs855531468_B_F_651067412,rs855531468,TOP,[T/C],38,4,138337122,+
rs647625893_B_F_590387244,rs647625893,TOP,[G/A],38,4,139616579,+
rs15135081_B_F_212374084,rs15135081,TOP,[A/G],38,4,139655666,+
rs298739275_B_F_971548371,rs298739275,TOP,[T/G],38,4,140570066,+
4:141104402_B_F_246841639,4:141104402,TOP,[G/A],38,4,140720283,+
4:141274390_B_F_735853798,4:141274390,TOP,[G/A],38,4,140731768,+
rs301538053_B_F_999776386,rs301538053,BOT,[C/T],38,4,140858439,-
rs106642650_B_F_979558739,rs106642650,TOP,[C/A],38,4,141064245,+
rs80383631_B_F_542306886,rs80383631,BOT,[C/T],38,4,141074150,-
4:142856062_B_F_171450579,4:142856062,TOP,[G/A],38,4,142313440,+
rs587333863_B_F_360532194,rs587333863,TOP,[A/G],38,4,142974182,+
rs433867967_B_F_763794569,rs433867967,TOP,[I/D],38,4,144372718,+
rs627710075_B_F_97944040,rs627710075,BOT,[A/G],38,4,144692568,-
rs457549593_B_F_449968254,rs457549593,BOT,[C/T],38,4,145345073,-
rs762072393_B_F_60771751,rs762072393,TOP,[A/C],38,4,145900258,+
4:146483685_B_F_897272886,4:146483685,BOT,[A/G],38,4,145941063,-
rs174367677_B_F_260467170,rs174367677,TOP,[A/C],38,4,146077959,+
rs523200429_B_F_11485534,rs523200429,TOP,[G/A],38,4,146440788,+
4:147647029_B_F_184642413,4:147647029,BOT,[G/A],38,4,147104407,-
rs98824689_B_F_606999464,rs98824689,TOP,[A/G],38,4,147845258,+
rs462492589_B_F_340341194,rs462492589,BOT,[I/D],38,4,147963038,-
rs848594493_B_F_187809437,rs848594493,TOP,[C/A],38,4,148372386,+
4:149236901_B_F_862287380,4:149236901,TOP,[I/D],38,4,148771345,+
4:150421813_B_F_397467711,4:150421813,BOT,[A/G],38,4,149879191,-
4:151689225_B_F_60713228,4:151689225,TOP,[I/D],38,4,151305106,+
rs687297815_B_F_239958636,rs687297815,TOP,[G/A],38,4,151989972,+
rs41129794_B_F_73404375,rs41129794,BOT,[T/C],38,4,152164105,-
rs302172089_B_F_984950550,rs302172089,BOT,[G/A],38,4,152199830,-
4:153288156_B_F_167040070,4:153288156,BOT,[T/C],38,4,152822600,-
rs866144885_B_F_380008231,rs866144885,BOT,[G/A],38,4,153022419,-
4:153832530_B_F_663814505,4:153832530,BOT,[T/C],38,4,153366974,-
rs427074094_B_F_903434634,rs427074094,BOT,[C/T],38,4,153556489,-
rs474133712_B_F_885841892,rs474133712,TOP,[C/A],38,4,154034577,+
4:155299815_B_F_686975188,4:155299815,TOP,[T/C],38,4,154757193,+
rs244389765_B_F_513539191,rs244389765,BOT,[C/T],38,4,155046886,-
rs162235390_B_F_321538407,rs162235390,TOP,[I/D],38,4,155048558,+
rs641671582_B_F_283275134,rs641671582,BOT,[C/T],38,4,155772842,-
rs699580909_B_F_702615888,rs699580909,TOP,[C/A],38,4,155944334,+
rs7871477_B_F_350730185,rs7871477,TOP,[A/G],38,4,156045544,+
rs396064611_B_F_402643246,rs396064611,TOP,[A/C],38,4,156343473,+
4:156927272_B_F_220422893,4:156927272,BOT,[A/G],38,4,156543153,-
rs121224904_B_F_798994325,rs121224904,BOT,[C/T],38,4,156622795,-
4:157248110_B_F_573490504,4:157248110,BOT,[A/G],38,4,156705488,-
rs837573902_B_F_513035905,rs837573902,BOT,[C/T],38,4,158067173,-
rs716032067_B_F_475153994,rs716032067,TOP,[T/C],38,4,158180551,+
rs894135983_B_F_917701023,rs894135983,TOP,[A/G],38,4,158555231,+
rs359373236_B_F_946735032,rs359373236,TOP,[C/A],38,4,158798387,+
rs525707849_B_F_835428179,rs525707849,BOT,[C/T],38,4,159033092,-
rs146527034_B_F_82988269,rs146527034,BOT,[I/D],38,4,159098340,-
rs499289914_B_F_32149343,rs499289914,BOT,[T/C],38,4,159639720,-
rs828706547_B_F_712579569,rs828706547,BOT,[A/G],38,4,159719163,-
4:160332672_B_F_977986506,4:160332672,TOP,[G/A],38,4,159948553,+
4:161053045_B_F_12209893,4:161053045,BOT,[C/T],38,4,160587489,-
4:161231431_B_F_41529866,4:161231431,BOT,[A/G],38,4,160688809,-
4:161628236_B_F_453748328,4:161628236,BOT,[G/A],38,4,161244117,-
4:161859460_B_F_339532372,4:161859460,BOT,[T/C],38,4,161316838,-
rs525235227_B_F_916763237,rs525235227,TOP,[T/C],38,4,161440313,+
rs45434012_B_F_151673183,rs45434012,TOP,[G/A],38,4,161635599,+
4:162034007_B_F_78342625,4:162034007,TOP,[C/T],38,4,161649888,+
4:163432795_B_F_849761308,4:163432795,TOP,[T/C],38,4,163048676,+
rs837661276_B_F_403193720,rs837661276,BOT,[G/A],38,4,163533619,-
rs30737410_B_F_13037612,rs30737410,BOT,[T/C],38,4,163661305,-
rs47283700_B_F_595255840,rs47283700,TOP,[T/C],38,4,163731632,+
rs821459013_B_F_494529682,rs821459013,TOP,[C/T],38,4,164656456,+
4:165361348_B_F_36498587,4:165361348,TOP,[A/C],38,4,164818726,+
rs573506950_B_F_984417556,rs573506950,TOP,[T/C],38,4,166674317,+
rs148155011_B_F_101712841,rs148155011,TOP,[T/C],38,4,166903761,+
rs442648366_B_F_273816589,rs442648366,BOT,[A/G],38,4,167743134,-
rs652794810_B_F_65382202,rs652794810,BOT,[T/G],38,4,167897292,-
rs710904481_B_F_152972113,rs710904481,BOT,[I/D],38,4,168556102,-
4:169142927_B_F_616745434,4:169142927,TOP,[T/G],38,4,168677371,+
4:169109175_B_F_868075055,4:169109175,TOP,[G/A],38,4,168725056,+
rs262734102_B_F_662450260,rs262734102,BOT,[A/G],38,4,168842101,-
4:169744531_B_F_417279631,4:169744531,TOP,[T/C],38,4,169201909,+
rs811217828_B_F_896237455,rs811217828,BOT,[G/A],38,4,170949931,-
rs216317976_B_F_191580420,rs216317976,BOT,[T/C],38,4,171972074,-
rs740225136_B_F_722833649,rs740225136,TOP,[T/C],38,4,172591342,+
4:173481381_B_F_56166672,4:173481381,TOP,[T/G],38,4,172938759,+
rs277673396_B_F_867856110,rs277673396,TOP,[C/A],38,4,173278788,+
rs695858588_B_F_252928257,rs695858588,TOP,[G/A],38,4,173592062,+
rs765027374_B_F_516976616,rs765027374,TOP,[C/A],38,4,173654927,+
rs685223515_B_F_784587973,rs685223515,TOP,[A/G],38,4,173729441,+
rs473886690_B_F_485501916,rs473886690,TOP,[G/A],38,4,174454673,+
4:175188692_B_F_891179602,4:175188692,BOT,[T/C],38,4,174804573,-
rs309327329_B_F_761876257,rs309327329,BOT,[T/G],38,4,175519834,-
rs518620548_B_F_570604594,rs518620548,BOT,[C/T],38,4,175562274,-
rs218584778_B_F_801944551,rs218584778,BOT,[T/C],38,4,175807191,-
rs891380129_B_F_323342392,rs891380129,TOP,[I/D],38,4,176056312,+
rs876451655_B_F_786437447,rs876451655,TOP,[G/A],38,4,176635042,+
rs658891431_B_F_48552805,rs658891431,BOT,[C/A],38,4,177044128,-
rs34004953_B_F_696065630,rs34004953,TOP,[G/A],38,4,177340507,+
rs848196213_B_F_280242002,rs848196213,BOT,[A/C],38,4,178041071,-
rs581623727_B_F_455158809,rs581623727,BOT,[A/C],38,4,178453098,-
rs124922151_B_F_304340417,rs124922151,BOT,[A/G],38,4,178934688,-
4:179439175_B_F_878769619,4:179439175,BOT,[G/T],38,4,178973619,-
rs887841454_B_F_664315511,rs887841454,BOT,[C/T],38,4,179247601,-
rs734185327_B_F_719797284,rs734185327,TOP,[I/D],38,4,179411563,+
rs356349157_B_F_294677234,rs356349157,TOP,[T/C],38,4,180242558,+
rs655737516_B_F_662256679,rs655737516,TOP,[A/G],38,4,180308047,+
rs776037881_B_F_571812599,rs776037881,BOT,[I/D],38,4,180337545,-
rs98255409_B_F_70711996,rs98255409,TOP,[G/A],38,4,180373596,+
rs613190525_B_F_619583113,rs613190525,TOP,[A/C],38,4,180374721,+
4:181057179_B_F_535292948,4:181057179,TOP,[A/C],38,4,180673060,+
rs212807370_B_F_132032308,rs212807370,TOP,[G/A],38,4,180675443,+
4:181443452_B_F_763010568,4:181443452,BOT,[A/G],38,4,180900830,-
rs83180593_B_F_214494959,rs83180593,BOT,[T/C],38,4,181025169,-
rs364634640_B_F_309021768,rs364634640,TOP,[A/G],38,4,181096483,+
rs523716830_B_F_600226077,rs523716830,TOP,[T/C],38,4,181147703,+
rs389094415_B_F_31991514,rs389094415,TOP,[I/D],38,4,181195267,+
rs180889141_B_F_894972438,rs180889141,TOP,[A/G],38,4,181213090,+
rs83926796_B_F_698478906,rs83926796,TOP,[I/D],38,4,181253481,+
rs647346918_B_F_337896291,rs647346918,TOP,[A/G],38,4,181556233,+
4:181977358_B_F_108992201,4:181977358,TOP,[G/A],38,4,181593239,+
rs701497750_B_F_377076424,rs701497750,TOP,[G/T],38,4,181739287,+
rs433488743_B_F_773113768,rs433488743,BOT,[I/D],38,4,182760572,-
4:183223364_B_F_985272107,4:183223364,TOP,[G/A],38,4,182839245,+
rs626303562_B_F_304019004,rs626303562,TOP,[G/A],38,4,182873459,+
rs304909979_B_F_399732881,rs304909979,BOT,[C/T],38,4,183531150,-
4:184125449_B_F_953952620,4:184125449,BOT,[C/T],38,4,183582827,-
rs239108359_B_F_952752676,rs239108359,BOT,[T/C],38,4,183636646,-
rs627493872_B_F_373707384,rs627493872,TOP,[C/T],38,4,183936925,+
rs699488868_B_F_878600481,rs699488868,BOT,[A/G],38,4,183948313,-
rs333745950_B_F_540576419,rs333745950,TOP,[A/G],38,4,184009493,+
rs193526900_B_F_771200819,rs193526900,BOT,[G/A],38,4,184167495,-
4:185102209_B_F_353221898,4:185102209,TOP,[A/G],38,4,184559587,+
rs851002066_B_F_876427966,rs851002066,BOT,[G/A],38,4,184743620,-
rs43478275_B_F_811141477,rs43478275,BOT,[A/G],38,4,184933974,-
4:185381193_B_F_476301123,4:185381193,TOP,[G/A],38,4,184997074,+
4:185694656_B_F_844949788,4:185694656,BOT,[I/D],38,4,185229100,-
rs69623214_B_F_602177072,rs69623214,BOT,[T/C],38,4,185385508,-
rs115923182_B_F_312855564,rs115923182,BOT,[G/A],38,4,185581880,-
4:186709716_B_F_366499748,4:186709716,TOP,[T/C],38,4,186167094,+
4:186872564_B_F_102045950,4:186872564,TOP,[T/C],38,4,186488445,+
rs707309837_B_F_36653350,rs707309837,BOT,[A/G],38,4,186859160,-
4:187561300_B_F_564704807,4:187561300,BOT,[G/A],38,4,187095744,-
4:187544773_B_F_542466590,4:187544773,BOT,[A/C],38,4,187160654,-
rs331082229_B_F_903012382,rs331082229,BOT,[C/T],38,4,187179510,-
4:188132445_B_F_583731046,4:188132445,TOP,[A/C],38,4,187748326,+
rs858072113_B_F_690025881,rs858072113,TOP,[T/C],38,4,187937783,+
rs786780168_B_F_55852743,rs786780168,TOP,[T/C],38,4,187944356,+
rs274165608_B_F_513503297,rs274165608,TOP,[A/G],38,4,188115168,+
rs822716856_B_F_565276255,rs822716856,TOP,[T/G],38,4,188410652,+
4:188993676_B_F_401438473,4:188993676,TOP,[C/T],38,4,188609557,+
rs618731084_B_F_99631940,rs618731084,BOT,[C/T],38,4,189055250,-
rs134136956_B_F_747824047,rs134136956,TOP,[G/A],38,4,189509347,+
4:190392816_B_F_179234758,4:190392816,TOP,[C/T],38,4,189850194,+
5:999768_B_F_954008865,5:999768,TOP,[A/C],38,5,457146,+
rs553661974_B_F_547954275,rs553661974,BOT,[T/C],38,5,1038551,-
5:1620333_B_F_441066388,5:1620333,TOP,[T/G],38,5,1154777,+
rs302707582_B_F_358667352,rs302707582,BOT,[A/C],38,5,1229592,-
rs859603622_B_F_135279517,rs859603622,TOP,[A/G],38,5,1243593,+
rs544279032_B_F_814421497,rs544279032,TOP,[C/A],38,5,1379154,+
rs347475761_B_F_103365008,rs347475761,BOT,[G/A],38,5,1391046,-
rs112733729_B_F_367662725,rs112733729,TOP,[A/G],38,5,1722948,+
5:2147665_B_F_538376850,5:2147665,TOP,[G/A],38,5,1763546,+
rs813876949_B_F_473133447,rs813876949,TOP,[C/T],38,5,1914370,+
rs449396419_B_F_186061193,rs449396419,TOP,[A/G],38,5,1962490,+
5:2458498_B_F_63590054,5:2458498,BOT,[I/D],38,5,2074379,-
rs28191607_B_F_665957925,rs28191607,TOP,[T/C],38,5,2093520,+
rs82553308_B_F_274297026,rs82553308,TOP,[A/G],38,5,2200828,+
rs620785694_B_F_417899347,rs620785694,BOT,[T/C],38,5,2236816,-
5:3047626_B_F_264023995,5:3047626,BOT,[A/G],38,5,2582070,-
rs232966295_B_F_30973852,rs232966295,TOP,[C/T],38,5,2638382,+
rs611098487_B_F_870099999,rs611098487,BOT,[T/C],38,5,3000060,-
rs262306814_B_F_912191891,rs262306814,TOP,[T/C],38,5,3032740,+
5:3703641_B_F_718806554,5:3703641,BOT,[A/G],38,5,3161019,-
rs451880515_B_F_900422905,rs451880515,TOP,[T/C],38,5,3220151,+
rs179123987_B_F_450779170,rs179123987,TOP,[C/T],38,5,3269810,+
rs685302398_B_F_693149697,rs685302398,BOT,[C/T],38,5,3414193,-
rs518495957_B_F_488662361,rs518495957,BOT,[C/A],38,5,4106286,-
rs567516464_B_F_788902017,rs567516464,TOP,[G/A],38,5,4553207,+
rs614955255_B_F_573657060,rs614955255,TOP,[A/G],38,5,5135740,+
rs613410943_B_F_493713696,rs613410943,TOP,[A/G],38,5,5141277,+
5:5649143_B_F_728283348,5:5649143,TOP,[G/A],38,5,5183587,+
rs698934831_B_F_825026755,rs698934831,TOP,[G/A],38,5,5248546,+
5:6076134_B_F_573610967,5:6076134,BOT,[G/A],38,5,5533512,-
5:6266482_B_F_391181688,5:6266482,BOT,[G/A],38,5,5800926,-
rs508009893_B_F_627350668,rs508009893,TOP,[C/T],38,5,5916224,+
rs48994276_B_F_954125108,rs48994276,BOT,[T/C],38,5,6026253,-
5:6755659_B_F_919351625,5:6755659,TOP,[T/C],38,5,6213037,+
rs194183864_B_F_513468942,rs194183864,TOP,[A/G],38,5,6588610,+
rs448380627_B_F_361920201,rs448380627,BOT,[T/C],38,5,6688162,-
rs603317032_B_F_544792332,rs603317032,BOT,[T/C],38,5,6705744,-
rs525265932_B_F_936232072,rs525265932,BOT,[A/C],38,5,7200328,-
rs792388150_B_F_934579397,rs792388150,BOT,[T/C],38,5,7227131,-
5:7994129_B_F_257567149,5:7994129,BOT,[C/T],38,5,7451507,-
rs644692400_B_F_299534179,rs644692400,TOP,[G/A],38,5,7831347,+
5:8319747_B_F_232336000,5:8319747,TOP,[I/D],38,5,7854191,+
rs739559143_B_F_897738937,rs739559143,TOP,[I/D],38,5,7889191,+
rs463181298_B_F_64083787,rs463181298,BOT,[G/A],38,5,7995396,-
rs172543069_B_F_777031147,rs172543069,BOT,[C/T],38,5,8129897,-
rs797455186_B_F_80642758,rs797455186,TOP,[C/T],38,5,10090185,+
rs885213769_B_F_530855248,rs885213769,BOT,[C/A],38,5,10470273,-
rs212837032_B_F_749514621,rs212837032,TOP,[G/A],38,5,10524739,+
5:11043747_B_F_182883647,5:11043747,TOP,[A/G],38,5,10578191,+
rs696070794_B_F_62291210,rs696070794,TOP,[T/C],38,5,10785312,+
rs334044111_B_F_515933718,rs334044111,BOT,[T/G],38,5,11139770,-
5:11769352_B_F_717710976,5:11769352,BOT,[A/G],38,5,11303796,-
5:11800817_B_F_615994435,5:11800817,TOP,[G/A],38,5,11335261,+
5:11729200_B_F_146893092,5:11729200,TOP,[A/G],38,5,11345081,+
rs877287405_B_F_128222553,rs877287405,TOP,[T/C],38,5,11381578,+
rs68229749_B_F_158672126,rs68229749,BOT,[C/T],38,5,11473952,-
rs421540289_B_F_210440864,rs421540289,TOP,[A/G],38,5,11633937,+
rs643466209_B_F_159241296,rs643466209,TOP,[A/G],38,5,11676328,+
rs871751728_B_F_810399288,rs871751728,TOP,[I/D],38,5,12070187,+
rs128372658_B_F_162187769,rs128372658,TOP,[T/C],38,5,12586346,+
rs770357879_B_F_300850962,rs770357879,TOP,[G/A],38,5,13372367,+
rs152905649_B_F_248978474,rs152905649,TOP,[A/G],38,5,13453326,+
5:14136201_B_F_782341979,5:14136201,BOT,[A/G],38,5,13752082,-
5:14371433_B_F_119823802,5:14371433,BOT,[C/T],38,5,13905877,-
rs667623007_B_F_206909134,rs667623007,BOT,[T/C],38,5,14049125,-
5:15206495_B_F_535730845,5:15206495,TOP,[T/C],38,5,14740939,+
rs845161702_B_F_402276969,rs845161702,BOT,[T/C],38,5,14764825,-
rs582024871_B_F_668594801,rs582024871,TOP,[C/T],38,5,15113954,+
rs438358473_B_F_12212058,rs438358473,TOP,[A/G],38,5,16494304,+
rs736087995_B_F_113590423,rs736087995,BOT,[T/C],38,5,16559472,-
rs252757951_B_F_634294560,rs252757951,TOP,[I/D],38,5,16641909,+
rs520294134_B_F_749643193,rs520294134,BOT,[C/T],38,5,16758925,-
rs152176113_B_F_357001819,rs152176113,TOP,[A/G],38,5,16862731,+
rs383935886_B_F_804616875,rs383935886,TOP,[T/C],38,5,17768556,+
rs606451708_B_F_657159370,rs606451708,TOP,[A/G],38,5,17889060,+
rs441209076_B_F_547322005,rs441209076,BOT,[T/C],38,5,18308287,-
rs225064933_B_F_135209868,rs225064933,BOT,[G/T],38,5,18789373,-
rs296174423_B_F_718470516,rs296174423,TOP,[T/C],38,5,19067437,+
5:19598130_B_F_846661203,5:19598130,TOP,[A/C],38,5,19214011,+
5:20425234_B_F_368011293,5:20425234,TOP,[C/T],38,5,20041115,+
rs527598360_B_F_897061726,rs527598360,BOT,[T/C],38,5,21194885,-
rs9512605_B_F_737166120,rs9512605,TOP,[C/T],38,5,21419542,+
rs293849368_B_F_932264973,rs293849368,BOT,[G/A],38,5,21535071,-
rs408916580_B_F_321387213,rs408916580,BOT,[T/C],38,5,21588035,-
rs541024544_B_F_280159575,rs541024544,TOP,[I/D],38,5,21633089,+
rs426119162_B_F_856753537,rs426119162,BOT,[C/T],38,5,21677455,-
rs582250135_B_F_706693302,rs582250135,TOP,[I/D],38,5,22344651,+
5:23016908_B_F_968992010,5:23016908,TOP,[A/G],38,5,22632789,+
rs682781850_B_F_468715286,rs682781850,TOP,[A/G],38,5,23474820,+
rs252744467_B_F_629034339,rs252744467,BOT,[A/G],38,5,24738813,-
rs437614181_B_F_420514691,rs437614181,BOT,[T/G],38,5,24812349,-
rs51055164_B_F_887606078,rs51055164,TOP,[I/D],38,5,24842533,+
rs337737261_B_F_106383591,rs337737261,BOT,[T/C],38,5,25329063,-
rs602217752_B_F_619878120,rs602217752,TOP,[A/G],38,5,25403625,+
rs91187188_B_F_192913013,rs91187188,BOT,[T/C],38,5,25484714,-
rs72724596_B_F_952982066,rs72724596,BOT,[G/A],38,5,25914029,-
rs436459856_B_F_387888612,rs436459856,BOT,[T/G],38,5,26227811,-
rs257358402_B_F_392426393,rs257358402,TOP,[T/C],38,5,26430716,+
rs570790204_B_F_610860976,rs570790204,BOT,[T/C],38,5,27345834,-
rs565799221_B_F_876735457,rs565799221,TOP,[T/C],38,5,27792638,+
rs194479711_B_F_400273111,rs194479711,BOT,[G/A],38,5,28620434,-
rs411367390_B_F_595365201,rs411367390,TOP,[C/A],38,5,28652753,+
rs506212570_B_F_86070830,rs506212570,TOP,[G/T],38,5,29686605,+
5:31440987_B_F_613079321,5:31440987,BOT,[A/G],38,5,30975431,-
rs515005123_B_F_643418824,rs515005123,TOP,[G/A],38,5,31229928,+
rs617536736_B_F_544345728,rs617536736,TOP,[T/C],38,5,31371461,+
5:32057947_B_F_741452039,5:32057947,BOT,[C/T],38,5,31515325,-
rs531283668_B_F_670897400,rs531283668,TOP,[C/T],38,5,31658038,+
rs640765659_B_F_232048293,rs640765659,TOP,[C/T],38,5,31957444,+
5:32520728_B_F_109618511,5:32520728,TOP,[A/G],38,5,31978106,+
rs860314930_B_F_687081686,rs860314930,BOT,[T/C],38,5,32474315,-
rs510772421_B_F_270056809,rs510772421,BOT,[I/D],38,5,32740255,-
rs451101431_B_F_709923622,rs451101431,BOT,[G/A],38,5,33121821,-
rs771368867_B_F_863480224,rs771368867,BOT,[G/A],38,5,33206896,-
rs283007862_B_F_775971826,rs283007862,TOP,[I/D],38,5,33242804,+
rs316273561_B_F_69054115,rs316273561,BOT,[C/T],38,5,33605491,-
rs698011036_B_F_75879209,rs698011036,BOT,[I/D],38,5,33795062,-
rs801458882_B_F_379177787,rs801458882,TOP,[A/G],38,5,33979940,+
rs174058364_B_F_317404837,rs174058364,BOT,[T/C],38,5,34663810,-
rs544125213_B_F_772527188,rs544125213,TOP,[A/G],38,5,34760358,+
5:35259516_B_F_841229619,5:35259516,TOP,[G/A],38,5,34793960,+
5:35312663_B_F_980917823,5:35312663,TOP,[T/G],38,5,34928544,+
rs444048718_B_F_904640834,rs444048718,BOT,[T/G],38,5,34998673,-
rs207749921_B_F_382725699,rs207749921,TOP,[G/A],38,5,36650604,+
rs535112940_B_F_71929958,rs535112940,TOP,[G/A],38,5,36690533,+
rs260729926_B_F_553004403,rs260729926,TOP,[A/G],38,5,37955885,+
5:38654175_B_F_906170007,5:38654175,BOT,[T/C],38,5,38188619,-
rs364619487_B_F_329918089,rs364619487,BOT,[A/C],38,5,38334895,-
rs434203102_B_F_544903676,rs434203102,TOP,[C/A],38,5,38826058,+
rs504853520_B_F_860460669,rs504853520,BOT,[C/T],38,5,39343061,-
rs358373747_B_F_4691069,rs358373747,TOP,[C/T],38,5,39417744,+
5:40506772_B_F_668786333,5:40506772,TOP,[I/D],38,5,39964150,+
rs805899469_B_F_959377150,rs805899469,BOT,[C/T],38,5,40520115,-
rs89119129_B_F_753426160,rs89119129,TOP,[C/T],38,5,41436213,+
rs823101006_B_F_25918466,rs823101006,BOT,[G/A],38,5,42641860,-
5:44781398_B_F_670452286,5:44781398,TOP,[C/T],38,5,44238776,+
rs213908416_B_F_768635840,rs213908416,BOT,[C/A],38,5,44244242,-
5:44936849_B_F_90977275,5:44936849,TOP,[T/C],38,5,44471293,+
rs792787251_B_F_712997624,rs792787251,TOP,[A/G],38,5,46006782,+
rs343030332_B_F_110799201,rs343030332,BOT,[C/T],38,5,51034199,-
rs543467268_B_F_923684985,rs543467268,TOP,[T/C],38,5,51548004,+
rs554603254_B_F_890099421,rs554603254,TOP,[G/A],38,5,52843628,+
rs294201629_B_F_507022106,rs294201629,TOP,[G/A],38,5,54018927,+
rs311363839_B_F_135074443,rs311363839,BOT,[A/G],38,5,54395224,-
rs714175067_B_F_343799097,rs714175067,TOP,[G/T],38,5,55011593,+
rs523464426_B_F_132266609,rs523464426,BOT,[G/A],38,5,55228021,-
rs39161267_B_F_520775779,rs39161267,TOP,[I/D],38,5,55586950,+
rs312155297_B_F_176073233,rs312155297,TOP,[C/G],38,5,55956103,+
rs71281825_B_F_467781998,rs71281825,TOP,[C/A],38,5,56097128,+
rs462885199_B_F_324313403,rs462885199,BOT,[C/T],38,5,56364682,-
rs639519884_B_F_72572094,rs639519884,BOT,[T/C],38,5,56494013,-
rs354871303_B_F_344101339,rs354871303,TOP,[T/C],38,5,56764573,+
rs496472579_B_F_797788607,rs496472579,BOT,[T/G],38,5,57037261,-
rs6113972_B_F_902421727,rs6113972,TOP,[T/C],38,5,57072746,+
rs825713870_B_F_559377185,rs825713870,TOP,[A/G],38,5,57541668,+
rs393416983_B_F_106053068,rs393416983,TOP,[T/G],38,5,57597461,+
rs661705750_B_F_372699010,rs661705750,BOT,[T/C],38,5,57606080,-
5:58291776_B_F_526823763,5:58291776,BOT,[A/G],38,5,57749154,-
5:58939722_B_F_517300105,5:58939722,BOT,[T/C],38,5,58474166,-
rs263509144_B_F_940047837,rs263509144,TOP,[G/T],38,5,58495484,+
rs695838263_B_F_33459943,rs695838263,TOP,[A/G],38,5,59421114,+
rs877869163_B_F_941539138,rs877869163,TOP,[C/T],38,5,59644014,+
5:60343719_B_F_212877958,5:60343719,TOP,[T/C],38,5,59801097,+
5:62087956_B_F_427723314,5:62087956,BOT,[A/C],38,5,61622400,-
5:62273157_B_F_864475126,5:62273157,TOP,[T/G],38,5,61730535,+
rs6336314_B_F_111282321,rs6336314,BOT,[G/T],38,5,61866330,-
rs358223065_B_F_603801950,rs358223065,TOP,[A/G],38,5,61902496,+
rs771864941_B_F_697853803,rs771864941,TOP,[T/C],38,5,62849699,+
rs537202516_B_F_527088007,rs537202516,BOT,[A/C],38,5,63453919,-
5:64420428_B_F_826276765,5:64420428,TOP,[C/T],38,5,63954872,+
rs331756820_B_F_894319562,rs331756820,BOT,[C/T],38,5,64731464,-
rs423166683_B_F_188875468,rs423166683,BOT,[A/G],38,5,65841633,-
rs384861427_B_F_193701158,rs384861427,BOT,[A/G],38,5,65881230,-
rs780043373_B_F_568047798,rs780043373,BOT,[C/T],38,5,66278588,-
5:68362403_B_F_608583664,5:68362403,BOT,[T/G],38,5,67896847,-
rs610992704_B_F_472722713,rs610992704,TOP,[C/A],38,5,68299681,+
rs894578266_B_F_759004069,rs894578266,TOP,[C/T],38,5,68429804,+
5:69061995_B_F_423629012,5:69061995,TOP,[A/C],38,5,68519373,+
rs250225363_B_F_663160250,rs250225363,BOT,[G/A],38,5,68654708,-
5:69598631_B_F_561152224,5:69598631,BOT,[C/T],38,5,69214512,-
rs815625704_B_F_32580084,rs815625704,TOP,[T/G],38,5,72023925,+
5:72781755_B_F_512365849,5:72781755,TOP,[T/C],38,5,72397636,+
rs628580058_B_F_670113880,rs628580058,TOP,[I/D],38,5,73315367,+
5:73810182_B_F_641657543,5:73810182,TOP,[C/T],38,5,73426063,+
5:75344178_B_F_116800725,5:75344178,TOP,[C/A],38,5,74801556,+
rs302286553_B_F_588549794,rs302286553,BOT,[C/T],38,5,75279159,-
rs488640779_B_F_569048044,rs488640779,TOP,[T/C],38,5,76344296,+
rs326036587_B_F_709949327,rs326036587,TOP,[T/C],38,5,76418425,+
rs139380815_B_F_545659934,rs139380815,TOP,[G/A],38,5,76727669,+
rs315585956_B_F_956746285,rs315585956,TOP,[G/A],38,5,77267946,+
rs871630565_B_F_810450266,rs871630565,BOT,[A/G],38,5,77818402,-
5:80203124_B_F_361353403,5:80203124,BOT,[T/C],38,5,79737568,-
5:80175179_B_F_598218904,5:80175179,TOP,[A/G],38,5,79791060,+
rs889452767_B_F_765720281,rs889452767,BOT,[I/D],38,5,80092636,-
rs53775300_B_F_671402512,rs53775300,BOT,[G/A],38,5,80818617,-
rs571130127_B_F_141981740,rs571130127,TOP,[A/G],38,5,81002410,+
rs24190313_B_F_626309965,rs24190313,TOP,[A/G],38,5,81111080,+
rs288466884_B_F_811324884,rs288466884,BOT,[A/G],38,5,81773161,-
5:82474873_B_F_785721177,5:82474873,TOP,[A/G],38,5,81932251,+
rs203162041_B_F_231920184,rs203162041,TOP,[T/C],38,5,82324425,+
5:82944837_B_F_191165661,5:82944837,TOP,[A/G],38,5,82560718,+
5:83174058_B_F_893406128,5:83174058,BOT,[A/C],38,5,82631436,-
rs788119306_B_F_91505684,rs788119306,TOP,[A/G],38,5,82638863,+
rs273778519_B_F_996061541,rs273778519,TOP,[T/C],38,5,82641274,+
5:83194078_B_F_255913169,5:83194078,BOT,[T/G],38,5,82728522,-
rs423304311_B_F_189039206,rs423304311,TOP,[T/C],38,5,83089673,+
rs693685702_B_F_97438720,rs693685702,BOT,[T/C],38,5,83464280,-
rs546003934_B_F_85121354,rs546003934,TOP,[C/T],38,5,83635103,+
5:85412400_B_F_474593699,5:85412400,BOT,[C/T],38,5,84946844,-
rs642024181_B_F_270813161,rs642024181,TOP,[T/C],38,5,85283684,+
rs260672720_B_F_634183536,rs260672720,TOP,[G/T],38,5,85936813,+
rs871915508_B_F_697547357,rs871915508,TOP,[T/G],38,5,86163065,+
rs674010115_B_F_797608878,rs674010115,TOP,[G/T],38,5,86224905,+
rs191055824_B_F_375461919,rs191055824,BOT,[G/A],38,5,86230944,-
rs832189775_B_F_386290955,rs832189775,BOT,[G/A],38,5,87169408,-
rs433791751_B_F_295863508,rs433791751,BOT,[G/C],38,5,88502419,-
rs388415218_B_F_588492578,rs388415218,BOT,[A/G],38,5,89430520,-
rs509268248_B_F_375031751,rs509268248,TOP,[C/T],38,5,89568831,+
rs742944053_B_F_931560168,rs742944053,TOP,[C/T],38,5,90346422,+
rs427899946_B_F_469178499,rs427899946,TOP,[A/G],38,5,90529218,+
rs416127619_B_F_472684399,rs416127619,BOT,[C/T],38,5,92462520,-
rs398535689_B_F_490281272,rs398535689,BOT,[T/G],38,5,92865995,-
rs190328415_B_F_207429710,rs190328415,TOP,[A/G],38,5,93107394,+
rs769562262_B_F_337384797,rs769562262,TOP,[C/T],38,5,93311303,+
rs880678412_B_F_486218538,rs880678412,TOP,[T/C],38,5,93927671,+
rs250426844_B_F_931762237,rs250426844,BOT,[A/G],38,5,94139955,-
rs875116960_B_F_863617585,rs875116960,BOT,[G/A],38,5,95255970,-
rs99366923_B_F_983557598,rs99366923,TOP,[T/C],38,5,95699214,+
rs635947362_B_F_954948008,rs635947362,BOT,[I/D],38,5,95765315,-
5:97408991_B_F_470142329,5:97408991,TOP,[A/G],38,5,96866369,+
5:97444656_B_F_272266796,5:97444656,TOP,[G/A],38,5,96902034,+
rs422741611_B_F_711576594,rs422741611,BOT,[T/C],38,5,97870492,-
rs43077001_B_F_528901180,rs43077001,TOP,[C/T],38,5,97944554,+
rs413137297_B_F_983369728,rs413137297,BOT,[A/C],38,5,98037190,-
rs624682989_B_F_317754802,rs624682989,TOP,[C/A],38,5,98877269,+
rs372374601_B_F_55285438,rs372374601,TOP,[C/T],38,5,100569663,+
rs576382746_B_F_591625959,rs576382746,BOT,[C/T],38,5,101398016,-
5:102063425_B_F_610618010,5:102063425,TOP,[T/C],38,5,101679306,+
rs774976503_B_F_499474369,rs774976503,TOP,[T/G],38,5,101718393,+
rs576020579_B_F_126216000,rs576020579,TOP,[T/C],38,5,101874999,+
5:102441552_B_F_748241560,5:102441552,BOT,[C/T],38,5,101975996,-
rs143295423_B_F_391959060,rs143295423,BOT,[I/D],38,5,102388768,-
rs649315026_B_F_449315640,rs649315026,BOT,[T/C],38,5,102747354,-
rs275414604_B_F_174384929,rs275414604,TOP,[C/T],38,5,103695662,+
rs821952141_B_F_834509883,rs821952141,BOT,[C/T],38,5,103908468,-
rs553942840_B_F_448963598,rs553942840,TOP,[T/C],38,5,103931732,+
5:105629265_B_F_126130850,5:105629265,TOP,[T/C],38,5,105245146,+
rs4133111_B_F_907608441,rs4133111,BOT,[A/G],38,5,105427305,-
rs51034131_B_F_328585632,rs51034131,TOP,[T/C],38,5,105960258,+
5:106987498_B_F_173228275,5:106987498,TOP,[G/A],38,5,106444876,+
rs515766036_B_F_544715001,rs515766036,TOP,[T/G],38,5,106885262,+
5:107712509_B_F_125996777,5:107712509,TOP,[C/T],38,5,107328390,+
5:107769613_B_F_197962916,5:107769613,TOP,[T/C],38,5,107385494,+
rs669478283_B_F_92471623,rs669478283,TOP,[G/A],38,5,108513482,+
rs776727352_B_F_934665791,rs776727352,TOP,[C/A],38,5,109188763,+
rs708907480_B_F_680566571,rs708907480,TOP,[G/T],38,5,109731040,+
rs754350203_B_F_259499092,rs754350203,BOT,[G/A],38,5,110274518,-
5:110658848_B_F_652784460,5:110658848,TOP,[C/A],38,5,110274729,+
rs755054401_B_F_611673847,rs755054401,TOP,[T/C],38,5,110703066,+
rs582666301_B_F_325513190,rs582666301,BOT,[I/D],38,5,111016283,-
rs378833102_B_F_439781077,rs378833102,TOP,[G/A],38,5,111225941,+
rs10862193_B_F_139230532,rs10862193,TOP,[G/A],38,5,114069236,+
rs269276965_B_F_576049882,rs269276965,TOP,[A/G],38,5,114319038,+
rs382089526_B_F_241530578,rs382089526,BOT,[G/T],38,5,114522166,-
5:115635571_B_F_898770668,5:115635571,TOP,[A/G],38,5,115251452,+
5:115986569_B_F_842802607,5:115986569,BOT,[G/A],38,5,115521013,-
rs518823474_B_F_213473302,rs518823474,TOP,[I/D],38,5,115982721,+
rs552519089_B_F_206695782,rs552519089,BOT,[T/C],38,5,116385058,-
rs614456259_B_F_926383058,rs614456259,BOT,[A/G],38,5,116724614,-
rs783658450_B_F_180793313,rs783658450,TOP,[T/G],38,5,116734814,+
rs563787636_B_F_781491082,rs563787636,BOT,[C/T],38,5,116898753,-
rs751344076_B_F_162376968,rs751344076,BOT,[A/C],38,5,116899172,-
rs750451945_B_F_21186,rs750451945,TOP,[A/C],38,5,116964651,+
rs52182723_B_F_476388485,rs52182723,TOP,[C/T],38,5,118612453,+
rs845588598_B_F_253040382,rs845588598,BOT,[A/G],38,5,118646351,-
rs234616128_B_F_163081693,rs234616128,TOP,[G/T],38,5,119146037,+
5:119707739_B_F_584601779,5:119707739,BOT,[C/T],38,5,119242183,-
5:119815766_B_F_454381939,5:119815766,BOT,[I/D],38,5,119273144,-
rs205445907_B_F_758717674,rs205445907,TOP,[C/A],38,5,119564907,+
rs315152340_B_F_181536063,rs315152340,TOP,[T/C],38,5,120392572,+
rs51924155_B_F_773787927,rs51924155,TOP,[C/T],38,5,120590610,+
5:121178926_B_F_522365553,5:121178926,TOP,[G/A],38,5,120713370,+
rs880831643_B_F_570099065,rs880831643,BOT,[C/T],38,5,121469167,-
rs339221430_B_F_650395741,rs339221430,TOP,[T/C],38,5,121516310,+
5:122163558_B_F_647912105,5:122163558,BOT,[A/G],38,5,121620936,-
rs150385667_B_F_899173598,rs150385667,BOT,[G/A],38,5,121891088,-
rs470517323_B_F_968005994,rs470517323,BOT,[A/G],38,5,122508715,-
rs118879327_B_F_966686496,rs118879327,TOP,[G/A],38,5,122527940,+
5:123578105_B_F_749648348,5:123578105,TOP,[G/A],38,5,123112549,+
5:123685606_B_F_459686590,5:123685606,BOT,[T/C],38,5,123220050,-
rs636533545_B_F_588642245,rs636533545,BOT,[G/A],38,5,124368441,-
rs595443809_B_F_956196513,rs595443809,BOT,[A/G],38,5,124460632,-
rs79595342_B_F_723251832,rs79595342,TOP,[T/C],38,5,124804202,+
rs579652560_B_F_743377592,rs579652560,TOP,[T/C],38,5,124941423,+
rs103757906_B_F_485368953,rs103757906,BOT,[I/D],38,5,125643117,-
rs316028723_B_F_832432442,rs316028723,TOP,[C/T],38,5,125788457,+
rs513422815_B_F_621353310,rs513422815,BOT,[G/A],38,5,125977328,-
rs798675844_B_F_418450371,rs798675844,TOP,[T/C],38,5,126183487,+
5:126576878_B_F_621284173,5:126576878,BOT,[T/C],38,5,126192759,-
rs504709738_B_F_454527670,rs504709738,TOP,[C/T],38,5,126324395,+
rs832277750_B_F_837833733,rs832277750,TOP,[T/C],38,5,126345196,+
rs730442110_B_F_725141851,rs730442110,BOT,[T/C],38,5,126676436,-
rs522999194_B_F_196510754,rs522999194,BOT,[C/T],38,5,127233237,-
rs9660474_B_F_440494204,rs9660474,TOP,[I/D],38,5,127476786,+
rs325261545_B_F_368337397,rs325261545,TOP,[T/C],38,5,127929444,+
5:128424641_B_F_285019741,5:128424641,TOP,[G/A],38,5,127959085,+
5:129066839_B_F_217150012,5:129066839,TOP,[C/T],38,5,128682720,+
5:129826395_B_F_148656965,5:129826395,BOT,[T/C],38,5,129442276,-
rs750947015_B_F_785302141,rs750947015,TOP,[G/A],38,5,129707825,+
rs390651835_B_F_775153419,rs390651835,TOP,[C/T],38,5,132100880,+
5:132686172_B_F_987023279,5:132686172,TOP,[T/C],38,5,132220616,+
rs527307320_B_F_630396889,rs527307320,TOP,[G/A],38,5,132364175,+
rs99693496_B_F_162403984,rs99693496,BOT,[C/T],38,5,133044374,-
rs601616122_B_F_611631138,rs601616122,TOP,[G/A],38,5,133283641,+
rs157011096_B_F_223028106,rs157011096,BOT,[T/C],38,5,133324223,-
rs816177806_B_F_384169204,rs816177806,TOP,[T/C],38,5,133705540,+
rs650258891_B_F_197376223,rs650258891,TOP,[G/C],38,5,134513486,+
rs821070275_B_F_252084641,rs821070275,BOT,[A/G],38,5,135463033,-
rs837611275_B_F_284641689,rs837611275,TOP,[A/G],38,5,135623078,+
rs653311599_B_F_421654746,rs653311599,BOT,[G/A],38,5,136374388,-
rs337020036_B_F_324395752,rs337020036,TOP,[C/A],38,5,137089293,+
5:137612958_B_F_467806244,5:137612958,TOP,[T/C],38,5,137228839,+
rs242184939_B_F_104239342,rs242184939,BOT,[C/T],38,5,137269732,-
5:137840377_B_F_982124768,5:137840377,BOT,[T/C],38,5,137456258,-
5:139997237_B_F_979969079,5:139997237,BOT,[C/T],38,5,139613118,-
rs81722199_B_F_703486209,rs81722199,BOT,[T/C],38,5,139691367,-
rs731641874_B_F_974955073,rs731641874,BOT,[C/T],38,5,141009951,-
5:142050484_B_F_958597038,5:142050484,TOP,[I/D],38,5,141507862,+
rs308443513_B_F_26922539,rs308443513,BOT,[A/G],38,5,141667369,-
rs90888978_B_F_275600459,rs90888978,TOP,[C/T],38,5,141703254,+
5:142853833_B_F_866369860,5:142853833,BOT,[A/G],38,5,142469714,-
rs179631529_B_F_412632028,rs179631529,TOP,[T/C],38,5,142787866,+
rs70758981_B_F_89618023,rs70758981,BOT,[C/T],38,5,144034135,-
rs753121028_B_F_696051323,rs753121028,TOP,[A/C],38,5,144087856,+
5:144596578_B_F_421079688,5:144596578,TOP,[A/G],38,5,144131022,+
5:144686967_B_F_586749772,5:144686967,TOP,[A/G],38,5,144144345,+
rs34933662_B_F_960072184,rs34933662,TOP,[T/C],38,5,144959848,+
rs872790346_B_F_194097556,rs872790346,BOT,[A/G],38,5,145495851,-
5:146304830_B_F_260090261,5:146304830,TOP,[G/A],38,5,145920711,+
rs878026371_B_F_500661400,rs878026371,BOT,[C/T],38,5,146448887,-
rs856975345_B_F_997419353,rs856975345,TOP,[I/D],38,5,148311907,+
rs759343264_B_F_480379806,rs759343264,BOT,[C/A],38,5,148334082,-
rs426434498_B_F_104649954,rs426434498,TOP,[G/A],38,5,148378904,+
rs354342030_B_F_623503526,rs354342030,TOP,[A/G],38,5,148554606,+
5:149508745_B_F_122839490,5:149508745,BOT,[I/D],38,5,148966123,-
rs349496677_B_F_614330962,rs349496677,BOT,[C/T],38,5,149200741,-
rs630590907_B_F_516707525,rs630590907,TOP,[T/G],38,5,149302797,+
rs626706331_B_F_460382378,rs626706331,TOP,[T/C],38,5,149434664,+
5:149890934_B_F_537838535,5:149890934,TOP,[G/T],38,5,149506815,+
5:150148810_B_F_7631869,5:150148810,TOP,[T/C],38,5,149683254,+
5:150609769_B_F_888018874,5:150609769,BOT,[G/A],38,5,150144213,-
rs668449249_B_F_640781258,rs668449249,TOP,[C/T],38,5,150329701,+
rs88530393_B_F_931125476,rs88530393,BOT,[A/G],38,5,150463761,-
rs72297081_B_F_134631530,rs72297081,TOP,[C/T],38,5,150787556,+
rs869536169_B_F_369008283,rs869536169,BOT,[T/C],38,5,151091022,-
rs30966808_B_F_507995421,rs30966808,TOP,[A/G],38,5,151537984,+
rs382434994_B_F_947137730,rs382434994,BOT,[G/A],38,5,152779858,-
rs246286566_B_F_697841706,rs246286566,BOT,[C/G],38,5,153418096,-
rs733402974_B_F_319648356,rs733402974,TOP,[C/T],38,5,153648277,+
rs246635873_B_F_803434594,rs246635873,BOT,[A/G],38,5,153708223,-
rs840048843_B_F_504749533,rs840048843,TOP,[A/G],38,5,154211460,+
rs7549079_B_F_339382615,rs7549079,TOP,[G/A],38,5,154359206,+
rs445492044_B_F_786067686,rs445492044,TOP,[T/C],38,5,154457546,+
rs579761291_B_F_530494063,rs579761291,BOT,[G/T],38,5,154458724,-
rs739949362_B_F_312729686,rs739949362,BOT,[T/C],38,5,154609306,-
rs176370201_B_F_617233553,rs176370201,TOP,[A/C],38,5,155255271,+
rs509229026_B_F_943353635,rs509229026,BOT,[G/A],38,5,155369870,-
5:156413852_B_F_709400571,5:156413852,BOT,[G/T],38,5,155948296,-
rs701043990_B_F_299297692,rs701043990,BOT,[T/C],38,5,157050820,-
rs711207781_B_F_150559664,rs711207781,TOP,[C/T],38,5,157199705,+
rs222364897_B_F_394672959,rs222364897,TOP,[G/A],38,5,157217533,+
rs853706374_B_F_821948621,rs853706374,TOP,[T/C],38,5,158132971,+
rs672615063_B_F_362054155,rs672615063,TOP,[G/A],38,5,158154570,+
rs568020118_B_F_711697535,rs568020118,TOP,[G/A],38,5,158225073,+
rs795445447_B_F_740553230,rs795445447,BOT,[G/A],38,5,158819642,-
rs475975369_B_F_916701927,rs475975369,BOT,[G/A],38,5,159086823,-
rs673785311_B_F_483026238,rs673785311,TOP,[I/D],38,5,159904353,+
rs762687221_B_F_573052325,rs762687221,TOP,[I/D],38,5,159940107,+
5:160584562_B_F_39454699,5:160584562,BOT,[G/A],38,5,160119006,-
rs240282876_B_F_36837526,rs240282876,TOP,[T/C],38,5,160501365,+
rs458862417_B_F_208682830,rs458862417,TOP,[A/G],38,5,161048028,+
rs503398828_B_F_919855561,rs503398828,TOP,[A/G],38,5,161066273,+
rs754159235_B_F_493864017,rs754159235,TOP,[C/A],38,5,162270068,+
rs806151065_B_F_993690978,rs806151065,TOP,[G/A],38,5,162311747,+
rs661535754_B_F_139951126,rs661535754,TOP,[I/D],38,5,162904575,+
rs545927537_B_F_635750151,rs545927537,TOP,[G/A],38,5,162945999,+
rs827261335_B_F_480960215,rs827261335,BOT,[G/A],38,5,163173912,-
5:164845382_B_F_363267561,5:164845382,BOT,[T/C],38,5,164379826,-
rs78291994_B_F_859056177,rs78291994,BOT,[A/G],38,5,164499828,-
rs460000192_B_F_966790145,rs460000192,TOP,[C/T],38,5,164674976,+
5:165986581_B_F_930060443,5:165986581,TOP,[I/D],38,5,165602462,+
5:166379905_B_F_133239605,5:166379905,BOT,[A/G],38,5,165837283,-
rs771361939_B_F_639593944,rs771361939,BOT,[T/C],38,5,165963681,-
5:166603206_B_F_486332768,5:166603206,TOP,[A/C],38,5,166060584,+
rs5183407_B_F_82179142,rs5183407,BOT,[C/T],38,5,166377166,-
rs49061056_B_F_399572894,rs49061056,TOP,[T/G],38,5,166394640,+
rs730759128_B_F_998114891,rs730759128,BOT,[A/G],38,5,167967916,-
rs822539351_B_F_387614185,rs822539351,BOT,[C/T],38,5,168386328,-
rs649725821_B_F_19643817,rs649725821,TOP,[A/G],38,5,168394071,+
rs785992707_B_F_454249437,rs785992707,TOP,[T/C],38,5,168417928,+
5:169350745_B_F_497407342,5:169350745,BOT,[I/D],38,5,168966626,-
5:170314941_B_F_790600190,5:170314941,TOP,[G/A],38,5,169772319,+
rs773644067_B_F_963013304,rs773644067,BOT,[G/T],38,5,169914637,-
rs163087668_B_F_281615214,rs163087668,BOT,[T/C],38,5,170335811,-
rs14930432_B_F_183621309,rs14930432,BOT,[G/A],38,5,171549122,-
rs701871285_B_F_444100234,rs701871285,TOP,[C/T],38,5,171551387,+
rs804785133_B_F_394636578,rs804785133,BOT,[I/D],38,5,171579368,-
rs328170055_B_F_196924857,rs328170055,TOP,[A/G],38,5,171881902,+
5:173012708_B_F_968226528,5:173012708,TOP,[T/C],38,5,172470086,+
5:173204447_B_F_182922104,5:173204447,TOP,[T/C],38,5,172820328,+
rs586210160_B_F_782396268,rs586210160,TOP,[T/G],38,5,173027995,+
rs468864609_B_F_348532796,rs468864609,BOT,[I/D],38,5,173564167,-
5:174119925_B_F_443763965,5:174119925,TOP,[G/A],38,5,173577303,+
rs698509105_B_F_749980252,rs698509105,BOT,[C/T],38,5,173721724,-
rs276342514_B_F_447723687,rs276342514,BOT,[T/G],38,5,173758879,-
rs848055473_B_F_367634120,rs848055473,TOP,[G/A],38,5,174182271,+
rs803137964_B_F_76984672,rs803137964,TOP,[A/G],38,5,174337368,+
rs680231427_B_F_716939341,rs680231427,TOP,[C/T],38,5,174852698,+
rs235154099_B_F_91396243,rs235154099,TOP,[I/D],38,5,175108324,+
rs56550452_B_F_128272434,rs56550452,BOT,[A/C],38,5,175397506,-
rs82455932_B_F_621987444,rs82455932,BOT,[T/C],38,5,175448999,-
rs325321234_B_F_571135353,rs325321234,BOT,[T/C],38,5,175526379,-
5:176757704_B_F_393766802,5:176757704,TOP,[A/G],38,5,176373585,+
rs629643767_B_F_680976680,rs629643767,BOT,[C/T],38,5,176541613,-
rs317817236_B_F_976266106,rs317817236,BOT,[I/D],38,5,176647642,-
rs295282738_B_F_565215322,rs295282738,TOP,[G/A],38,5,176705976,+
rs445401879_B_F_294722993,rs445401879,BOT,[T/C],38,5,177931866,-
rs246023577_B_F_244497479,rs246023577,BOT,[T/C],38,5,178033764,-
rs515533821_B_F_99250950,rs515533821,BOT,[T/C],38,5,178097236,-
rs198990496_B_F_180723755,rs198990496,BOT,[A/G],38,5,178356686,-
5:179330756_B_F_791816270,5:179330756,TOP,[A/G],38,5,178788134,+
5:179403038_B_F_628740397,5:179403038,TOP,[C/A],38,5,178937482,+
rs225012265_B_F_766840355,rs225012265,TOP,[T/C],38,5,178984822,+
rs545292937_B_F_230293008,rs545292937,TOP,[C/T],38,5,179399909,+
rs93462418_B_F_356175145,rs93462418,BOT,[I/D],38,5,179477394,-
5:180211366_B_F_795772566,5:180211366,BOT,[T/C],38,5,179827247,-
5:180994615_B_F_764177823,5:180994615,BOT,[A/C],38,5,180451993,-
rs648395191_B_F_535941531,rs648395191,TOP,[G/C],38,5,180602471,+
rs799384343_B_F_111788311,rs799384343,TOP,[T/C],38,5,181039563,+
rs387211311_B_F_963962925,rs387211311,TOP,[T/C],38,5,181153059,+
rs671209290_B_F_473358819,rs671209290,TOP,[T/C],38,6,462511,+
rs152560544_B_F_926870841,rs152560544,BOT,[G/T],38,6,505149,-
rs635457151_B_F_10256232,rs635457151,TOP,[T/C],38,6,715271,+
6:1299135_B_F_636933238,6:1299135,BOT,[C/T],38,6,833579,-
rs736011079_B_F_286011580,rs736011079,TOP,[A/G],38,6,854037,+
6:1549969_B_F_844481326,6:1549969,TOP,[G/A],38,6,1007347,+
rs727908606_B_F_894446607,rs727908606,TOP,[T/C],38,6,1242558,+
rs91588813_B_F_50291091,rs91588813,TOP,[I/D],38,6,1493460,+
6:1921492_B_F_792621221,6:1921492,TOP,[A/G],38,6,1537373,+
6:2239254_B_F_939259997,6:2239254,TOP,[C/T],38,6,1696632,+
rs805059784_B_F_349233593,rs805059784,TOP,[C/T],38,6,2470103,+
6:3095765_B_F_66976394,6:3095765,BOT,[I/D],38,6,2711646,-
rs344076204_B_F_459994757,rs344076204,TOP,[T/C],38,6,2752104,+
rs315663239_B_F_146066528,rs315663239,BOT,[G/A],38,6,2784563,-
rs631360895_B_F_830085175,rs631360895,TOP,[T/G],38,6,2990660,+
rs651459758_B_F_90264222,rs651459758,TOP,[A/G],38,6,3090661,+
rs396269955_B_F_298685245,rs396269955,BOT,[T/C],38,6,3329034,-
rs718152869_B_F_969936455,rs718152869,TOP,[A/G],38,6,3402177,+
6:4056866_B_F_416035559,6:4056866,BOT,[I/D],38,6,3514244,-
rs333561144_B_F_431144690,rs333561144,BOT,[G/A],38,6,3581204,-
6:4925657_B_F_450487021,6:4925657,TOP,[T/C],38,6,4383035,+
rs789127579_B_F_202716750,rs789127579,BOT,[G/A],38,6,4908053,-
6:5460438_B_F_866943668,6:5460438,BOT,[G/T],38,6,4994882,-
rs656809596_B_F_670952873,rs656809596,BOT,[I/D],38,6,5623177,-
rs206870791_B_F_928504558,rs206870791,TOP,[G/A],38,6,5946906,+
rs54295668_B_F_460154198,rs54295668,TOP,[G/A],38,6,5995418,+
rs478314859_B_F_914003005,rs478314859,TOP,[A/G],38,6,6168307,+
rs410706804_B_F_935520431,rs410706804,BOT,[I/D],38,6,6331703,-
rs293135365_B_F_843274258,rs293135365,TOP,[G/A],38,6,6655965,+
6:8276649_B_F_89965572,6:8276649,BOT,[A/C],38,6,7811093,-
rs72374386_B_F_240030815,rs72374386,TOP,[T/C],38,6,8222541,+
rs199783993_B_F_839568278,rs199783993,TOP,[A/G],38,6,8860357,+
rs142854799_B_F_430716815,rs142854799,TOP,[C/T],38,6,8901291,+
rs223026341_B_F_325761442,rs223026341,TOP,[T/C],38,6,8924589,+
rs246702453_B_F_368639299,rs246702453,BOT,[A/G],38,6,9361431,-
rs707616006_B_F_539444570,rs707616006,BOT,[G/A],38,6,9392991,-
rs436641392_B_F_294402323,rs436641392,BOT,[G/T],38,6,9608654,-
rs246024157_B_F_685901611,rs246024157,BOT,[I/D],38,6,9800764,-
rs856707627_B_F_750440256,rs856707627,BOT,[G/A],38,6,10025067,-
6:10988379_B_F_861442688,6:10988379,TOP,[G/C],38,6,10522823,+
rs23219099_B_F_80252494,rs23219099,BOT,[A/G],38,6,11401171,-
rs819684356_B_F_326251650,rs819684356,TOP,[T/G],38,6,11806200,+
6:12645004_B_F_247852413,6:12645004,TOP,[I/D],38,6,12102382,+
6:12744153_B_F_870596400,6:12744153,TOP,[G/A],38,6,12201531,+
6:12860818_B_F_447434767,6:12860818,TOP,[A/G],38,6,12395262,+
rs679563162_B_F_111503319,rs679563162,BOT,[G/A],38,6,13047819,-
6:13952498_B_F_375280155,6:13952498,TOP,[T/C],38,6,13486942,+
6:14258560_B_F_660125544,6:14258560,BOT,[T/C],38,6,13715938,-
rs606429435_B_F_142995434,rs606429435,BOT,[T/C],38,6,14044939,-
rs331762090_B_F_537139307,rs331762090,BOT,[A/C],38,6,14227952,-
rs227047851_B_F_144090695,rs227047851,TOP,[C/T],38,6,14570663,+
rs738964026_B_F_890001677,rs738964026,TOP,[T/C],38,6,14858748,+
rs565650782_B_F_196431127,rs565650782,TOP,[A/C],38,6,15204624,+
6:16205168_B_F_605578582,6:16205168,BOT,[G/A],38,6,15739612,-
rs523303390_B_F_781418555,rs523303390,BOT,[G/A],38,6,15878890,-
rs504723427_B_F_82842733,rs504723427,TOP,[G/T],38,6,16092762,+
rs564836910_B_F_939393610,rs564836910,BOT,[A/G],38,6,16210147,-
6:16766149_B_F_396340425,6:16766149,BOT,[G/T],38,6,16300593,-
rs697844312_B_F_127506042,rs697844312,TOP,[C/T],38,6,16387290,+
6:17215151_B_F_9150346,6:17215151,BOT,[A/G],38,6,16672529,-
rs553078831_B_F_214370592,rs553078831,TOP,[G/A],38,6,16769567,+
rs859259853_B_F_569785759,rs859259853,BOT,[A/C],38,6,16899547,-
rs128110841_B_F_840129293,rs128110841,BOT,[C/A],38,6,17505158,-
rs750942426_B_F_428645274,rs750942426,BOT,[C/T],38,6,17585276,-
6:18206662_B_F_260968149,6:18206662,BOT,[C/T],38,6,17822543,-
rs266078679_B_F_637281635,rs266078679,TOP,[T/C],38,6,18118663,+
rs741237496_B_F_625534612,rs741237496,BOT,[A/C],38,6,18987873,-
6:19736576_B_F_462757586,6:19736576,BOT,[C/T],38,6,19193954,-
6:20210850_B_F_593838646,6:20210850,BOT,[G/A],38,6,19668228,-
rs602531117_B_F_663488690,rs602531117,BOT,[C/T],38,6,19880138,-
6:20574917_B_F_14037604,6:20574917,BOT,[T/C],38,6,20109361,-
rs442162966_B_F_77720908,rs442162966,TOP,[A/C],38,6,20114946,+
6:20779062_B_F_583817357,6:20779062,BOT,[I/D],38,6,20313506,-
rs890469423_B_F_772873496,rs890469423,TOP,[G/A],38,6,21293239,+
rs705525511_B_F_785960935,rs705525511,TOP,[C/T],38,6,21379554,+
rs116641550_B_F_290134267,rs116641550,TOP,[A/G],38,6,21728086,+
rs419104377_B_F_98568854,rs419104377,TOP,[G/A],38,6,21956173,+
rs796193129_B_F_721786442,rs796193129,TOP,[A/G],38,6,22059340,+
rs354909560_B_F_490290006,rs354909560,TOP,[C/T],38,6,22136180,+
rs603991231_B_F_419774210,rs603991231,TOP,[A/G],38,6,23035104,+
rs180396663_B_F_590823128,rs180396663,TOP,[T/C],38,6,23183743,+
rs617640284_B_F_940424958,rs617640284,TOP,[T/C],38,6,23200660,+
6:23825046_B_F_278784001,6:23825046,BOT,[T/C],38,6,23282424,-
rs850917881_B_F_206740882,rs850917881,TOP,[G/A],38,6,23483908,+
6:24141564_B_F_16313462,6:24141564,TOP,[I/D],38,6,23598942,+
rs726326316_B_F_151330800,rs726326316,TOP,[T/C],38,6,23640635,+
rs691098452_B_F_281938675,rs691098452,BOT,[T/C],38,6,24399452,-
rs861022028_B_F_73702289,rs861022028,BOT,[I/D],38,6,24464679,-
6:25022689_B_F_551898957,6:25022689,TOP,[C/T],38,6,24480067,+
rs152697948_B_F_352981805,rs152697948,BOT,[T/C],38,6,25206387,-
rs554515927_B_F_126180713,rs554515927,TOP,[G/A],38,6,25535384,+
rs817627204_B_F_396303223,rs817627204,TOP,[I/D],38,6,25903080,+
6:26454570_B_F_82762941,6:26454570,TOP,[C/T],38,6,25911948,+
6:26477917_B_F_239524181,6:26477917,BOT,[A/C],38,6,26093798,-
rs350412686_B_F_97879807,rs350412686,BOT,[G/A],38,6,26111528,-
rs410873918_B_F_583297568,rs410873918,TOP,[T/C],38,6,26116754,+
6:26738138_B_F_872838337,6:26738138,TOP,[A/G],38,6,26354019,+
rs724564560_B_F_549316757,rs724564560,BOT,[G/T],38,6,26366608,-
rs371326236_B_F_142854216,rs371326236,TOP,[G/A],38,6,27263371,+
rs608275995_B_F_325278672,rs608275995,BOT,[C/A],38,6,28295944,-
rs117779763_B_F_200631575,rs117779763,BOT,[G/A],38,6,28403407,-
rs748788787_B_F_345805973,rs748788787,TOP,[T/C],38,6,28735655,+
rs839440371_B_F_848201897,rs839440371,TOP,[A/C],38,6,28809914,+
6:29497503_B_F_797154037,6:29497503,TOP,[G/T],38,6,29113384,+
rs857508548_B_F_863526165,rs857508548,TOP,[T/G],38,6,29423056,+
rs60930382_B_F_75005744,rs60930382,BOT,[A/G],38,6,29518568,-
rs768127831_B_F_38986452,rs768127831,BOT,[G/C],38,6,29712880,-
6:30142511_B_F_366692638,6:30142511,TOP,[T/C],38,6,29758392,+
rs756201839_B_F_734561648,rs756201839,BOT,[C/T],38,6,29764617,-
rs288192394_B_F_475690412,rs288192394,BOT,[G/A],38,6,29833979,-
rs899770471_B_F_768104330,rs899770471,BOT,[A/G],38,6,29854284,-
rs296589750_B_F_700648644,rs296589750,BOT,[C/T],38,6,29856106,-
rs105382692_B_F_696010265,rs105382692,TOP,[G/A],38,6,29870588,+
rs321361376_B_F_152619022,rs321361376,TOP,[A/G],38,6,29888794,+
rs794394976_B_F_570284284,rs794394976,TOP,[C/T],38,6,30004272,+
rs714482536_B_F_645584885,rs714482536,TOP,[I/D],38,6,30035016,+
rs828561528_B_F_730276953,rs828561528,BOT,[A/G],38,6,30040266,-
rs245195148_B_F_140191022,rs245195148,BOT,[A/C],38,6,30044086,-
rs549703707_B_F_139784830,rs549703707,TOP,[T/G],38,6,30047817,+
rs600022069_B_F_474972440,rs600022069,TOP,[G/C],38,6,30054164,+
6:30597653_B_F_110553782,6:30597653,TOP,[A/G],38,6,30055031,+
rs796425275_B_F_178049516,rs796425275,TOP,[G/A],38,6,30064718,+
rs163770246_B_F_694347254,rs163770246,BOT,[G/T],38,6,30097521,-
rs171658926_B_F_696739522,rs171658926,BOT,[A/G],38,6,30140906,-
rs153080981_B_F_398307600,rs153080981,BOT,[T/C],38,6,30143103,-
rs893822205_B_F_503799175,rs893822205,BOT,[A/G],38,6,30157766,-
rs376510562_B_F_958789426,rs376510562,BOT,[C/G],38,6,30224690,-
rs365162041_B_F_751461608,rs365162041,TOP,[A/G],38,6,30371526,+
6:30759308_B_F_555918910,6:30759308,TOP,[T/G],38,6,30375189,+
rs161827418_B_F_376584460,rs161827418,TOP,[T/A],38,6,30383306,+
rs661856835_B_F_302020237,rs661856835,TOP,[T/C],38,6,30396168,+
6:30862303_B_F_755413183,6:30862303,BOT,[G/A],38,6,30396747,-
rs279848716_B_F_670907026,rs279848716,BOT,[I/D],38,6,30412468,-
rs70054682_B_F_852392306,rs70054682,TOP,[C/T],38,6,30443047,+
6:31176077_B_F_951700822,6:31176077,BOT,[C/T],38,6,30633455,-
rs340139707_B_F_992645426,rs340139707,TOP,[A/G],38,6,30723713,+
rs41157155_B_F_183789666,rs41157155,TOP,[T/C],38,6,30728143,+
rs541722420_B_F_735079146,rs541722420,TOP,[T/C],38,6,30736909,+
6:31306350_B_F_297553889,6:31306350,BOT,[T/C],38,6,30763728,-
rs325948799_B_F_741107425,rs325948799,BOT,[C/T],38,6,30798963,-
rs895359634_B_F_185840501,rs895359634,BOT,[T/C],38,6,30915026,-
rs237584525_B_F_155343306,rs237584525,BOT,[T/C],38,6,30926982,-
rs857256301_B_F_852741529,rs857256301,BOT,[A/G],38,6,30933766,-
rs506119958_B_F_672367486,rs506119958,BOT,[T/G],38,6,31030924,-
rs700248944_B_F_673434734,rs700248944,TOP,[G/C],38,6,31115689,+
rs540859226_B_F_268448963,rs540859226,TOP,[T/C],38,6,31119220,+
6:31527311_B_F_469549795,6:31527311,TOP,[T/C],38,6,31143192,+
6:31632612_B_F_499795604,6:31632612,BOT,[A/G],38,6,31167056,-
6:31559924_B_F_837944565,6:31559924,TOP,[C/A],38,6,31175805,+
rs756341047_B_F_102515154,rs756341047,TOP,[G/A],38,6,31181533,+
6:31645921_B_F_13663368,6:31645921,BOT,[A/G],38,6,31261802,-
rs361659524_B_F_247027303,rs361659524,TOP,[A/C],38,6,31289978,+
6:31841206_B_F_19810719,6:31841206,TOP,[G/A],38,6,31298584,+
rs493816794_B_F_749531098,rs493816794,BOT,[A/G],38,6,31306223,-
6:31773056_B_F_31392813,6:31773056,BOT,[C/T],38,6,31307500,-
rs482119876_B_F_396300464,rs482119876,BOT,[G/A],38,6,31332989,-
rs841904782_B_F_25901749,rs841904782,BOT,[G/A],38,6,31340978,-
6:31929189_B_F_347930387,6:31929189,TOP,[A/G],38,6,31386567,+
rs728655020_B_F_15954353,rs728655020,BOT,[G/A],38,6,31416202,-
rs610308285_B_F_499302459,rs610308285,BOT,[I/D],38,6,31445223,-
rs423199291_B_F_659057453,rs423199291,TOP,[C/G],38,6,31462917,+
6:32022999_B_F_263332951,6:32022999,TOP,[G/A],38,6,31480377,+
rs145580356_B_F_451267250,rs145580356,BOT,[A/G],38,6,31480848,-
rs804706868_B_F_329951944,rs804706868,TOP,[T/C],38,6,31512495,+
rs24616818_B_F_678168608,rs24616818,TOP,[G/A],38,6,31520545,+
rs641885991_B_F_693890247,rs641885991,TOP,[A/C],38,6,31545782,+
6:32177334_B_F_738910478,6:32177334,BOT,[G/A],38,6,31634712,-
rs39950224_B_F_700022812,rs39950224,TOP,[A/C],38,6,31814840,+
rs851237706_B_F_905219308,rs851237706,TOP,[T/G],38,6,31847946,+
rs128347530_B_F_572828196,rs128347530,BOT,[T/C],38,6,31965384,-
rs550328967_B_F_397577652,rs550328967,BOT,[C/G],38,6,32178222,-
rs548075441_B_F_224179563,rs548075441,TOP,[C/G],38,6,32180626,+
6:32736275_B_F_569469557,6:32736275,BOT,[T/G],38,6,32193653,-
rs82540623_B_F_865331876,rs82540623,TOP,[T/A],38,6,32212654,+
rs234361058_B_F_679967479,rs234361058,TOP,[I/D],38,6,32221046,+
rs126802856_B_F_554262498,rs126802856,TOP,[A/C],38,6,32231367,+
rs233116076_B_F_636702303,rs233116076,BOT,[A/G],38,6,32245208,-
rs327698875_B_F_730089355,rs327698875,TOP,[G/A],38,6,32245373,+
6:32707985_B_F_866328395,6:32707985,BOT,[A/G],38,6,32323866,-
6:32811910_B_F_654295506,6:32811910,TOP,[T/G],38,6,32427791,+
rs580531554_B_F_583395649,rs580531554,TOP,[G/A],38,6,32443210,+
rs125718019_B_F_230024163,rs125718019,TOP,[G/A],38,6,32445317,+
6:32913584_B_F_195360827,6:32913584,TOP,[C/T],38,6,32448028,+
rs331371071_B_F_850403354,rs331371071,TOP,[A/G],38,6,32670056,+
rs517300126_B_F_907616355,rs517300126,TOP,[T/C],38,6,32684586,+
rs285544676_B_F_363979060,rs285544676,TOP,[C/G],38,6,32699453,+
rs600099926_B_F_471925053,rs600099926,BOT,[C/T],38,6,32700890,-
rs714767424_B_F_527780897,rs714767424,BOT,[T/C],38,6,32712372,-
6:33257288_B_F_131441226,6:33257288,TOP,[I/D],38,6,32714666,+
6:33109373_B_F_584038594,6:33109373,TOP,[C/A],38,6,32725254,+
rs806879109_B_F_387337542,rs806879109,TOP,[T/C],38,6,32727425,+
rs206361404_B_F_410832703,rs206361404,TOP,[I/D],38,6,32746366,+
6:33221696_B_F_650308573,6:33221696,BOT,[A/G],38,6,32756140,-
rs642286789_B_F_788335381,rs642286789,BOT,[G/A],38,6,32774282,-
rs785751287_B_F_801495864,rs785751287,TOP,[C/T],38,6,32787099,+
6:33266183_B_F_100287600,6:33266183,TOP,[C/G],38,6,32882064,+
6:33330639_B_F_927221111,6:33330639,TOP,[A/G],38,6,32946520,+
rs577611445_B_F_693770902,rs577611445,TOP,[A/C],38,6,32973437,+
6:33456023_B_F_560183651,6:33456023,TOP,[I/D],38,6,33071904,+
rs875154023_B_F_660023124,rs875154023,TOP,[G/T],38,6,33157521,+
rs127857559_B_F_651605234,rs127857559,TOP,[G/A],38,6,33163957,+
6:33558881_B_F_701402021,6:33558881,BOT,[T/C],38,6,33174762,-
6:33948494_B_F_432001247,6:33948494,BOT,[I/D],38,6,33405872,-
rs887330393_B_F_340000323,rs887330393,BOT,[C/T],38,6,33418176,-
6:33966540_B_F_950504036,6:33966540,TOP,[A/G],38,6,33500984,+
rs815442834_B_F_826828542,rs815442834,BOT,[G/T],38,6,33575632,-
rs81902656_B_F_788491961,rs81902656,TOP,[G/A],38,6,33635120,+
rs626526437_B_F_988806773,rs626526437,BOT,[I/D],38,6,33752100,-
rs596493834_B_F_433643939,rs596493834,BOT,[T/C],38,6,33825390,-
rs877342964_B_F_525743848,rs877342964,BOT,[T/C],38,6,34074336,-
6:34883998_B_F_402737421,6:34883998,TOP,[A/G],38,6,34418442,+
rs155014419_B_F_236927819,rs155014419,BOT,[T/C],38,6,35279126,-
rs69853217_B_F_767338441,rs69853217,BOT,[C/T],38,6,35355198,-
rs705612643_B_F_422702634,rs705612643,BOT,[G/A],38,6,35706840,-
rs222176801_B_F_399670758,rs222176801,BOT,[T/C],38,6,35715282,-
rs545425326_B_F_174652489,rs545425326,BOT,[C/T],38,6,35750874,-
rs441356594_B_F_437779373,rs441356594,BOT,[A/C],38,6,35780309,-
rs12054031_B_F_59950822,rs12054031,BOT,[G/A],38,6,36299742,-
rs414988311_B_F_170493992,rs414988311,TOP,[C/A],38,6,36605773,+
rs38108363_B_F_166304383,rs38108363,BOT,[G/A],38,6,36635624,-
rs484468952_B_F_494097547,rs484468952,TOP,[G/A],38,6,36959176,+
rs344195902_B_F_549309715,rs344195902,BOT,[C/T],38,6,37206969,-
6:38973649_B_F_517503459,6:38973649,TOP,[T/C],38,6,38431027,+
6:39274522_B_F_549075710,6:39274522,BOT,[T/G],38,6,38890403,-
rs222276092_B_F_914072497,rs222276092,BOT,[G/A],38,6,39334656,-
rs497301772_B_F_47619676,rs497301772,BOT,[A/G],38,6,39720979,-
6:40495230_B_F_83778554,6:40495230,BOT,[T/C],38,6,39952608,-
rs384672308_B_F_885043126,rs384672308,BOT,[T/C],38,6,40667904,-
rs570186170_B_F_745609095,rs570186170,BOT,[A/G],38,6,40733033,-
rs61873254_B_F_461030945,rs61873254,BOT,[T/C],38,6,40759350,-
rs741620296_B_F_216947745,rs741620296,TOP,[T/C],38,6,41394702,+
rs629688152_B_F_777956896,rs629688152,TOP,[C/T],38,6,41671021,+
rs692456519_B_F_67258959,rs692456519,BOT,[C/T],38,6,43302588,-
rs56933485_B_F_745132276,rs56933485,TOP,[G/A],38,6,43727728,+
6:44411185_B_F_472190953,6:44411185,BOT,[I/D],38,6,43868563,-
rs555235770_B_F_417615754,rs555235770,TOP,[T/C],38,6,43937043,+
rs218588200_B_F_785296765,rs218588200,BOT,[C/T],38,6,44036851,-
6:44596171_B_F_361492489,6:44596171,TOP,[T/C],38,6,44053549,+
rs360100064_B_F_597423201,rs360100064,TOP,[A/C],38,6,44066954,+
rs761401028_B_F_557374401,rs761401028,TOP,[G/T],38,6,44146179,+
rs410740881_B_F_606913872,rs410740881,TOP,[A/G],38,6,44266325,+
6:45068401_B_F_334525533,6:45068401,TOP,[G/A],38,6,44684282,+
rs350294049_B_F_425730220,rs350294049,TOP,[G/A],38,6,45721259,+
rs175246183_B_F_793406211,rs175246183,TOP,[G/A],38,6,46053698,+
6:46984346_B_F_520085242,6:46984346,TOP,[G/A],38,6,46518790,+
6:47042017_B_F_903301523,6:47042017,TOP,[T/C],38,6,46657898,+
rs39089572_B_F_575285937,rs39089572,TOP,[T/C],38,6,47196398,+
6:49500206_B_F_785892768,6:49500206,TOP,[C/T],38,6,49116087,+
rs681167895_B_F_606125567,rs681167895,TOP,[C/T],38,6,50283338,+
rs30593332_B_F_679069783,rs30593332,TOP,[G/A],38,6,50302302,+
6:51550529_B_F_112430453,6:51550529,TOP,[T/C],38,6,51084973,+
rs890645272_B_F_934025150,rs890645272,TOP,[G/T],38,6,51423396,+
rs755872843_B_F_110807288,rs755872843,TOP,[C/T],38,6,51619163,+
6:53239598_B_F_52674620,6:53239598,BOT,[G/A],38,6,52696976,-
rs517216881_B_F_423657822,rs517216881,TOP,[T/C],38,6,54444832,+
6:55184348_B_F_169767416,6:55184348,TOP,[A/G],38,6,54718792,+
6:55220421_B_F_762950371,6:55220421,BOT,[T/G],38,6,54754865,-
6:55162848_B_F_106989507,6:55162848,BOT,[C/T],38,6,54778729,-
rs653000376_B_F_632707533,rs653000376,BOT,[A/G],38,6,55556848,-
rs132994819_B_F_78083137,rs132994819,BOT,[A/G],38,6,55773460,-
6:57097039_B_F_596039063,6:57097039,BOT,[C/T],38,6,56554417,-
6:57209861_B_F_790140063,6:57209861,BOT,[A/G],38,6,56825742,-
rs807684739_B_F_638255591,rs807684739,TOP,[T/C],38,6,57267484,+
rs414798183_B_F_159858300,rs414798183,BOT,[T/C],38,6,58124553,-
rs530691161_B_F_532964321,rs530691161,BOT,[T/G],38,6,58162012,-
rs2973736_B_F_231715135,rs2973736,BOT,[C/T],38,6,60781602,-
rs273622731_B_F_293874627,rs273622731,TOP,[A/G],38,6,61042961,+
rs169177096_B_F_247853372,rs169177096,TOP,[C/T],38,6,62480644,+
rs344786905_B_F_853174147,rs344786905,BOT,[A/G],38,6,62899114,-
rs544534813_B_F_919341057,rs544534813,TOP,[T/C],38,6,64048894,+
rs776877819_B_F_977416332,rs776877819,BOT,[C/A],38,6,64590623,-
rs230683396_B_F_580699471,rs230683396,TOP,[G/T],38,6,64679761,+
rs371175564_B_F_977454694,rs371175564,BOT,[C/T],38,6,66601096,-
rs710058532_B_F_530427117,rs710058532,TOP,[T/C],38,6,68321841,+
6:69031567_B_F_966822919,6:69031567,TOP,[C/T],38,6,68488945,+
rs112660459_B_F_853421556,rs112660459,TOP,[C/T],38,6,69722006,+
rs500386507_B_F_397133373,rs500386507,BOT,[T/C],38,6,70099206,-
rs812381581_B_F_618080671,rs812381581,TOP,[A/G],38,6,70109908,+
rs864796149_B_F_536948924,rs864796149,TOP,[G/A],38,6,70216668,+
rs237816381_B_F_650216571,rs237816381,TOP,[A/C],38,6,70470802,+
rs639319654_B_F_876210811,rs639319654,TOP,[A/G],38,6,70716855,+
rs320056942_B_F_453138796,rs320056942,TOP,[A/G],38,6,70806663,+
rs194563156_B_F_244077864,rs194563156,TOP,[A/G],38,6,71029578,+
rs823594961_B_F_888098793,rs823594961,TOP,[A/C],38,6,71121475,+
6:72025809_B_F_879995452,6:72025809,TOP,[A/G],38,6,71641690,+
6:72945860_B_F_758949632,6:72945860,TOP,[T/C],38,6,72480304,+
rs75958597_B_F_583598594,rs75958597,BOT,[G/A],38,6,72518705,-
6:72999976_B_F_256837453,6:72999976,TOP,[T/C],38,6,72615857,+
rs740477707_B_F_359209637,rs740477707,TOP,[T/C],38,6,72940767,+
rs327562694_B_F_819358120,rs327562694,BOT,[T/C],38,6,73228002,-
rs695928309_B_F_813811847,rs695928309,BOT,[I/D],38,6,73413640,-
6:74509093_B_F_797816876,6:74509093,BOT,[T/C],38,6,73966471,-
6:75246473_B_F_938042181,6:75246473,TOP,[C/T],38,6,74862354,+
rs616016307_B_F_549559496,rs616016307,TOP,[G/T],38,6,75407880,+
rs769180114_B_F_525265451,rs769180114,BOT,[T/C],38,6,76164593,-
rs301891887_B_F_425124099,rs301891887,TOP,[T/C],38,6,76949283,+
rs685522863_B_F_585563544,rs685522863,TOP,[A/G],38,6,77204307,+
rs553149109_B_F_93028558,rs553149109,BOT,[G/A],38,6,77372358,-
rs829762115_B_F_512308928,rs829762115,TOP,[I/D],38,6,77450573,+
rs176321842_B_F_882405923,rs176321842,TOP,[I/D],38,6,77644912,+
rs760164645_B_F_619095897,rs760164645,TOP,[T/C],38,6,78620417,+
6:80713043_B_F_398907078,6:80713043,BOT,[C/A],38,6,80170421,-
rs663073693_B_F_7568886,rs663073693,TOP,[A/G],38,6,80693365,+
6:81419723_B_F_521957174,6:81419723,TOP,[C/A],38,6,80954167,+
rs506505286_B_F_209609302,rs506505286,BOT,[G/A],38,6,82070878,-
rs801862898_B_F_153357191,rs801862898,BOT,[T/G],38,6,82831614,-
rs479421980_B_F_759302400,rs479421980,BOT,[I/D],38,6,82832670,-
rs259996223_B_F_799697937,rs259996223,TOP,[A/G],38,6,83466762,+
rs255560983_B_F_293720277,rs255560983,TOP,[T/C],38,6,83780162,+
rs385734500_B_F_467071422,rs385734500,TOP,[C/A],38,6,84156773,+
rs416168693_B_F_428357813,rs416168693,TOP,[C/T],38,6,84270559,+
6:85041717_B_F_457519161,6:85041717,TOP,[C/T],38,6,84499095,+
rs47777348_B_F_279776105,rs47777348,TOP,[A/G],38,6,85333959,+
6:86983491_B_F_573693815,6:86983491,TOP,[T/C],38,6,86517935,+
rs275111851_B_F_587473822,rs275111851,BOT,[A/C],38,6,86629873,-
rs215908439_B_F_819815404,rs215908439,BOT,[I/D],38,6,86989772,-
rs880505590_B_F_694069954,rs880505590,TOP,[G/T],38,6,87078761,+
rs295141541_B_F_7422478,rs295141541,TOP,[G/A],38,6,87088794,+
rs440427736_B_F_752642661,rs440427736,TOP,[A/G],38,6,89342885,+
rs184509791_B_F_11357151,rs184509791,TOP,[A/G],38,6,89430845,+
rs634826592_B_F_592564219,rs634826592,TOP,[T/C],38,6,89982438,+
rs886558344_B_F_361839770,rs886558344,TOP,[C/T],38,6,90016846,+
rs85720517_B_F_876203174,rs85720517,BOT,[A/G],38,6,90702932,-
rs441346028_B_F_442754346,rs441346028,BOT,[A/G],38,6,90855328,-
6:92523354_B_F_596939732,6:92523354,TOP,[G/A],38,6,92139235,+
rs527102684_B_F_426274893,rs527102684,TOP,[C/T],38,6,92973950,+
rs424459346_B_F_666025953,rs424459346,TOP,[G/A],38,6,92974324,+
rs266256912_B_F_559027516,rs266256912,BOT,[A/G],38,6,94254040,-
rs480694304_B_F_482227220,rs480694304,TOP,[G/A],38,6,94268941,+
rs805269819_B_F_492409799,rs805269819,TOP,[A/G],38,6,95996669,+
rs269083500_B_F_831181626,rs269083500,BOT,[G/A],38,6,96958039,-
rs341050984_B_F_951621566,rs341050984,TOP,[C/T],38,6,97259364,+
6:98173115_B_F_810373666,6:98173115,TOP,[C/T],38,6,97630493,+
6:98803597_B_F_344991811,6:98803597,TOP,[I/D],38,6,98338041,+
rs401006322_B_F_854678025,rs401006322,BOT,[T/C],38,6,98460000,-
6:99129059_B_F_650106814,6:99129059,TOP,[T/C],38,6,98586437,+
rs725028064_B_F_177855431,rs725028064,BOT,[G/A],38,6,98974594,-
6:99927099_B_F_592802871,6:99927099,BOT,[G/A],38,6,99542980,-
rs483043402_B_F_671425653,rs483043402,TOP,[G/A],38,6,99660624,+
rs831205985_B_F_634706070,rs831205985,BOT,[A/C],38,6,99785994,-
6:101060752_B_F_761004407,6:101060752,BOT,[A/G],38,6,100518130,-
rs80704625_B_F_338195137,rs80704625,BOT,[T/C],38,6,100944472,-
rs544124826_B_F_36299843,rs544124826,TOP,[I/D],38,6,101271998,+
rs819864618_B_F_149100348,rs819864618,TOP,[A/G],38,6,101857716,+
rs119714752_B_F_798226801,rs119714752,TOP,[A/G],38,6,102408717,+
rs369092762_B_F_709103234,rs369092762,TOP,[A/G],38,6,102410069,+
6:102952914_B_F_195705471,6:102952914,BOT,[C/T],38,6,102568795,-
rs806055320_B_F_357440201,rs806055320,BOT,[C/T],38,6,102822596,-
rs419113364_B_F_668695849,rs419113364,BOT,[I/D],38,6,103766080,-
rs158321138_B_F_790287003,rs158321138,BOT,[I/D],38,6,104091902,-
rs423569833_B_F_664855578,rs423569833,BOT,[C/T],38,6,104404909,-
6:105158167_B_F_429942127,6:105158167,BOT,[I/D],38,6,104692611,-
rs890423714_B_F_606229426,rs890423714,TOP,[G/T],38,6,105327277,+
rs615968201_B_F_458805053,rs615968201,TOP,[I/D],38,6,105561651,+
rs139919014_B_F_998279248,rs139919014,BOT,[I/D],38,6,105684448,-
6:106262661_B_F_909458579,6:106262661,TOP,[A/G],38,6,105797105,+
rs532501213_B_F_628264075,rs532501213,BOT,[G/T],38,6,106539495,-
rs463235968_B_F_75024665,rs463235968,TOP,[A/G],38,6,106541337,+
rs799129269_B_F_627209609,rs799129269,BOT,[T/C],38,6,106676004,-
6:107196185_B_F_790922316,6:107196185,TOP,[G/A],38,6,106730629,+
6:107265370_B_F_465969713,6:107265370,TOP,[C/T],38,6,106799814,+
rs83513843_B_F_807991483,rs83513843,BOT,[T/C],38,6,106856387,-
rs40784301_B_F_646893484,rs40784301,BOT,[T/C],38,6,107076383,-
rs83139585_B_F_587749573,rs83139585,TOP,[A/G],38,6,107506029,+
rs511967446_B_F_382370957,rs511967446,BOT,[T/C],38,6,108611151,-
rs678063436_B_F_194934632,rs678063436,BOT,[A/G],38,6,109147854,-
rs448185514_B_F_623242422,rs448185514,TOP,[I/D],38,6,109428578,+
6:110580433_B_F_756140779,6:110580433,TOP,[T/C],38,6,110037811,+
rs427767906_B_F_707585704,rs427767906,BOT,[A/G],38,6,110334349,-
rs150748843_B_F_952853228,rs150748843,TOP,[A/G],38,6,110389822,+
rs698681751_B_F_165322301,rs698681751,BOT,[G/A],38,6,111564549,-
rs159610230_B_F_28005382,rs159610230,BOT,[C/T],38,6,111686017,-
rs855439541_B_F_659365952,rs855439541,BOT,[G/T],38,6,112024760,-
rs435393996_B_F_937734767,rs435393996,TOP,[I/D],38,6,113382365,+
rs305675721_B_F_824041795,rs305675721,BOT,[T/C],38,6,113511105,-
rs642279997_B_F_275296142,rs642279997,TOP,[I/D],38,6,113811740,+
rs857406140_B_F_326183750,rs857406140,TOP,[A/G],38,6,113880958,+
rs596091952_B_F_715005361,rs596091952,TOP,[T/C],38,6,113907204,+
rs450608582_B_F_753496418,rs450608582,BOT,[A/C],38,6,114400054,-
6:116004248_B_F_410426917,6:116004248,TOP,[C/T],38,6,115620129,+
6:116171829_B_F_216843488,6:116171829,TOP,[C/T],38,6,115787710,+
rs689295697_B_F_202428273,rs689295697,BOT,[T/C],38,6,115912841,-
rs159161621_B_F_53080250,rs159161621,TOP,[A/G],38,6,115956955,+
rs214624628_B_F_84182265,rs214624628,BOT,[A/G],38,6,116065971,-
rs715406004_B_F_69699347,rs715406004,BOT,[A/T],38,6,117219754,-
6:117785103_B_F_79142330,6:117785103,BOT,[T/C],38,6,117400984,-
rs198445266_B_F_204016810,rs198445266,BOT,[G/A],38,6,117511673,-
rs362870730_B_F_350746013,rs362870730,TOP,[G/T],38,6,117678347,+
rs807312761_B_F_283155894,rs807312761,TOP,[C/T],38,6,118579390,+
rs324097053_B_F_152616912,rs324097053,TOP,[G/T],38,6,118744857,+
rs835598144_B_F_482297713,rs835598144,TOP,[A/G],38,6,119184878,+
rs51406382_B_F_886275221,rs51406382,BOT,[A/G],38,6,119194789,-
rs487212899_B_F_328714997,rs487212899,BOT,[G/A],38,6,120759626,-
6:122039471_B_F_782006064,6:122039471,TOP,[G/A],38,6,121573915,+
rs784506611_B_F_74970770,rs784506611,TOP,[I/D],38,6,122451974,+
rs359008029_B_F_985863441,rs359008029,TOP,[T/C],38,6,122472279,+
6:123585165_B_F_253998227,6:123585165,BOT,[C/T],38,6,123119609,-
rs548398676_B_F_834556446,rs548398676,BOT,[T/G],38,6,124424717,-
rs406889074_B_F_456538748,rs406889074,TOP,[C/T],38,6,124467038,+
6:125040937_B_F_789887234,6:125040937,TOP,[G/A],38,6,124575381,+
rs440668434_B_F_687364196,rs440668434,TOP,[T/C],38,6,124616828,+
6:125790523_B_F_378150024,6:125790523,BOT,[A/G],38,6,125247901,-
rs79868590_B_F_812220276,rs79868590,BOT,[G/A],38,6,125573583,-
rs11018366_B_F_425341471,rs11018366,TOP,[C/T],38,6,125940447,+
rs60359402_B_F_75437704,rs60359402,BOT,[A/G],38,6,127828532,-
rs451423608_B_F_669404712,rs451423608,TOP,[C/A],38,6,128551459,+
rs59004757_B_F_304876601,rs59004757,TOP,[G/A],38,6,129472826,+
6:130058999_B_F_947810287,6:130058999,TOP,[C/T],38,6,129674880,+
6:130213835_B_F_527753728,6:130213835,TOP,[I/D],38,6,129829716,+
rs390966742_B_F_921035070,rs390966742,TOP,[T/C],38,6,130027327,+
rs92131072_B_F_218724891,rs92131072,TOP,[I/D],38,6,131116923,+
rs661566599_B_F_237470078,rs661566599,TOP,[T/C],38,6,131690719,+
rs489481083_B_F_413819808,rs489481083,TOP,[C/T],38,6,131888561,+
rs344205419_B_F_491078487,rs344205419,BOT,[A/G],38,6,132216971,-
rs104327714_B_F_76725805,rs104327714,BOT,[G/T],38,6,132681669,-
rs877553277_B_F_405168626,rs877553277,BOT,[C/T],38,6,132756482,-
rs357184424_B_F_20257135,rs357184424,BOT,[T/C],38,6,134334648,-
rs690073434_B_F_191476532,rs690073434,BOT,[T/G],38,6,134403196,-
rs209221708_B_F_517218654,rs209221708,BOT,[A/G],38,6,134551588,-
rs892123284_B_F_615700293,rs892123284,BOT,[A/G],38,6,134857064,-
rs119601850_B_F_512860878,rs119601850,TOP,[T/C],38,6,134960657,+
rs84675033_B_F_501667502,rs84675033,BOT,[G/A],38,6,135126635,-
rs739003746_B_F_502321716,rs739003746,TOP,[A/G],38,6,135443941,+
rs742452246_B_F_264874403,rs742452246,TOP,[A/G],38,6,135503003,+
rs840546192_B_F_554965723,rs840546192,BOT,[I/D],38,6,135658082,-
rs47563709_B_F_79691571,rs47563709,BOT,[C/T],38,6,135812107,-
rs509702231_B_F_122608759,rs509702231,BOT,[G/T],38,6,136647403,-
rs285209910_B_F_398276710,rs285209910,TOP,[T/C],38,6,137452267,+
rs215381947_B_F_299657845,rs215381947,TOP,[T/C],38,6,137529059,+
6:137930430_B_F_884623247,6:137930430,TOP,[G/A],38,6,137546311,+
rs675265379_B_F_351418838,rs675265379,TOP,[T/C],38,6,137970223,+
6:138800931_B_F_44593400,6:138800931,TOP,[T/C],38,6,138335375,+
rs225781338_B_F_295238406,rs225781338,TOP,[C/T],38,6,138501335,+
rs243564605_B_F_66031086,rs243564605,TOP,[T/G],38,6,138900713,+
rs662769666_B_F_878107203,rs662769666,TOP,[A/G],38,6,139181071,+
rs593811733_B_F_499795544,rs593811733,BOT,[C/T],38,6,139223209,-
6:139642868_B_F_56331337,6:139642868,BOT,[A/G],38,6,139258749,-
6:139819898_B_F_738430440,6:139819898,BOT,[I/D],38,6,139354342,-
rs679392952_B_F_17722096,rs679392952,BOT,[A/C],38,6,139909770,-
rs166710685_B_F_64854041,rs166710685,TOP,[I/D],38,6,140798174,+
rs440789945_B_F_670488213,rs440789945,TOP,[A/G],38,6,141313129,+
rs400992990_B_F_172301113,rs400992990,TOP,[G/A],38,6,142356077,+
6:142751951_B_F_554809508,6:142751951,TOP,[G/A],38,6,142367832,+
rs861346276_B_F_860638916,rs861346276,BOT,[T/C],38,6,142525428,-
6:143107522_B_F_679372892,6:143107522,TOP,[T/C],38,6,142564900,+
rs836721315_B_F_279878512,rs836721315,BOT,[C/T],38,6,142600839,-
6:142999203_B_F_861610135,6:142999203,TOP,[G/A],38,6,142615084,+
rs759374621_B_F_473144930,rs759374621,TOP,[C/T],38,6,142771014,+
rs202631041_B_F_236378038,rs202631041,BOT,[G/T],38,6,143525654,-
rs674916905_B_F_962086889,rs674916905,BOT,[A/G],38,6,143744371,-
rs871198207_B_F_947562120,rs871198207,BOT,[T/C],38,6,144449484,-
rs584409457_B_F_556774096,rs584409457,BOT,[G/A],38,6,144789144,-
rs836586470_B_F_998358920,rs836586470,BOT,[T/C],38,6,144990765,-
rs760199684_B_F_836793650,rs760199684,TOP,[I/D],38,6,145025991,+
rs555367649_B_F_662609338,rs555367649,TOP,[T/C],38,6,145057072,+
rs509210981_B_F_246443568,rs509210981,BOT,[A/G],38,6,145547860,-
6:146714217_B_F_700714496,6:146714217,BOT,[G/A],38,6,146171595,-
rs886383501_B_F_99690684,rs886383501,TOP,[I/D],38,6,146445002,+
6:147180107_B_F_175816798,6:147180107,BOT,[G/T],38,6,146637485,-
rs221460452_B_F_652397843,rs221460452,TOP,[A/G],38,6,146721148,+
6:148215472_B_F_352068021,6:148215472,TOP,[A/G],38,6,147749916,+
rs153265176_B_F_603947444,rs153265176,TOP,[G/A],38,6,149224925,+
rs802001207_B_F_496653167,rs802001207,TOP,[A/G],38,6,149236722,+
rs150936590_B_F_736654709,rs150936590,TOP,[A/C],38,6,149315099,+
rs563042802_B_F_545373001,rs563042802,BOT,[G/A],38,6,150268335,-
rs750027095_B_F_440167194,rs750027095,BOT,[T/C],38,6,150341473,-
rs751850714_B_F_915524675,rs751850714,TOP,[A/G],38,6,150409198,+
rs146586014_B_F_998383000,rs146586014,TOP,[C/T],38,6,150448005,+
rs381450641_B_F_503247136,rs381450641,BOT,[G/A],38,6,150524019,-
rs520871630_B_F_147859708,rs520871630,BOT,[G/A],38,6,150839950,-
6:151306245_B_F_167837592,6:151306245,TOP,[T/C],38,6,150840689,+
rs80757223_B_F_263096098,rs80757223,TOP,[A/G],38,6,151161651,+
6:152069895_B_F_731263570,6:152069895,BOT,[I/D],38,6,151685776,-
6:152428879_B_F_399922162,6:152428879,TOP,[A/G],38,6,151963323,+
rs759985151_B_F_505742213,rs759985151,TOP,[T/C],38,6,152101200,+
rs680697232_B_F_191276080,rs680697232,BOT,[T/C],38,6,152328911,-
rs349703461_B_F_713780245,rs349703461,TOP,[C/T],38,6,152439944,+
rs811713031_B_F_819550160,rs811713031,TOP,[G/A],38,6,152742975,+
rs803590137_B_F_71835715,rs803590137,BOT,[C/T],38,6,152816696,-
rs220255352_B_F_165398427,rs220255352,BOT,[A/G],38,6,153156723,-
rs386888475_B_F_332794637,rs386888475,TOP,[T/C],38,6,153254016,+
rs429193944_B_F_263151369,rs429193944,BOT,[A/G],38,6,154093438,-
6:154758733_B_F_374143434,6:154758733,TOP,[A/G],38,6,154293177,+
rs59246509_B_F_628552430,rs59246509,TOP,[T/G],38,6,154308930,+
rs286382464_B_F_409145670,rs286382464,BOT,[A/G],38,6,155240430,-
6:155726652_B_F_227806656,6:155726652,TOP,[C/T],38,6,155342533,+
6:155819088_B_F_292656399,6:155819088,TOP,[G/A],38,6,155353532,+
rs876668485_B_F_101953121,rs876668485,BOT,[A/G],38,6,156930641,-
rs333214798_B_F_867040099,rs333214798,TOP,[C/T],38,6,157132054,+
rs299145122_B_F_307297638,rs299145122,TOP,[G/A],38,6,157330453,+
rs81094990_B_F_807878819,rs81094990,TOP,[C/T],38,6,157432627,+
rs831976919_B_F_739624543,rs831976919,BOT,[T/C],38,6,157503839,-
rs292519629_B_F_748025832,rs292519629,BOT,[C/T],38,6,158435353,-
rs421843259_B_F_202279822,rs421843259,TOP,[A/G],38,6,158546352,+
rs365573674_B_F_915925497,rs365573674,TOP,[C/T],38,6,158732893,+
rs614960528_B_F_328093691,rs614960528,TOP,[T/C],38,6,158980866,+
rs26599799_B_F_372737075,rs26599799,BOT,[T/C],38,6,159277108,-
rs255144499_B_F_831070940,rs255144499,TOP,[G/T],38,6,159813764,+
rs772804096_B_F_228956078,rs772804096,TOP,[T/C],38,6,160325480,+
rs796949244_B_F_460216562,rs796949244,TOP,[A/G],38,6,160349188,+
rs73113022_B_F_952575629,rs73113022,TOP,[A/G],38,6,160534553,+
rs814045967_B_F_769001552,rs814045967,TOP,[A/G],38,6,160769484,+
rs328147485_B_F_919806390,rs328147485,BOT,[G/A],38,6,161061462,-
rs507895421_B_F_284050111,rs507895421,TOP,[A/C],38,6,161246097,+
rs97809488_B_F_153938148,rs97809488,BOT,[G/A],38,6,161514896,-
rs172372825_B_F_6704251,rs172372825,BOT,[A/G],38,6,161560502,-
rs671753546_B_F_785692860,rs671753546,TOP,[A/G],38,6,161871844,+
rs797877625_B_F_999146422,rs797877625,BOT,[C/T],38,6,161896237,-
rs679112083_B_F_906086313,rs679112083,TOP,[I/D],38,6,161914508,+
rs58541964_B_F_446526960,rs58541964,BOT,[C/T],38,6,162049909,-
6:162629290_B_F_712415334,6:162629290,BOT,[A/G],38,6,162245171,-
rs31232553_B_F_986960227,rs31232553,BOT,[I/D],38,6,162317943,-
rs887919461_B_F_122954797,rs887919461,BOT,[A/G],38,6,162779279,-
rs124039182_B_F_184823586,rs124039182,TOP,[A/G],38,6,162838228,+
rs816357860_B_F_895474698,rs816357860,BOT,[T/G],38,6,163304483,-
6:164149764_B_F_168682620,6:164149764,TOP,[G/A],38,6,163765645,+
rs411867812_B_F_209700500,rs411867812,TOP,[T/C],38,6,164021031,+
rs898365603_B_F_422017359,rs898365603,BOT,[A/C],38,6,164163845,-
6:164838873_B_F_827203677,6:164838873,TOP,[T/C],38,6,164296251,+
rs732281236_B_F_372669624,rs732281236,TOP,[G/A],38,6,164507255,+
rs33810466_B_F_772756906,rs33810466,BOT,[A/C],38,6,164743570,-
rs534152838_B_F_719001896,rs534152838,TOP,[A/G],38,6,164851799,+
6:165641414_B_F_744823883,6:165641414,TOP,[T/C],38,6,165098792,+
6:165887799_B_F_131345489,6:165887799,TOP,[G/T],38,6,165345177,+
rs355660580_B_F_216949825,rs355660580,BOT,[G/A],38,6,165407862,-
rs59161510_B_F_516696403,rs59161510,TOP,[C/T],38,6,165594686,+
6:166688660_B_F_386747598,6:166688660,BOT,[A/G],38,6,166304541,-
rs479619813_B_F_661215989,rs479619813,TOP,[A/G],38,6,166502624,+
6:167049059_B_F_261728685,6:167049059,BOT,[T/G],38,6,166583503,-
6:167496541_B_F_989898933,6:167496541,TOP,[T/C],38,6,167112422,+
6:167888018_B_F_213218427,6:167888018,TOP,[A/G],38,6,167503899,+
6:168556513_B_F_568270836,6:168556513,TOP,[T/G],38,6,168172394,+
rs857006919_B_F_239598633,rs857006919,BOT,[T/C],38,6,168817657,-
6:169701502_B_F_743797859,6:169701502,TOP,[A/G],38,6,169158880,+
rs249983428_B_F_905167654,rs249983428,TOP,[T/C],38,6,169233090,+
rs459305776_B_F_970122444,rs459305776,BOT,[A/G],38,6,169512949,-
rs148728920_B_F_36847560,rs148728920,BOT,[T/C],38,6,169665159,-
rs353807269_B_F_603570489,rs353807269,BOT,[G/A],38,6,170166550,-
rs760283878_B_F_918023794,rs760283878,TOP,[T/C],38,6,170322315,+
rs689893279_B_F_929687753,rs689893279,BOT,[T/G],38,6,170491476,-
rs739238994_B_F_21735804,rs739238994,TOP,[A/G],38,7,54400,+
rs724540709_B_F_73408125,rs724540709,TOP,[T/G],38,7,168027,+
7:1614970_B_F_810594337,7:1614970,TOP,[T/C],38,7,1072348,+
rs486625574_B_F_762991922,rs486625574,BOT,[A/G],38,7,1104891,-
rs485154513_B_F_772218437,rs485154513,BOT,[G/A],38,7,1312497,-
rs886238283_B_F_83085899,rs886238283,TOP,[T/G],38,7,1471683,+
rs395509911_B_F_522672282,rs395509911,TOP,[G/A],38,7,1543652,+
rs48075393_B_F_37861142,rs48075393,BOT,[A/G],38,7,1819865,-
rs444725054_B_F_662945301,rs444725054,TOP,[T/C],38,7,1925168,+
rs307501001_B_F_809037976,rs307501001,TOP,[A/G],38,7,2100317,+
rs403223248_B_F_429122367,rs403223248,TOP,[T/C],38,7,2254972,+
rs384511499_B_F_381280838,rs384511499,BOT,[A/G],38,7,2904896,-
7:3426345_B_F_962116084,7:3426345,TOP,[T/C],38,7,2960789,+
rs884975859_B_F_118368460,rs884975859,BOT,[T/C],38,7,4185817,-
rs162728811_B_F_645420004,rs162728811,BOT,[G/T],38,7,4312786,-
rs491220663_B_F_718079591,rs491220663,TOP,[G/A],38,7,4530590,+
rs809770903_B_F_441825414,rs809770903,BOT,[T/G],38,7,4557293,-
rs394250767_B_F_855665468,rs394250767,BOT,[G/T],38,7,4882710,-
7:5622898_B_F_876357595,7:5622898,BOT,[C/T],38,7,5238779,-
rs381679094_B_F_456030096,rs381679094,TOP,[T/C],38,7,5308115,+
7:5777946_B_F_790470837,7:5777946,TOP,[T/C],38,7,5393827,+
rs111316112_B_F_743017239,rs111316112,BOT,[T/C],38,7,5458870,-
rs300979562_B_F_407287145,rs300979562,TOP,[A/G],38,7,5538888,+
rs567681552_B_F_578230314,rs567681552,BOT,[G/A],38,7,5833449,-
rs182102881_B_F_739758933,rs182102881,TOP,[I/D],38,7,6505060,+
rs585965859_B_F_647637118,rs585965859,TOP,[C/T],38,7,6541838,+
rs729026458_B_F_200965798,rs729026458,TOP,[G/T],38,7,7137224,+
7:8446254_B_F_121874463,7:8446254,BOT,[A/G],38,7,8062135,-
7:8640500_B_F_274140919,7:8640500,TOP,[A/G],38,7,8174944,+
rs357874176_B_F_506606361,rs357874176,BOT,[A/C],38,7,8247833,-
rs64579173_B_F_1095687,rs64579173,BOT,[A/G],38,7,8273180,-
rs427195661_B_F_252610944,rs427195661,BOT,[C/T],38,7,9041422,-
7:9716313_B_F_508974055,7:9716313,TOP,[C/T],38,7,9173691,+
rs851187867_B_F_615503108,rs851187867,TOP,[T/G],38,7,9261841,+
rs528911359_B_F_107431375,rs528911359,TOP,[C/T],38,7,9704541,+
rs844715382_B_F_678144721,rs844715382,BOT,[T/C],38,7,10084704,-
rs270844245_B_F_348014633,rs270844245,TOP,[I/D],38,7,10112903,+
rs37455060_B_F_821538621,rs37455060,TOP,[A/G],38,7,10872802,+
7:11633578_B_F_677938675,7:11633578,TOP,[T/C],38,7,11249459,+
rs471959591_B_F_831422513,rs471959591,TOP,[A/G],38,7,11540166,+
rs19073248_B_F_379141262,rs19073248,TOP,[C/T],38,7,11541494,+
7:12114585_B_F_849279826,7:12114585,TOP,[C/T],38,7,11571963,+
rs811336018_B_F_504440179,rs811336018,TOP,[G/A],38,7,11810157,+
7:13114249_B_F_878754915,7:13114249,BOT,[G/A],38,7,12571627,-
rs527968802_B_F_553110468,rs527968802,TOP,[A/G],38,7,12759978,+
7:13345311_B_F_533768768,7:13345311,TOP,[T/C],38,7,12879755,+
rs626031368_B_F_402834907,rs626031368,BOT,[T/G],38,7,13211179,-
rs138334208_B_F_236818943,rs138334208,BOT,[C/T],38,7,13479320,-
rs870404351_B_F_735213154,rs870404351,BOT,[C/T],38,7,13521761,-
7:14302599_B_F_589318437,7:14302599,TOP,[A/G],38,7,13837043,+
rs817426366_B_F_763168203,rs817426366,BOT,[C/T],38,7,14067965,-
rs451617529_B_F_761416729,rs451617529,BOT,[G/T],38,7,14778436,-
rs587008950_B_F_222726607,rs587008950,TOP,[G/A],38,7,15035278,+
7:15793386_B_F_125850359,7:15793386,TOP,[C/T],38,7,15409267,+
7:16360406_B_F_556944776,7:16360406,TOP,[C/T],38,7,15817784,+
rs70487246_B_F_975799347,rs70487246,TOP,[G/A],38,7,15868894,+
rs444168656_B_F_887707695,rs444168656,TOP,[G/A],38,7,16672208,+
rs694151538_B_F_293856395,rs694151538,TOP,[T/C],38,7,17462707,+
rs491522303_B_F_468197893,rs491522303,BOT,[I/D],38,7,17613339,-
rs462063100_B_F_253362345,rs462063100,BOT,[C/A],38,7,17686487,-
rs820262295_B_F_123919697,rs820262295,TOP,[G/A],38,7,17872713,+
7:18420548_B_F_396946977,7:18420548,BOT,[G/A],38,7,17954992,-
rs362044506_B_F_912760014,rs362044506,TOP,[T/C],38,7,18000506,+
7:18477748_B_F_590570291,7:18477748,BOT,[A/G],38,7,18093629,-
rs728933218_B_F_64095375,rs728933218,TOP,[I/D],38,7,18655057,+
7:19427849_B_F_147863034,7:19427849,BOT,[T/G],38,7,18885227,-
rs82045268_B_F_244005876,rs82045268,TOP,[G/A],38,7,18954704,+
rs3914103_B_F_873736733,rs3914103,TOP,[T/G],38,7,19330267,+
rs819582589_B_F_63589945,rs819582589,TOP,[A/G],38,7,19957637,+
rs261956809_B_F_267938533,rs261956809,TOP,[C/T],38,7,19965415,+
7:20527440_B_F_750609524,7:20527440,TOP,[A/C],38,7,19984818,+
rs773656634_B_F_522873641,rs773656634,BOT,[G/A],38,7,20241256,-
7:20844697_B_F_529071316,7:20844697,TOP,[A/G],38,7,20302075,+
rs516058067_B_F_662905871,rs516058067,TOP,[C/T],38,7,20330608,+
rs456162448_B_F_798580060,rs456162448,BOT,[G/A],38,7,20403173,-
rs199555603_B_F_290071529,rs199555603,TOP,[G/C],38,7,20751219,+
rs625476163_B_F_380812564,rs625476163,TOP,[G/A],38,7,21240145,+
rs645597977_B_F_337387118,rs645597977,BOT,[G/A],38,7,21573087,-
rs514619009_B_F_527979354,rs514619009,BOT,[T/C],38,7,21683813,-
7:22231335_B_F_978070178,7:22231335,TOP,[G/A],38,7,21688713,+
rs828419389_B_F_389584290,rs828419389,TOP,[I/D],38,7,22123746,+
rs263726941_B_F_78740927,rs263726941,BOT,[G/A],38,7,22147337,-
rs477961491_B_F_670196890,rs477961491,BOT,[A/G],38,7,22487418,-
rs60783833_B_F_877597541,rs60783833,TOP,[I/D],38,7,22539583,+
rs127112351_B_F_432184692,rs127112351,TOP,[A/G],38,7,22672838,+
7:23233983_B_F_235777778,7:23233983,BOT,[A/G],38,7,22691361,-
rs839046363_B_F_423138745,rs839046363,TOP,[T/C],38,7,22843002,+
rs536493415_B_F_749770828,rs536493415,BOT,[C/T],38,7,23197216,-
rs265868851_B_F_253631452,rs265868851,TOP,[A/G],38,7,23405997,+
rs514732483_B_F_736163127,rs514732483,BOT,[G/A],38,7,23898941,-
rs32206786_B_F_251995891,rs32206786,BOT,[G/A],38,7,24227739,-
rs95290808_B_F_858812068,rs95290808,TOP,[C/A],38,7,24419601,+
7:24828222_B_F_383676887,7:24828222,TOP,[T/C],38,7,24444103,+
rs350055847_B_F_452134746,rs350055847,TOP,[G/A],38,7,25511129,+
rs427116305_B_F_16423641,rs427116305,TOP,[C/T],38,7,25924052,+
7:26540378_B_F_492280841,7:26540378,TOP,[G/T],38,7,26074822,+
rs146822119_B_F_344354684,rs146822119,TOP,[G/A],38,7,26135753,+
rs651869752_B_F_263711047,rs651869752,BOT,[A/G],38,7,26326508,-
7:27576747_B_F_228925389,7:27576747,TOP,[I/D],38,7,27034125,+
rs505009682_B_F_196285093,rs505009682,BOT,[C/A],38,7,27283985,-
rs687086223_B_F_419196067,rs687086223,TOP,[A/G],38,7,27745330,+
7:28295076_B_F_955909434,7:28295076,BOT,[G/A],38,7,27910957,-
7:28580391_B_F_864696357,7:28580391,TOP,[A/C],38,7,28114835,+
rs782692440_B_F_184470884,rs782692440,BOT,[A/G],38,7,28163523,-
rs174200640_B_F_409598716,rs174200640,TOP,[A/G],38,7,28479962,+
rs330639567_B_F_784696435,rs330639567,TOP,[A/G],38,7,28516324,+
rs549177190_B_F_313584524,rs549177190,BOT,[A/C],38,7,28673960,-
rs406079855_B_F_763161154,rs406079855,BOT,[C/A],38,7,28676160,-
7:29109651_B_F_562044195,7:29109651,TOP,[A/G],38,7,28725532,+
7:29201320_B_F_947996546,7:29201320,BOT,[G/A],38,7,28735764,-
rs17950972_B_F_133196996,rs17950972,TOP,[T/C],38,7,28840164,+
7:29562732_B_F_533604117,7:29562732,TOP,[T/G],38,7,29020110,+
rs73693161_B_F_45741599,rs73693161,BOT,[T/C],38,7,29483947,-
rs460433975_B_F_580646386,rs460433975,TOP,[A/G],38,7,29586576,+
rs680764745_B_F_876744149,rs680764745,TOP,[G/T],38,7,29644092,+
7:30521347_B_F_78779179,7:30521347,TOP,[T/C],38,7,30137228,+
7:30860831_B_F_527570234,7:30860831,TOP,[G/T],38,7,30395275,+
rs60736615_B_F_734444667,rs60736615,BOT,[G/A],38,7,30745300,-
rs31432533_B_F_688760072,rs31432533,BOT,[I/D],38,7,30791472,-
rs706223966_B_F_23536788,rs706223966,TOP,[T/C],38,7,31032854,+
rs150006249_B_F_644908438,rs150006249,TOP,[T/C],38,7,31442919,+
rs546254449_B_F_225933721,rs546254449,BOT,[G/A],38,7,31780424,-
rs802421253_B_F_853937219,rs802421253,TOP,[G/A],38,7,32169569,+
7:32779607_B_F_136191915,7:32779607,TOP,[G/A],38,7,32236985,+
rs628313902_B_F_574371293,rs628313902,TOP,[A/G],38,7,32316722,+
rs297316166_B_F_161160517,rs297316166,TOP,[I/D],38,7,32317600,+
rs580545739_B_F_701269099,rs580545739,BOT,[C/T],38,7,32329536,-
rs154058475_B_F_743881676,rs154058475,TOP,[A/G],38,7,32955719,+
rs626442425_B_F_518158705,rs626442425,BOT,[G/A],38,7,33186909,-
rs821510127_B_F_622745486,rs821510127,BOT,[A/C],38,7,33514550,-
rs725663564_B_F_414217269,rs725663564,BOT,[T/C],38,7,33684477,-
rs705985735_B_F_135179458,rs705985735,TOP,[I/D],38,7,34379290,+
rs21681312_B_F_104978734,rs21681312,BOT,[I/D],38,7,34492138,-
7:35011641_B_F_628341379,7:35011641,TOP,[A/G],38,7,34546085,+
rs571262670_B_F_62703334,rs571262670,TOP,[I/D],38,7,35325749,+
rs793067669_B_F_437889200,rs793067669,TOP,[T/C],38,7,36172140,+
rs520932182_B_F_644131649,rs520932182,TOP,[A/C],38,7,36788328,+
7:37388404_B_F_315000204,7:37388404,BOT,[A/G],38,7,36922848,-
7:37705306_B_F_706032320,7:37705306,BOT,[G/A],38,7,37162684,-
rs876573826_B_F_647089151,rs876573826,BOT,[A/C],38,7,37520707,-
rs766350466_B_F_533699554,rs766350466,BOT,[C/T],38,7,37746912,-
7:39017867_B_F_136397302,7:39017867,TOP,[C/A],38,7,38633748,+
rs625528376_B_F_277133479,rs625528376,TOP,[A/G],38,7,38880120,+
7:39314956_B_F_425726780,7:39314956,BOT,[G/A],38,7,38930837,-
7:39581858_B_F_841881330,7:39581858,TOP,[T/C],38,7,39039236,+
rs306424277_B_F_613524729,rs306424277,TOP,[T/C],38,7,39081865,+
rs42810511_B_F_572462714,rs42810511,BOT,[T/C],38,7,39279396,-
rs673017059_B_F_150179198,rs673017059,TOP,[A/G],38,7,39505188,+
rs216713111_B_F_317929574,rs216713111,BOT,[A/G],38,7,40828542,-
rs470878068_B_F_562246280,rs470878068,BOT,[A/G],38,7,41064479,-
7:41919877_B_F_299909324,7:41919877,BOT,[T/C],38,7,41377255,-
rs306981370_B_F_478235197,rs306981370,BOT,[A/G],38,7,41417778,-
rs65251247_B_F_673380173,rs65251247,TOP,[T/C],38,7,41639516,+
rs196732062_B_F_160033527,rs196732062,TOP,[G/A],38,7,41996695,+
rs862084647_B_F_809155594,rs862084647,TOP,[T/C],38,7,42074771,+
rs573359701_B_F_875762583,rs573359701,BOT,[G/A],38,7,42286201,-
rs468472659_B_F_437844633,rs468472659,BOT,[T/C],38,7,42417035,-
rs538639839_B_F_830717827,rs538639839,TOP,[A/C],38,7,42661807,+
7:43380931_B_F_791165120,7:43380931,TOP,[T/C],38,7,42838309,+
rs319292465_B_F_291036437,rs319292465,BOT,[T/C],38,7,43115651,-
rs459492626_B_F_99344661,rs459492626,TOP,[C/T],38,7,43190905,+
7:43864002_B_F_827513664,7:43864002,TOP,[T/C],38,7,43398446,+
rs163300265_B_F_25666192,rs163300265,TOP,[A/G],38,7,44074652,+
rs618555487_B_F_799197494,rs618555487,BOT,[G/T],38,7,44548443,-
rs195695218_B_F_97725053,rs195695218,BOT,[C/T],38,7,45202547,-
rs623966531_B_F_696098780,rs623966531,TOP,[A/C],38,7,45424623,+
rs420799155_B_F_767174615,rs420799155,TOP,[T/C],38,7,45443361,+
7:46454803_B_F_530059824,7:46454803,TOP,[G/A],38,7,45989247,+
rs685260860_B_F_514835649,rs685260860,BOT,[I/D],38,7,46280517,-
7:46894253_B_F_958019357,7:46894253,TOP,[A/G],38,7,46428697,+
rs456716082_B_F_874788227,rs456716082,TOP,[G/A],38,7,46477330,+
rs765976700_B_F_106993139,rs765976700,TOP,[A/G],38,7,47293503,+
rs717774340_B_F_159297819,rs717774340,TOP,[C/A],38,7,47441775,+
7:48602654_B_F_840383366,7:48602654,BOT,[A/G],38,7,48218535,-
rs563631100_B_F_5200154,rs563631100,BOT,[T/C],38,7,48794615,-
rs660240037_B_F_536773634,rs660240037,TOP,[G/A],38,7,49247412,+
rs264270637_B_F_348409191,rs264270637,BOT,[T/C],38,7,49369244,-
7:50264964_B_F_584780224,7:50264964,BOT,[A/C],38,7,49799408,-
7:50490023_B_F_669455418,7:50490023,TOP,[C/A],38,7,50105904,+
rs574658645_B_F_867481773,rs574658645,BOT,[C/T],38,7,50865423,-
rs116950963_B_F_754498695,rs116950963,TOP,[A/G],38,7,51906950,+
rs239326055_B_F_350846266,rs239326055,BOT,[I/D],38,7,51957763,-
rs196904729_B_F_816777759,rs196904729,TOP,[A/G],38,7,52020660,+
rs710196667_B_F_908679098,rs710196667,BOT,[C/T],38,7,52425597,-
rs493764798_B_F_864415520,rs493764798,TOP,[T/G],38,7,52447695,+
rs484434864_B_F_472467456,rs484434864,TOP,[I/D],38,7,52559325,+
7:53065615_B_F_101728625,7:53065615,BOT,[C/T],38,7,52600059,-
rs189466463_B_F_483011000,rs189466463,TOP,[T/C],38,7,53002597,+
rs15738161_B_F_348969796,rs15738161,BOT,[G/T],38,7,53486041,-
rs679397846_B_F_713996011,rs679397846,BOT,[A/G],38,7,53493136,-
rs613166745_B_F_493371424,rs613166745,TOP,[C/T],38,7,53568425,+
7:53959125_B_F_208195733,7:53959125,TOP,[A/C],38,7,53575006,+
7:54911676_B_F_130860397,7:54911676,TOP,[A/G],38,7,54446120,+
rs300780655_B_F_549545281,rs300780655,TOP,[A/G],38,7,54536394,+
rs182486196_B_F_628252973,rs182486196,BOT,[T/C],38,7,55242674,-
rs247049144_B_F_41802000,rs247049144,BOT,[C/T],38,7,55266547,-
rs868822238_B_F_914482880,rs868822238,TOP,[C/T],38,7,55488735,+
rs797158241_B_F_437318200,rs797158241,BOT,[T/C],38,7,56326159,-
rs371248592_B_F_153967170,rs371248592,BOT,[I/D],38,7,56465914,-
rs51422940_B_F_433170484,rs51422940,BOT,[T/C],38,7,56515704,-
7:57778464_B_F_718108782,7:57778464,TOP,[T/C],38,7,57312908,+
rs533344810_B_F_66314497,rs533344810,TOP,[I/D],38,7,57336085,+
rs465678339_B_F_657634102,rs465678339,TOP,[A/G],38,7,57678789,+
rs333619518_B_F_703625894,rs333619518,TOP,[G/A],38,7,64121391,+
rs131767470_B_F_488937300,rs131767470,TOP,[T/C],38,7,64574158,+
rs698025713_B_F_120391934,rs698025713,TOP,[G/A],38,7,65499597,+
rs133458365_B_F_480360217,rs133458365,TOP,[G/T],38,7,65984729,+
7:67170501_B_F_323206775,7:67170501,BOT,[G/A],38,7,66786382,-
rs278008118_B_F_118433445,rs278008118,BOT,[C/T],38,7,67523329,-
rs224229209_B_F_836455930,rs224229209,TOP,[I/D],38,7,67660895,+
rs553474018_B_F_892713230,rs553474018,TOP,[T/C],38,7,67943833,+
rs775862276_B_F_458204497,rs775862276,TOP,[C/A],38,7,68264225,+
rs166994445_B_F_239150131,rs166994445,TOP,[C/T],38,7,68405272,+
rs854089804_B_F_855456047,rs854089804,TOP,[A/G],38,7,68601386,+
7:69499165_B_F_364287201,7:69499165,BOT,[G/A],38,7,69115046,-
rs437602591_B_F_178595950,rs437602591,TOP,[G/A],38,7,69368116,+
rs451132501_B_F_903598356,rs451132501,BOT,[G/A],38,7,69510442,-
rs190906438_B_F_900447674,rs190906438,TOP,[G/A],38,7,70402415,+
7:70976807_B_F_552539269,7:70976807,BOT,[T/C],38,7,70511251,-
rs316837069_B_F_97521122,rs316837069,BOT,[C/T],38,7,70661160,-
rs559878728_B_F_439338864,rs559878728,BOT,[T/C],38,7,70967869,-
rs35923821_B_F_558189135,rs35923821,TOP,[T/C],38,7,71108401,+
rs352133553_B_F_140480319,rs352133553,BOT,[I/D],38,7,71593181,-
rs367940913_B_F_164045879,rs367940913,TOP,[T/C],38,7,71600534,+
7:72309762_B_F_707171491,7:72309762,TOP,[C/T],38,7,71767140,+
rs763446306_B_F_449601852,rs763446306,TOP,[C/A],38,7,72201879,+
rs198287380_B_F_85782840,rs198287380,BOT,[C/T],38,7,73632449,-
7:74973717_B_F_42096502,7:74973717,BOT,[T/C],38,7,74431095,-
rs368189142_B_F_475473623,rs368189142,BOT,[I/D],38,7,76347079,-
rs58265358_B_F_567062699,rs58265358,BOT,[A/G],38,7,77321382,-
rs509102061_B_F_21885046,rs509102061,BOT,[I/D],38,7,77383648,-
rs4089735_B_F_547147365,rs4089735,TOP,[G/A],38,7,77496144,+
rs85019821_B_F_976127191,rs85019821,TOP,[A/G],38,7,78690412,+
7:79605169_B_F_116490474,7:79605169,TOP,[A/G],38,7,79221050,+
rs633780672_B_F_846817009,rs633780672,TOP,[G/A],38,7,79802736,+
rs847991766_B_F_602324318,rs847991766,TOP,[G/A],38,7,80535064,+
rs142253093_B_F_53606995,rs142253093,TOP,[C/T],38,7,80702652,+
7:81457792_B_F_860946884,7:81457792,TOP,[G/A],38,7,81073673,+
rs173131545_B_F_122776197,rs173131545,BOT,[T/C],38,7,81151700,-
rs404417638_B_F_504886931,rs404417638,TOP,[A/G],38,7,81487080,+
rs557485002_B_F_85551770,rs557485002,TOP,[T/C],38,7,81644107,+
rs885730246_B_F_85518741,rs885730246,BOT,[C/T],38,7,83099062,-
rs103663916_B_F_21724004,rs103663916,TOP,[G/T],38,7,83647552,+
7:84212679_B_F_127955862,7:84212679,BOT,[T/C],38,7,83670057,-
rs804814153_B_F_956699132,rs804814153,TOP,[C/A],38,7,83875098,+
rs14159336_B_F_972942938,rs14159336,BOT,[A/C],38,7,84013239,-
rs97326907_B_F_369037207,rs97326907,BOT,[G/T],38,7,85317349,-
rs133691542_B_F_936594340,rs133691542,BOT,[G/A],38,7,85519944,-
7:87168638_B_F_985445310,7:87168638,BOT,[T/C],38,7,86626016,-
7:87342462_B_F_916048884,7:87342462,TOP,[T/C],38,7,86958343,+
rs500606598_B_F_66983631,rs500606598,BOT,[A/G],38,7,87125666,-
rs73969039_B_F_950352657,rs73969039,TOP,[T/G],38,7,87536385,+
rs767796821_B_F_890798989,rs767796821,TOP,[A/G],38,7,87556578,+
rs418902839_B_F_278956782,rs418902839,BOT,[A/C],38,7,88618051,-
rs899950555_B_F_570716696,rs899950555,BOT,[I/D],38,7,89474247,-
rs896942667_B_F_161611546,rs896942667,TOP,[G/A],38,7,89909798,+
7:90652508_B_F_280899077,7:90652508,BOT,[G/T],38,7,90268389,-
rs365100486_B_F_243908719,rs365100486,TOP,[C/T],38,7,90415009,+
rs492057010_B_F_202341332,rs492057010,TOP,[T/G],38,7,90966667,+
rs550964617_B_F_194774330,rs550964617,BOT,[A/C],38,7,91032128,-
rs422573466_B_F_201415795,rs422573466,TOP,[T/G],38,7,91143257,+
rs109427433_B_F_389262186,rs109427433,TOP,[G/A],38,7,91182271,+
7:91734445_B_F_265119326,7:91734445,TOP,[G/A],38,7,91191823,+
rs33964339_B_F_354978767,rs33964339,BOT,[G/A],38,7,91749914,-
rs736505599_B_F_198096877,rs736505599,TOP,[C/T],38,7,92606850,+
7:93337087_B_F_555093606,7:93337087,TOP,[A/G],38,7,92871531,+
rs415017515_B_F_555908852,rs415017515,TOP,[C/T],38,7,93800289,+
7:94426723_B_F_458588993,7:94426723,TOP,[G/A],38,7,93884101,+
7:95263149_B_F_389191370,7:95263149,TOP,[T/G],38,7,94720527,+
rs352975218_B_F_544437338,rs352975218,BOT,[G/A],38,7,95489949,-
rs14916682_B_F_306631377,rs14916682,TOP,[G/A],38,7,95586935,+
rs158923742_B_F_888029476,rs158923742,TOP,[A/G],38,7,96087828,+
rs764787838_B_F_903496845,rs764787838,BOT,[C/T],38,7,97194275,-
7:97651171_B_F_729836431,7:97651171,TOP,[C/T],38,7,97267052,+
rs336884618_B_F_603999625,rs336884618,TOP,[A/C],38,7,97467369,+
rs707464840_B_F_614402787,rs707464840,TOP,[T/C],38,7,97515984,+
7:98416047_B_F_141179029,7:98416047,TOP,[C/T],38,7,97873425,+
7:98561478_B_F_237570152,7:98561478,TOP,[C/A],38,7,98177359,+
7:99704849_B_F_657712971,7:99704849,BOT,[I/D],38,7,99239293,-
rs772107183_B_F_515474147,rs772107183,TOP,[I/D],38,7,99452416,+
rs121937099_B_F_362016696,rs121937099,TOP,[T/C],38,7,99761528,+
rs535371587_B_F_48847628,rs535371587,TOP,[G/A],38,7,99768096,+
rs162436493_B_F_40558255,rs162436493,TOP,[C/A],38,7,101180781,+
rs593294819_B_F_888168407,rs593294819,BOT,[I/D],38,7,101215953,-
7:101995320_B_F_707609564,7:101995320,TOP,[C/T],38,7,101452698,+
rs547065580_B_F_139283282,rs547065580,TOP,[T/C],38,7,101528480,+
7:103383112_B_F_95203171,7:103383112,TOP,[C/A],38,7,102917556,+
7:104156053_B_F_787840176,7:104156053,BOT,[G/A],38,7,103690497,-
rs607707829_B_F_656052255,rs607707829,BOT,[I/D],38,7,104164466,-
7:104693431_B_F_937825563,7:104693431,TOP,[T/C],38,7,104309312,+
7:106122864_B_F_773279603,7:106122864,BOT,[G/A],38,7,105657308,-
rs823581511_B_F_308955337,rs823581511,BOT,[A/G],38,7,105988458,-
rs876772478_B_F_820912129,rs876772478,TOP,[G/A],38,7,106351894,+
rs182609396_B_F_822678734,rs182609396,BOT,[G/A],38,7,107455699,-
rs148279258_B_F_522088124,rs148279258,TOP,[G/T],38,7,107696437,+
rs482920552_B_F_112263283,rs482920552,BOT,[C/T],38,7,107909105,-
rs484414920_B_F_718689987,rs484414920,BOT,[C/T],38,7,108103219,-
7:108703113_B_F_144605446,7:108703113,TOP,[T/C],38,7,108160491,+
rs142659841_B_F_63868766,rs142659841,BOT,[C/T],38,7,108179674,-
rs522523158_B_F_136950148,rs522523158,TOP,[G/A],38,7,108235420,+
rs302961132_B_F_411514901,rs302961132,BOT,[A/G],38,7,108370824,-
rs329570373_B_F_531756567,rs329570373,BOT,[T/G],38,7,109589637,-
7:110599770_B_F_582674682,7:110599770,BOT,[A/G],38,7,110134214,-
7:110992144_B_F_951019298,7:110992144,TOP,[T/C],38,7,110449522,+
rs8076838_B_F_77067255,rs8076838,TOP,[C/A],38,7,110703768,+
rs447692077_B_F_283469931,rs447692077,BOT,[G/A],38,7,110782921,-
rs67313816_B_F_622037605,rs67313816,BOT,[C/T],38,7,110823277,-
7:111322055_B_F_833667944,7:111322055,TOP,[T/C],38,7,110937936,+
rs237418729_B_F_979035861,rs237418729,TOP,[A/G],38,7,111054829,+
rs367613561_B_F_883477686,rs367613561,TOP,[T/C],38,7,111764418,+
7:112356659_B_F_759718096,7:112356659,TOP,[T/C],38,7,111814037,+
rs646497995_B_F_215847014,rs646497995,BOT,[A/G],38,7,111989969,-
rs148953438_B_F_484361688,rs148953438,TOP,[C/T],38,7,112010780,+
7:112871551_B_F_533251855,7:112871551,BOT,[A/G],38,7,112487432,-
7:112953347_B_F_401066756,7:112953347,BOT,[A/G],38,7,112487791,-
rs682309560_B_F_245276352,rs682309560,TOP,[C/A],38,7,112580693,+
rs480167626_B_F_261726630,rs480167626,TOP,[I/D],38,7,113331145,+
rs602597573_B_F_942095638,rs602597573,TOP,[C/A],38,7,115454098,+
rs746271128_B_F_288681953,rs746271128,BOT,[T/C],38,7,115492019,-
7:116275336_B_F_542525918,7:116275336,TOP,[G/A],38,7,115809780,+
rs332438129_B_F_183799091,rs332438129,BOT,[G/A],38,7,118183235,-
rs281467703_B_F_67618020,rs281467703,TOP,[G/A],38,7,118259935,+
rs541726496_B_F_448311366,rs541726496,BOT,[C/T],38,7,119051541,-
7:120024172_B_F_414393751,7:120024172,BOT,[T/C],38,7,119640053,-
7:120852988_B_F_465873490,7:120852988,TOP,[T/C],38,7,120310366,+
7:120822147_B_F_693209643,7:120822147,TOP,[G/A],38,7,120438028,+
7:121453441_B_F_388142383,7:121453441,TOP,[I/D],38,7,120987885,+
rs594891437_B_F_946541320,rs594891437,TOP,[C/T],38,7,121490133,+
rs270104264_B_F_430185849,rs270104264,TOP,[G/A],38,7,122044622,+
rs566177705_B_F_474684451,rs566177705,BOT,[A/G],38,7,122287878,-
rs627239565_B_F_552877719,rs627239565,TOP,[A/G],38,7,123201521,+
rs506841000_B_F_516220604,rs506841000,BOT,[A/G],38,7,123515898,-
rs698283339_B_F_195814384,rs698283339,TOP,[T/C],38,7,124224093,+
7:125228852_B_F_714965161,7:125228852,TOP,[T/C],38,7,124763296,+
rs263908160_B_F_120496577,rs263908160,BOT,[G/A],38,7,124793149,-
rs823373877_B_F_667751989,rs823373877,TOP,[C/T],38,7,125900984,+
rs257172043_B_F_596940626,rs257172043,TOP,[T/C],38,7,126085991,+
rs444197326_B_F_683394275,rs444197326,TOP,[C/T],38,7,126187035,+
rs371815249_B_F_201889510,rs371815249,TOP,[T/C],38,7,126334858,+
rs528185613_B_F_414932295,rs528185613,BOT,[C/T],38,7,126382599,-
rs702033281_B_F_956800174,rs702033281,TOP,[C/A],38,7,126433766,+
7:127351706_B_F_727298853,7:127351706,TOP,[G/A],38,7,126886150,+
7:127653373_B_F_415497498,7:127653373,TOP,[T/C],38,7,127187817,+
7:128319180_B_F_343400197,7:128319180,TOP,[A/G],38,7,127935061,+
rs309751057_B_F_413963096,rs309751057,TOP,[G/A],38,7,128769171,+
rs176821498_B_F_354478147,rs176821498,TOP,[G/A],38,7,129953498,+
rs602633939_B_F_697319484,rs602633939,TOP,[G/A],38,7,130917471,+
7:131306867_B_F_692019372,7:131306867,TOP,[C/T],38,7,130922748,+
7:131974536_B_F_308470024,7:131974536,BOT,[A/G],38,7,131508980,-
7:132119491_B_F_249764921,7:132119491,TOP,[A/G],38,7,131576869,+
7:132113817_B_F_152064410,7:132113817,TOP,[C/T],38,7,131729698,+
rs598789782_B_F_40360694,rs598789782,TOP,[A/C],38,7,131736921,+
7:133224986_B_F_514763650,7:133224986,TOP,[G/A],38,7,132682364,+
rs262910514_B_F_747507384,rs262910514,TOP,[G/A],38,7,132888606,+
rs118816485_B_F_6806238,rs118816485,BOT,[A/G],38,7,132960143,-
rs430450337_B_F_872032349,rs430450337,TOP,[C/T],38,7,133235953,+
rs263710636_B_F_528532805,rs263710636,TOP,[A/G],38,7,134406682,+
rs413537657_B_F_89065843,rs413537657,BOT,[C/T],38,7,134708670,-
rs348476521_B_F_933847481,rs348476521,TOP,[C/A],38,7,135766079,+
rs108653832_B_F_336580101,rs108653832,BOT,[A/G],38,7,135796773,-
rs47629651_B_F_515503938,rs47629651,BOT,[A/G],38,7,135854648,-
rs530835872_B_F_567750484,rs530835872,TOP,[C/T],38,7,136749029,+
rs897728290_B_F_50918012,rs897728290,TOP,[C/A],38,7,137447345,+
rs413877954_B_F_264082614,rs413877954,TOP,[A/G],38,7,138361050,+
7:138772985_B_F_510359804,7:138772985,BOT,[T/G],38,7,138388866,-
7:139263513_B_F_55994271,7:139263513,TOP,[A/G],38,7,138879394,+
7:139578814_B_F_850071900,7:139578814,TOP,[T/C],38,7,139113258,+
rs8490796_B_F_595800561,rs8490796,TOP,[T/C],38,7,139172563,+
7:139840349_B_F_126383393,7:139840349,TOP,[C/T],38,7,139456230,+
rs11070644_B_F_893403511,rs11070644,TOP,[T/G],38,7,139503309,+
rs864395343_B_F_649787651,rs864395343,BOT,[A/G],38,7,140292524,-
rs181852765_B_F_250397933,rs181852765,BOT,[A/G],38,7,140418006,-
rs81493678_B_F_160071851,rs81493678,TOP,[G/A],38,7,141216221,+
rs151908264_B_F_205553978,rs151908264,TOP,[T/C],38,7,141373798,+
rs878916178_B_F_495630617,rs878916178,TOP,[G/A],38,7,142359410,+
7:142770442_B_F_640793743,7:142770442,BOT,[A/G],38,7,142386323,-
rs168178328_B_F_839540954,rs168178328,TOP,[T/C],38,7,142465187,+
rs242541747_B_F_879674509,rs242541747,TOP,[C/T],38,7,144019172,+
rs331307332_B_F_90746693,rs331307332,TOP,[T/C],38,7,144529354,+
7:147019502_B_F_716724084,7:147019502,TOP,[C/A],38,7,146635383,+
7:147296740_B_F_917340876,7:147296740,TOP,[G/A],38,7,146912621,+
rs316139338_B_F_916416125,rs316139338,BOT,[G/A],38,7,147418305,-
rs858832768_B_F_962990191,rs858832768,BOT,[A/C],38,7,147673619,-
rs308256299_B_F_992667525,rs308256299,BOT,[A/G],38,7,148029229,-
rs296466682_B_F_432579664,rs296466682,TOP,[G/A],38,7,148146124,+
7:148565772_B_F_352731760,7:148565772,TOP,[T/C],38,7,148181653,+
rs752820748_B_F_928657166,rs752820748,TOP,[G/A],38,7,148216131,+
rs352257340_B_F_495021226,rs352257340,BOT,[A/G],38,7,148261752,-
rs398653347_B_F_656217221,rs398653347,BOT,[T/C],38,7,148458094,-
rs542596745_B_F_871441330,rs542596745,TOP,[A/G],38,7,149448931,+
rs764694978_B_F_961833100,rs764694978,TOP,[G/T],38,7,149746219,+
rs761023360_B_F_295855182,rs761023360,BOT,[I/D],38,7,149880241,-
rs538479922_B_F_750183844,rs538479922,BOT,[T/C],38,7,150339334,-
rs208514275_B_F_47807601,rs208514275,TOP,[T/C],38,7,150803505,+
rs33149215_B_F_96126315,rs33149215,TOP,[A/G],38,7,151002789,+
rs659385742_B_F_561699064,rs659385742,TOP,[A/G],38,7,151373702,+
7:152094968_B_F_520957252,7:152094968,BOT,[A/G],38,7,151552346,-
rs874176679_B_F_196745035,rs874176679,TOP,[A/G],38,7,151693381,+
rs797764397_B_F_225378649,rs797764397,TOP,[T/C],38,7,151697524,+
rs496445432_B_F_989908382,rs496445432,TOP,[A/G],38,7,151816196,+
rs51381262_B_F_958897606,rs51381262,TOP,[C/T],38,7,151840417,+
7:152418668_B_F_197965430,7:152418668,TOP,[T/G],38,7,151953112,+
rs33010591_B_F_668612393,rs33010591,TOP,[A/G],38,7,151956712,+
7:152384228_B_F_481181628,7:152384228,BOT,[A/G],38,7,152000109,-
rs14620458_B_F_521359470,rs14620458,TOP,[T/C],38,7,152736905,+
7:153875639_B_F_214515143,7:153875639,BOT,[C/T],38,7,153333017,-
rs304759389_B_F_777055502,rs304759389,TOP,[G/A],38,7,153364328,+
rs279034006_B_F_69208494,rs279034006,BOT,[A/G],38,7,153453002,-
rs123915622_B_F_947424433,rs123915622,BOT,[C/T],38,7,153545486,-
rs123919117_B_F_978987622,rs123919117,TOP,[G/A],38,7,153611092,+
7:154196419_B_F_553407811,7:154196419,TOP,[C/T],38,7,153653797,+
7:154699861_B_F_956782587,7:154699861,TOP,[T/G],38,7,154315742,+
rs206076509_B_F_99593822,rs206076509,BOT,[I/D],38,7,154513713,-
7:155074775_B_F_366937872,7:155074775,TOP,[A/G],38,7,154690656,+
rs362627762_B_F_768343201,rs362627762,TOP,[T/C],38,7,154917006,+
rs512278156_B_F_674932662,rs512278156,BOT,[A/C],38,7,155123849,-
7:155550813_B_F_515882533,7:155550813,BOT,[G/A],38,7,155166694,-
7:156102069_B_F_352236947,7:156102069,BOT,[A/C],38,7,155559447,-
7:156130620_B_F_322718754,7:156130620,TOP,[A/G],38,7,155587998,+
rs524149360_B_F_958135164,rs524149360,TOP,[T/C],38,7,155906048,+
rs706485021_B_F_971882920,rs706485021,TOP,[G/A],38,7,155923901,+
rs526055140_B_F_690406343,rs526055140,BOT,[C/T],38,7,156361615,-
rs12552676_B_F_905699609,rs12552676,TOP,[G/A],38,7,157505556,+
rs102293039_B_F_182994820,rs102293039,TOP,[T/G],38,7,158050674,+
7:158998180_B_F_276660599,7:158998180,TOP,[A/C],38,7,158532624,+
rs535307968_B_F_579784411,rs535307968,TOP,[T/C],38,7,158740015,+
rs178035983_B_F_968251455,rs178035983,BOT,[T/C],38,7,158911363,-
7:159391965_B_F_737031854,7:159391965,TOP,[T/G],38,7,159007846,+
rs709740602_B_F_477800254,rs709740602,BOT,[A/G],38,7,159145509,-
rs654771217_B_F_933546287,rs654771217,TOP,[T/C],38,8,389702,+
rs135080446_B_F_633687325,rs135080446,BOT,[T/C],38,8,395410,-
rs339603648_B_F_65790729,rs339603648,BOT,[T/C],38,8,565490,-
rs586028632_B_F_957677090,rs586028632,BOT,[T/G],38,8,635060,-
8:1235885_B_F_221139453,8:1235885,TOP,[A/G],38,8,770329,+
8:1343026_B_F_467842538,8:1343026,BOT,[G/A],38,8,800404,-
rs552562286_B_F_731189463,rs552562286,TOP,[A/G],38,8,910073,+
rs425572402_B_F_747735976,rs425572402,TOP,[I/D],38,8,1018281,+
rs20974015_B_F_451734743,rs20974015,BOT,[I/D],38,8,1099237,-
8:2040330_B_F_54705246,8:2040330,BOT,[T/C],38,8,1497708,-
rs200720928_B_F_986929092,rs200720928,TOP,[G/A],38,8,1558903,+
rs394990017_B_F_3941284,rs394990017,BOT,[A/C],38,8,1830565,-
rs671462222_B_F_405221557,rs671462222,TOP,[C/T],38,8,1841422,+
rs509028707_B_F_414092252,rs509028707,TOP,[T/C],38,8,2057765,+
8:2561762_B_F_533520458,8:2561762,TOP,[I/D],38,8,2096206,+
rs359549805_B_F_822642049,rs359549805,TOP,[A/G],38,8,2535918,+
8:3014636_B_F_881646410,8:3014636,BOT,[T/C],38,8,2549080,-
rs88471359_B_F_681726461,rs88471359,BOT,[T/C],38,8,2660465,-
8:3283480_B_F_669751058,8:3283480,TOP,[T/G],38,8,2740858,+
8:3268889_B_F_640378266,8:3268889,TOP,[G/A],38,8,2884770,+
8:3319184_B_F_623085062,8:3319184,TOP,[G/A],38,8,2935065,+
rs364582317_B_F_462070442,rs364582317,BOT,[A/G],38,8,3325325,-
rs288087287_B_F_765031221,rs288087287,BOT,[T/C],38,8,3493321,-
rs564783459_B_F_20257188,rs564783459,BOT,[T/C],38,8,3504043,-
8:4075707_B_F_213636315,8:4075707,BOT,[A/G],38,8,3533085,-
rs692219362_B_F_713000203,rs692219362,BOT,[T/C],38,8,3604102,-
rs768595582_B_F_608557420,rs768595582,TOP,[C/T],38,8,3630487,+
rs133124820_B_F_166912283,rs133124820,BOT,[I/D],38,8,3677434,-
rs526710196_B_F_795036624,rs526710196,TOP,[I/D],38,8,3733088,+
rs640897403_B_F_804284189,rs640897403,TOP,[A/G],38,8,4331369,+
8:4815304_B_F_545260057,8:4815304,TOP,[C/T],38,8,4349748,+
rs146709890_B_F_717223882,rs146709890,BOT,[C/A],38,8,4379848,-
rs765789567_B_F_533537286,rs765789567,TOP,[I/D],38,8,4417893,+
rs708077338_B_F_424977538,rs708077338,TOP,[A/C],38,8,4605119,+
rs123379430_B_F_535753569,rs123379430,TOP,[T/C],38,8,4832188,+
8:5423695_B_F_788395898,8:5423695,TOP,[G/A],38,8,4958139,+
8:5498182_B_F_977948193,8:5498182,BOT,[T/C],38,8,5032626,-
rs707043460_B_F_18469286,rs707043460,TOP,[C/T],38,8,5173430,+
rs38423771_B_F_99571674,rs38423771,BOT,[C/A],38,8,5421405,-
rs331897693_B_F_435305411,rs331897693,TOP,[G/A],38,8,5471857,+
8:6196435_B_F_423566046,8:6196435,TOP,[T/C],38,8,5730879,+
8:6399923_B_F_509757461,8:6399923,TOP,[G/A],38,8,5857301,+
8:6379437_B_F_896254185,8:6379437,BOT,[C/T],38,8,5995318,-
rs786315622_B_F_274005568,rs786315622,BOT,[T/G],38,8,6075832,-
rs549366696_B_F_971825073,rs549366696,TOP,[C/T],38,8,6207451,+
rs430971996_B_F_661272535,rs430971996,TOP,[A/C],38,8,6232861,+
8:6793372_B_F_630670044,8:6793372,TOP,[A/G],38,8,6409253,+
8:6971250_B_F_439319954,8:6971250,TOP,[T/C],38,8,6587131,+
rs189827795_B_F_925325115,rs189827795,TOP,[A/G],38,8,6631400,+
rs503864153_B_F_658595083,rs503864153,TOP,[C/T],38,8,6672925,+
rs132604030_B_F_731896118,rs132604030,TOP,[G/T],38,8,6865247,+
rs813231405_B_F_593666776,rs813231405,BOT,[T/C],38,8,6893659,-
8:8885996_B_F_317731692,8:8885996,BOT,[G/A],38,8,8501877,-
rs817440617_B_F_271143100,rs817440617,BOT,[G/T],38,8,8726643,-
rs516641789_B_F_728840374,rs516641789,BOT,[A/G],38,8,8761812,-
rs286348572_B_F_509419851,rs286348572,TOP,[A/G],38,8,8836145,+
rs3180145_B_F_608382209,rs3180145,TOP,[C/T],38,8,9196404,+
8:9839177_B_F_399235418,8:9839177,TOP,[A/C],38,8,9296555,+
8:9878903_B_F_987368586,8:9878903,BOT,[T/G],38,8,9413347,-
rs426239615_B_F_554367438,rs426239615,TOP,[T/C],38,8,9431427,+
rs586939392_B_F_326612694,rs586939392,TOP,[T/C],38,8,9602423,+
rs522119702_B_F_229592801,rs522119702,TOP,[G/T],38,8,9974397,+
rs536468614_B_F_592996182,rs536468614,TOP,[A/G],38,8,10241241,+
rs635224763_B_F_168434455,rs635224763,BOT,[T/C],38,8,10261383,-
8:10818580_B_F_271706266,8:10818580,TOP,[T/C],38,8,10275958,+
rs684576266_B_F_500409809,rs684576266,BOT,[A/C],38,8,10617946,-
8:11013738_B_F_257122817,8:11013738,TOP,[G/A],38,8,10629619,+
rs424435417_B_F_946298817,rs424435417,TOP,[C/A],38,8,10703496,+
8:11486048_B_F_659841569,8:11486048,TOP,[T/C],38,8,10943426,+
rs93588535_B_F_89584366,rs93588535,TOP,[A/G],38,8,11390527,+
rs496787076_B_F_150042668,rs496787076,TOP,[A/C],38,8,11633058,+
8:12247424_B_F_82271301,8:12247424,TOP,[A/C],38,8,11704802,+
rs440702948_B_F_215875406,rs440702948,BOT,[A/G],38,8,11970794,-
rs792377909_B_F_857015909,rs792377909,BOT,[A/G],38,8,12732303,-
rs543701944_B_F_942683672,rs543701944,TOP,[T/C],38,8,12843631,+
rs584893453_B_F_734555478,rs584893453,TOP,[A/G],38,8,13074150,+
8:13834575_B_F_673653073,8:13834575,TOP,[G/A],38,8,13291953,+
rs495272190_B_F_441728554,rs495272190,BOT,[G/A],38,8,13301611,-
8:13876148_B_F_768579573,8:13876148,TOP,[C/A],38,8,13333526,+
rs334385783_B_F_674779801,rs334385783,TOP,[A/G],38,8,13522087,+
rs79782705_B_F_146795910,rs79782705,TOP,[T/C],38,8,13541093,+
rs841772814_B_F_651265669,rs841772814,TOP,[A/G],38,8,13628828,+
rs656808742_B_F_656422698,rs656808742,TOP,[C/T],38,8,13687706,+
8:14202757_B_F_580537691,8:14202757,BOT,[T/G],38,8,13818638,-
rs384851263_B_F_786168285,rs384851263,BOT,[C/T],38,8,13883466,-
rs90781500_B_F_259670738,rs90781500,BOT,[I/D],38,8,13931552,-
rs99557474_B_F_228889692,rs99557474,TOP,[I/D],38,8,13944690,+
rs178318560_B_F_515873301,rs178318560,TOP,[G/A],38,8,14068441,+
8:14563911_B_F_546199160,8:14563911,TOP,[G/A],38,8,14179792,+
rs351093276_B_F_815532408,rs351093276,BOT,[A/C],38,8,14728051,-
8:15207639_B_F_178688626,8:15207639,BOT,[C/T],38,8,14742083,-
rs853806699_B_F_489351848,rs853806699,BOT,[A/G],38,8,14819868,-
8:15575453_B_F_295453631,8:15575453,TOP,[T/C],38,8,15032831,+
rs254471667_B_F_893340894,rs254471667,TOP,[G/A],38,8,15518401,+
rs414867090_B_F_817232392,rs414867090,TOP,[T/G],38,8,15529472,+
8:15921754_B_F_580222106,8:15921754,BOT,[A/G],38,8,15537635,-
rs450150833_B_F_811324310,rs450150833,TOP,[C/G],38,8,16155139,+
rs388129309_B_F_524469436,rs388129309,BOT,[G/A],38,8,16675866,-
rs658430097_B_F_130975204,rs658430097,BOT,[T/G],38,8,16738938,-
8:17293985_B_F_18302042,8:17293985,BOT,[G/A],38,8,16751363,-
rs452727606_B_F_336525758,rs452727606,BOT,[T/C],38,8,16833139,-
rs599952050_B_F_258803728,rs599952050,BOT,[A/G],38,8,17379316,-
rs299425038_B_F_493399659,rs299425038,TOP,[A/G],38,8,17421671,+
8:17976213_B_F_980030834,8:17976213,BOT,[A/G],38,8,17592094,-
rs109331781_B_F_431221550,rs109331781,BOT,[A/G],38,8,17781317,-
8:18762895_B_F_513064901,8:18762895,BOT,[C/T],38,8,18220273,-
rs759288907_B_F_276223066,rs759288907,BOT,[A/G],38,8,18223763,-
rs319937018_B_F_953873678,rs319937018,TOP,[C/T],38,8,18407359,+
rs241080480_B_F_74514029,rs241080480,TOP,[G/T],38,8,18431262,+
rs684742893_B_F_492176130,rs684742893,TOP,[G/T],38,8,18544039,+
rs384861778_B_F_199875534,rs384861778,TOP,[C/T],38,8,18573968,+
rs339617135_B_F_421592349,rs339617135,TOP,[C/A],38,8,18745954,+
rs576573204_B_F_24878891,rs576573204,BOT,[G/T],38,8,18966191,-
8:19515696_B_F_484226681,8:19515696,BOT,[C/A],38,8,19131577,-
rs694344751_B_F_39324545,rs694344751,BOT,[G/T],38,8,19771298,-
rs428772729_B_F_365112895,rs428772729,BOT,[A/G],38,8,19979473,-
rs171125544_B_F_629615472,rs171125544,TOP,[A/G],38,8,20280709,+
rs568209386_B_F_726333562,rs568209386,TOP,[T/C],38,8,20416577,+
8:20963630_B_F_315643876,8:20963630,BOT,[C/T],38,8,20579511,-
rs766065260_B_F_650953265,rs766065260,TOP,[A/G],38,8,21170723,+
rs873376138_B_F_156664952,rs873376138,TOP,[G/A],38,8,21642770,+
rs109279221_B_F_884129335,rs109279221,TOP,[G/T],38,8,21888504,+
rs850883126_B_F_729295736,rs850883126,BOT,[T/G],38,8,22573253,-
rs502662555_B_F_677740920,rs502662555,BOT,[G/A],38,8,22906407,-
8:23641726_B_F_396960358,8:23641726,TOP,[T/C],38,8,23176170,+
rs749364795_B_F_514116194,rs749364795,BOT,[T/C],38,8,23218667,-
rs356912308_B_F_677441846,rs356912308,BOT,[T/G],38,8,23368951,-
8:23950010_B_F_210632615,8:23950010,TOP,[C/T],38,8,23565891,+
rs541454556_B_F_115358121,rs541454556,TOP,[A/G],38,8,23828517,+
rs287623669_B_F_347737634,rs287623669,BOT,[G/A],38,8,23874863,-
8:24756596_B_F_427001724,8:24756596,BOT,[C/T],38,8,24213974,-
rs887578938_B_F_181225328,rs887578938,BOT,[G/A],38,8,24686835,-
rs10028092_B_F_137878555,rs10028092,TOP,[A/G],38,8,25137578,+
8:25994134_B_F_47507950,8:25994134,TOP,[T/C],38,8,25451512,+
rs25368291_B_F_439771834,rs25368291,BOT,[T/C],38,8,25589625,-
rs165942800_B_F_951396009,rs165942800,BOT,[G/A],38,8,25958860,-
8:26906029_B_F_825654318,8:26906029,TOP,[G/T],38,8,26363407,+
rs285098428_B_F_702739024,rs285098428,TOP,[C/T],38,8,26779401,+
rs522823610_B_F_829718223,rs522823610,BOT,[G/A],38,8,26841841,-
rs643269070_B_F_412352359,rs643269070,BOT,[T/C],38,8,26918813,-
rs196245931_B_F_125199757,rs196245931,TOP,[A/G],38,8,27342562,+
rs873990061_B_F_413275914,rs873990061,BOT,[T/G],38,8,27559009,-
8:28619432_B_F_742578502,8:28619432,BOT,[C/T],38,8,28153876,-
8:28859991_B_F_119808472,8:28859991,TOP,[A/C],38,8,28317369,+
8:28983034_B_F_372618362,8:28983034,BOT,[G/A],38,8,28440412,-
rs887065347_B_F_2743625,rs887065347,BOT,[C/A],38,8,28667186,-
rs654806159_B_F_505070676,rs654806159,BOT,[T/C],38,8,28909510,-
8:29944047_B_F_218088215,8:29944047,BOT,[G/A],38,8,29478491,-
8:30139157_B_F_950906322,8:30139157,BOT,[T/G],38,8,29596535,-
rs635577705_B_F_407273052,rs635577705,TOP,[G/A],38,8,31225646,+
rs823717513_B_F_755848656,rs823717513,TOP,[C/T],38,8,31439398,+
rs159961747_B_F_433676936,rs159961747,TOP,[T/C],38,8,31496936,+
rs222419592_B_F_541079560,rs222419592,TOP,[I/D],38,8,32588714,+
rs318531381_B_F_132707517,rs318531381,BOT,[G/A],38,8,32642221,-
rs524960892_B_F_274391912,rs524960892,TOP,[A/G],38,8,32654121,+
rs87822019_B_F_820603573,rs87822019,TOP,[T/G],38,8,32764326,+
rs608707941_B_F_66933636,rs608707941,TOP,[G/T],38,8,32804419,+
rs448788073_B_F_49202644,rs448788073,TOP,[A/C],38,8,33052490,+
8:36049834_B_F_124863628,8:36049834,TOP,[I/D],38,8,35584278,+
rs460860101_B_F_850261540,rs460860101,TOP,[T/C],38,8,36142073,+
8:37101473_B_F_704522722,8:37101473,TOP,[C/T],38,8,36558851,+
rs752193505_B_F_536377201,rs752193505,TOP,[C/T],38,8,37164491,+
rs654044708_B_F_695585279,rs654044708,TOP,[A/G],38,8,37287221,+
rs846323476_B_F_882509494,rs846323476,TOP,[C/T],38,8,37634640,+
rs53982237_B_F_834795677,rs53982237,TOP,[C/T],38,8,37704818,+
rs662212431_B_F_77883625,rs662212431,TOP,[C/A],38,8,37892771,+
rs237942504_B_F_3002734,rs237942504,TOP,[G/A],38,8,38464828,+
rs579746834_B_F_585647658,rs579746834,BOT,[C/T],38,8,38614196,-
8:39125064_B_F_33971448,8:39125064,BOT,[C/T],38,8,38659508,-
rs213334484_B_F_762677575,rs213334484,TOP,[G/A],38,8,38785575,+
8:39893695_B_F_475696794,8:39893695,TOP,[A/G],38,8,39351073,+
rs342762208_B_F_766884,rs342762208,TOP,[A/G],38,8,40164390,+
rs818166602_B_F_758363048,rs818166602,TOP,[G/A],38,8,40362920,+
rs678377744_B_F_819278706,rs678377744,TOP,[T/C],38,8,40684613,+
rs45984050_B_F_632701236,rs45984050,BOT,[A/C],38,8,40758375,-
rs168587534_B_F_576900145,rs168587534,TOP,[G/T],38,8,41009712,+
rs306701874_B_F_423274821,rs306701874,TOP,[A/G],38,8,41046515,+
8:41900696_B_F_403301216,8:41900696,TOP,[C/T],38,8,41358074,+
rs512047916_B_F_879522865,rs512047916,BOT,[T/C],38,8,41769349,-
rs146347452_B_F_582543373,rs146347452,BOT,[C/A],38,8,42720557,-
rs524117559_B_F_449199777,rs524117559,BOT,[T/C],38,8,42738453,-
rs899160314_B_F_38359538,rs899160314,TOP,[G/A],38,8,43791270,+
rs600646541_B_F_956093757,rs600646541,BOT,[A/G],38,8,47865530,-
rs231764967_B_F_10305442,rs231764967,TOP,[A/G],38,8,49514753,+
8:51935213_B_F_808286928,8:51935213,TOP,[A/G],38,8,51469657,+
rs615723360_B_F_792466631,rs615723360,BOT,[T/C],38,8,51514460,-
8:52217609_B_F_794440198,8:52217609,BOT,[G/A],38,8,51674987,-
rs152123974_B_F_444967016,rs152123974,BOT,[G/A],38,8,51895478,-
rs190906178_B_F_24529748,rs190906178,BOT,[A/G],38,8,52187075,-
8:52873299_B_F_353806902,8:52873299,BOT,[I/D],38,8,52330677,-
rs822277013_B_F_700111172,rs822277013,BOT,[C/T],38,8,53151614,-
rs286744193_B_F_941824538,rs286744193,BOT,[A/G],38,8,53204975,-
rs683637542_B_F_933779172,rs683637542,TOP,[C/T],38,8,53580440,+
rs501079945_B_F_252771689,rs501079945,BOT,[C/A],38,8,53987834,-
8:54422313_B_F_164317926,8:54422313,TOP,[C/T],38,8,54038194,+
rs68410776_B_F_319278381,rs68410776,TOP,[A/G],38,8,54628890,+
rs155779737_B_F_642207913,rs155779737,TOP,[C/T],38,8,55373736,+
8:55920578_B_F_505835873,8:55920578,TOP,[A/G],38,8,55377956,+
rs160665974_B_F_833920719,rs160665974,TOP,[C/T],38,8,55447622,+
rs841787936_B_F_179176154,rs841787936,TOP,[C/T],38,8,55599385,+
rs473781962_B_F_401010918,rs473781962,TOP,[C/T],38,8,55796142,+
rs886918315_B_F_41652498,rs886918315,TOP,[T/C],38,8,56689371,+
8:57246754_B_F_833197513,8:57246754,TOP,[C/T],38,8,56862635,+
rs598448361_B_F_719726291,rs598448361,BOT,[T/C],38,8,56864699,-
rs840625243_B_F_52047411,rs840625243,BOT,[A/G],38,8,57005385,-
rs815928027_B_F_838672143,rs815928027,BOT,[G/A],38,8,58184305,-
rs639477166_B_F_585437924,rs639477166,BOT,[I/D],38,8,58192240,-
rs213231074_B_F_783671202,rs213231074,TOP,[G/T],38,8,58586126,+
rs71112812_B_F_898276174,rs71112812,TOP,[C/T],38,8,58765418,+
8:59671594_B_F_177403412,8:59671594,BOT,[G/A],38,8,59128972,-
rs48356402_B_F_731992019,rs48356402,TOP,[G/A],38,8,59283499,+
rs102828271_B_F_606071923,rs102828271,BOT,[T/C],38,8,59470850,-
rs284574495_B_F_128937886,rs284574495,TOP,[A/G],38,8,60895454,+
rs331158925_B_F_264232292,rs331158925,TOP,[C/T],38,8,62516234,+
rs719484174_B_F_833466648,rs719484174,TOP,[C/T],38,8,63302901,+
rs31692353_B_F_568957432,rs31692353,BOT,[I/D],38,8,64924438,-
rs484773240_B_F_26510789,rs484773240,BOT,[G/A],38,8,65003810,-
rs507272555_B_F_41315402,rs507272555,TOP,[C/T],38,8,65031364,+
rs397705450_B_F_630571263,rs397705450,TOP,[C/T],38,8,65117393,+
8:65961323_B_F_218841795,8:65961323,TOP,[C/T],38,8,65495767,+
8:66301938_B_F_52806076,8:66301938,TOP,[G/T],38,8,65759316,+
rs92947130_B_F_551852677,rs92947130,BOT,[T/C],38,8,65783964,-
rs819457635_B_F_720411362,rs819457635,TOP,[C/A],38,8,66206073,+
rs503651930_B_F_268909265,rs503651930,BOT,[I/D],38,8,67767598,-
8:68242862_B_F_798933578,8:68242862,BOT,[T/C],38,8,67777306,-
rs693338247_B_F_59997034,rs693338247,BOT,[A/G],38,8,67874990,-
8:68471822_B_F_948452049,8:68471822,BOT,[A/G],38,8,68087703,-
8:68771886_B_F_571157460,8:68771886,BOT,[I/D],38,8,68387767,-
8:68852937_B_F_904075148,8:68852937,TOP,[A/G],38,8,68468818,+
rs341476211_B_F_468641354,rs341476211,TOP,[A/G],38,8,69748887,+
rs536009385_B_F_361015797,rs536009385,TOP,[G/A],38,8,71278996,+
rs397628546_B_F_541324805,rs397628546,TOP,[A/G],38,8,71834327,+
rs779580473_B_F_694687400,rs779580473,TOP,[C/T],38,8,72051023,+
rs250153032_B_F_433228177,rs250153032,BOT,[T/C],38,8,72354476,-
rs201607491_B_F_252487524,rs201607491,TOP,[C/T],38,8,73197072,+
8:74342893_B_F_54474137,8:74342893,TOP,[C/T],38,8,73800271,+
rs374187523_B_F_55222456,rs374187523,TOP,[T/G],38,8,73907175,+
8:74611365_B_F_53585495,8:74611365,BOT,[C/T],38,8,74068743,-
rs607142529_B_F_281280184,rs607142529,TOP,[G/A],38,8,74442564,+
8:74867245_B_F_395953058,8:74867245,TOP,[G/T],38,8,74483126,+
rs424668115_B_F_143833591,rs424668115,BOT,[G/A],38,8,74540799,-
rs861483840_B_F_382118296,rs861483840,TOP,[A/G],38,8,74921550,+
rs527916057_B_F_572091560,rs527916057,TOP,[C/T],38,8,75550148,+
rs191673559_B_F_186907148,rs191673559,BOT,[T/C],38,8,76431430,-
8:78557278_B_F_852002406,8:78557278,TOP,[A/G],38,8,78173159,+
8:78836836_B_F_12241510,8:78836836,BOT,[C/T],38,8,78452717,-
rs647843259_B_F_625781080,rs647843259,TOP,[C/T],38,8,78657554,+
8:79406768_B_F_599215144,8:79406768,TOP,[G/A],38,8,78941212,+
8:79882438_B_F_978185481,8:79882438,TOP,[C/T],38,8,79339816,+
rs175437401_B_F_630860925,rs175437401,BOT,[G/A],38,8,79551473,-
rs94624584_B_F_511196308,rs94624584,TOP,[A/G],38,8,79859105,+
rs766140149_B_F_489878160,rs766140149,TOP,[A/C],38,8,80377304,+
rs715846448_B_F_680135583,rs715846448,BOT,[G/T],38,8,80557885,-
rs542801812_B_F_144259936,rs542801812,TOP,[A/G],38,8,80634393,+
rs190409596_B_F_461484469,rs190409596,BOT,[A/G],38,8,81323893,-
rs771779416_B_F_819101947,rs771779416,BOT,[T/C],38,8,81979269,-
rs717385451_B_F_812259937,rs717385451,TOP,[A/G],38,8,83584338,+
rs461603451_B_F_774575359,rs461603451,TOP,[A/G],38,8,83841918,+
rs110446495_B_F_831263287,rs110446495,BOT,[C/T],38,8,84013141,-
rs663497632_B_F_855912823,rs663497632,TOP,[T/C],38,8,84093861,+
rs727988290_B_F_475314254,rs727988290,BOT,[C/A],38,8,84343343,-
rs392158233_B_F_28621067,rs392158233,TOP,[T/C],38,8,85561230,+
rs178141891_B_F_415691228,rs178141891,BOT,[A/C],38,8,86043489,-
rs784070707_B_F_976974488,rs784070707,TOP,[C/T],38,8,86154167,+
rs123104720_B_F_326911118,rs123104720,TOP,[C/T],38,8,88176225,+
rs536564955_B_F_41808163,rs536564955,BOT,[A/G],38,8,89528476,-
rs157827823_B_F_664082961,rs157827823,BOT,[I/D],38,8,89696200,-
rs355820819_B_F_201010293,rs355820819,TOP,[T/C],38,8,90386317,+
rs816515865_B_F_261668639,rs816515865,TOP,[C/T],38,8,91191292,+
rs652766249_B_F_230375349,rs652766249,TOP,[A/G],38,8,91396910,+
rs609299647_B_F_534150523,rs609299647,TOP,[C/T],38,8,92370557,+
rs755869621_B_F_263988522,rs755869621,BOT,[A/C],38,8,93134427,-
rs21007307_B_F_62553439,rs21007307,BOT,[I/D],38,8,93243735,-
rs850444967_B_F_908062691,rs850444967,BOT,[G/A],38,8,93247851,-
rs653771287_B_F_570065107,rs653771287,BOT,[C/T],38,8,93903183,-
8:94440889_B_F_561989870,8:94440889,BOT,[T/C],38,8,94056770,-
8:94822837_B_F_378760181,8:94822837,TOP,[C/T],38,8,94280215,+
8:95424609_B_F_330305884,8:95424609,BOT,[T/C],38,8,94959053,-
rs73689682_B_F_712364344,rs73689682,TOP,[C/T],38,8,96584554,+
rs409682031_B_F_502541585,rs409682031,TOP,[G/A],38,8,97314831,+
rs34845529_B_F_339335405,rs34845529,BOT,[T/C],38,8,97716023,-
rs725264139_B_F_895436756,rs725264139,TOP,[G/A],38,8,97864367,+
rs436594206_B_F_588772657,rs436594206,BOT,[G/T],38,8,98033750,-
rs725681779_B_F_377608541,rs725681779,TOP,[T/G],38,8,98933132,+
8:100161923_B_F_852800180,8:100161923,BOT,[G/A],38,8,99696367,-
rs627011279_B_F_153737660,rs627011279,BOT,[G/A],38,8,100593777,-
rs753243065_B_F_893058259,rs753243065,TOP,[A/G],38,8,100850948,+
rs162250791_B_F_270098828,rs162250791,BOT,[C/T],38,8,101269073,-
8:101866290_B_F_475469058,8:101866290,BOT,[G/T],38,8,101323668,-
rs477758556_B_F_463760084,rs477758556,TOP,[A/G],38,8,101515612,+
rs44251338_B_F_887033838,rs44251338,TOP,[C/A],38,8,102224545,+
rs70402761_B_F_3425740,rs70402761,BOT,[A/G],38,8,102325902,-
rs720393357_B_F_652651070,rs720393357,BOT,[T/C],38,8,102623766,-
rs323890905_B_F_554546446,rs323890905,BOT,[T/C],38,8,102682173,-
rs515492732_B_F_528048989,rs515492732,TOP,[G/A],38,8,103087379,+
rs466647439_B_F_936686299,rs466647439,TOP,[T/G],38,8,103112476,+
rs406385361_B_F_452791252,rs406385361,BOT,[I/D],38,8,103332430,-
8:104200500_B_F_431123180,8:104200500,TOP,[G/T],38,8,103816381,+
rs512539716_B_F_190394497,rs512539716,BOT,[T/C],38,8,103996092,-
rs48033916_B_F_900251992,rs48033916,TOP,[C/T],38,8,104041918,+
8:105349231_B_F_156306079,8:105349231,BOT,[G/A],38,8,104883675,-
8:106182367_B_F_325528515,8:106182367,BOT,[I/D],38,8,105716811,-
rs438696935_B_F_908827560,rs438696935,TOP,[G/A],38,8,106781929,+
rs395622237_B_F_755767932,rs395622237,TOP,[G/T],38,8,107603457,+
rs454852962_B_F_785789167,rs454852962,BOT,[G/A],38,8,107636844,-
rs768722341_B_F_437883779,rs768722341,TOP,[A/G],38,8,107982154,+
rs752085903_B_F_775704159,rs752085903,TOP,[C/T],38,8,108004727,+
8:109036036_B_F_550761151,8:109036036,TOP,[T/C],38,8,108651917,+
rs791379314_B_F_511106638,rs791379314,TOP,[G/A],38,8,108698634,+
8:109811999_B_F_188960195,8:109811999,TOP,[C/T],38,8,109346443,+
rs16730168_B_F_723178710,rs16730168,TOP,[G/A],38,8,109385551,+
rs873797084_B_F_646977596,rs873797084,TOP,[G/A],38,8,112766941,+
rs669682594_B_F_842765178,rs669682594,BOT,[T/C],38,8,113648215,-
rs334237646_B_F_285457757,rs334237646,TOP,[G/A],38,8,114478122,+
rs190557159_B_F_460869035,rs190557159,TOP,[A/G],38,8,114546789,+
rs394186018_B_F_34593766,rs394186018,TOP,[G/A],38,8,116322335,+
rs681030692_B_F_327046390,rs681030692,BOT,[I/D],38,8,116710316,-
rs841279791_B_F_344336229,rs841279791,TOP,[C/A],38,8,117161075,+
8:117641143_B_F_31408981,8:117641143,TOP,[A/G],38,8,117175587,+
rs801524544_B_F_513248982,rs801524544,TOP,[A/G],38,8,117238089,+
rs397193908_B_F_281940288,rs397193908,BOT,[I/D],38,8,117355520,-
rs330615815_B_F_3437457,rs330615815,BOT,[I/D],38,8,118134348,-
rs181594558_B_F_773763610,rs181594558,BOT,[T/G],38,8,118595358,-
rs778965604_B_F_468282365,rs778965604,TOP,[T/C],38,8,118615991,+
rs651265665_B_F_744365631,rs651265665,TOP,[T/C],38,8,119942504,+
8:120331496_B_F_963058491,8:120331496,BOT,[A/G],38,8,119947377,-
rs136810464_B_F_558864058,rs136810464,TOP,[C/T],38,8,120690437,+
rs423499729_B_F_303775744,rs423499729,TOP,[T/C],38,8,121067582,+
8:121947206_B_F_58003493,8:121947206,TOP,[C/T],38,8,121481650,+
rs834716857_B_F_230230429,rs834716857,TOP,[A/G],38,8,121830949,+
rs263223241_B_F_709835711,rs263223241,TOP,[A/G],38,8,122517028,+
rs629249641_B_F_289811504,rs629249641,TOP,[T/G],38,8,122536197,+
rs158289231_B_F_899944725,rs158289231,TOP,[A/G],38,8,122844789,+
rs860893988_B_F_483982787,rs860893988,TOP,[A/C],38,8,122878757,+
rs112659851_B_F_794541192,rs112659851,TOP,[G/T],38,8,123064448,+
8:123644971_B_F_63964424,8:123644971,BOT,[T/C],38,8,123102349,-
rs471609924_B_F_802869507,rs471609924,BOT,[T/C],38,8,123516436,-
rs488740362_B_F_106671626,rs488740362,TOP,[G/A],38,8,123631960,+
rs407881871_B_F_253424077,rs407881871,TOP,[A/G],38,8,124210624,+
rs707875338_B_F_716439639,rs707875338,TOP,[G/A],38,8,124325975,+
rs576902635_B_F_82122633,rs576902635,TOP,[C/T],38,8,124661631,+
rs775006640_B_F_257335583,rs775006640,TOP,[T/G],38,8,124860542,+
8:125470333_B_F_398159119,8:125470333,TOP,[A/G],38,8,124927711,+
rs879180001_B_F_52536043,rs879180001,TOP,[T/G],38,8,125176914,+
rs688446405_B_F_382859462,rs688446405,TOP,[G/T],38,8,125472284,+
rs223487284_B_F_606240465,rs223487284,TOP,[G/A],38,8,125659827,+
8:126146189_B_F_624101713,8:126146189,BOT,[C/T],38,8,125762070,-
rs817049869_B_F_378178772,rs817049869,BOT,[C/T],38,8,125856501,-
rs828807890_B_F_139274418,rs828807890,TOP,[A/C],38,8,126063047,+
8:126626025_B_F_919975557,8:126626025,TOP,[T/G],38,8,126083403,+
rs558893772_B_F_884963088,rs558893772,TOP,[T/C],38,8,126301721,+
rs309092260_B_F_989968665,rs309092260,TOP,[T/G],38,8,126437357,+
rs804438970_B_F_812910761,rs804438970,BOT,[G/T],38,8,126468077,-
rs53161921_B_F_843077389,rs53161921,TOP,[I/D],38,8,126644005,+
rs319064939_B_F_469950416,rs319064939,TOP,[A/G],38,8,126876872,+
8:127421826_B_F_337874145,8:127421826,TOP,[C/T],38,8,126956270,+
rs192584422_B_F_25810763,rs192584422,BOT,[T/C],38,8,127021838,-
rs448792796_B_F_767369992,rs448792796,BOT,[C/T],38,8,127642338,-
rs754946198_B_F_977769578,rs754946198,TOP,[G/T],38,8,127765236,+
rs8402883_B_F_685515875,rs8402883,BOT,[A/G],38,8,127937197,-
rs873826223_B_F_194915829,rs873826223,BOT,[C/T],38,8,127969800,-
rs56173984_B_F_924526395,rs56173984,TOP,[C/T],38,8,128058182,+
rs311340414_B_F_468608943,rs311340414,TOP,[G/A],38,8,128094799,+
rs479786934_B_F_643529871,rs479786934,BOT,[T/C],38,8,128187715,-
rs597057638_B_F_686288064,rs597057638,BOT,[T/C],38,8,128386434,-
rs510567828_B_F_259478355,rs510567828,TOP,[G/T],38,8,128460766,+
rs260093525_B_F_314138286,rs260093525,TOP,[A/G],38,8,128463305,+
rs180561326_B_F_116906770,rs180561326,TOP,[G/A],38,8,128663552,+
rs399096819_B_F_563337999,rs399096819,TOP,[A/G],38,8,128869053,+
rs851924802_B_F_562129329,rs851924802,TOP,[G/A],38,8,129336000,+
rs251644051_B_F_993080545,rs251644051,TOP,[T/C],38,8,129560058,+
rs182431939_B_F_415387786,rs182431939,BOT,[A/G],38,8,130110254,-
rs484726365_B_F_873141681,rs484726365,BOT,[G/A],38,8,130164101,-
rs456991139_B_F_225985721,rs456991139,BOT,[C/A],38,8,130278418,-
rs689210946_B_F_999990369,rs689210946,BOT,[T/C],38,8,130414218,-
rs209142308_B_F_106008396,rs209142308,TOP,[T/G],38,8,130674244,+
rs20094547_B_F_596401080,rs20094547,TOP,[C/T],38,8,130808923,+
rs886373445_B_F_705426275,rs886373445,BOT,[T/C],38,8,131476034,-
8:131972300_B_F_948273622,8:131972300,BOT,[T/G],38,8,131588181,-
8:132601200_B_F_893794118,8:132601200,TOP,[A/G],38,8,132058578,+
8:132826357_B_F_647212943,8:132826357,BOT,[C/T],38,8,132360801,-
rs681432282_B_F_657354092,rs681432282,BOT,[C/A],38,8,132635022,-
8:133434205_B_F_447145620,8:133434205,BOT,[I/D],38,8,133050086,-
rs674087418_B_F_421449858,rs674087418,TOP,[G/T],38,8,133183793,+
rs242872730_B_F_884883442,rs242872730,TOP,[G/A],38,8,133327751,+
rs887323389_B_F_34145455,rs887323389,BOT,[A/G],38,8,133508463,-
rs427045514_B_F_112725361,rs427045514,TOP,[C/T],38,8,133709464,+
rs888730333_B_F_712911965,rs888730333,TOP,[T/C],38,8,134018760,+
8:134621948_B_F_601405079,8:134621948,TOP,[I/D],38,8,134237829,+
rs512352683_B_F_801664004,rs512352683,TOP,[A/G],38,8,134731056,+
rs446095017_B_F_735757979,rs446095017,TOP,[G/T],38,8,134740353,+
rs515151136_B_F_222296726,rs515151136,TOP,[C/T],38,8,135191691,+
rs857349430_B_F_645310737,rs857349430,TOP,[C/T],38,8,135192084,+
rs740186367_B_F_924264571,rs740186367,TOP,[C/T],38,8,135453741,+
8:136869586_B_F_227964133,8:136869586,BOT,[G/T],38,8,136326964,-
8:136901712_B_F_131292138,8:136901712,BOT,[T/C],38,8,136517593,-
rs462040853_B_F_850242090,rs462040853,TOP,[C/T],38,8,136595537,+
rs184810986_B_F_407754893,rs184810986,TOP,[T/C],38,8,136605155,+
8:137627168_B_F_446059209,8:137627168,TOP,[G/A],38,8,137161612,+
rs448105912_B_F_218020196,rs448105912,BOT,[T/G],38,8,137202085,-
rs756101592_B_F_904298169,rs756101592,BOT,[G/A],38,8,137547153,-
rs157587313_B_F_375484540,rs157587313,TOP,[T/C],38,8,138322477,+
rs844448194_B_F_191785073,rs844448194,TOP,[A/G],38,8,138347256,+
rs261063125_B_F_330302038,rs261063125,TOP,[T/C],38,8,138726719,+
8:139339325_B_F_536209895,8:139339325,BOT,[I/D],38,8,138796703,-
rs645690503_B_F_889438313,rs645690503,TOP,[A/G],38,8,139252485,+
rs154199511_B_F_770482534,rs154199511,TOP,[G/A],38,8,139258371,+
rs330172273_B_F_979440198,rs330172273,TOP,[A/C],38,8,139572634,+
rs407586460_B_F_165905509,rs407586460,TOP,[I/D],38,8,139657502,+
rs192926712_B_F_630038267,rs192926712,BOT,[A/G],38,8,139843540,-
rs76896654_B_F_89386845,rs76896654,BOT,[C/T],38,8,140015900,-
rs753050045_B_F_260407583,rs753050045,TOP,[T/C],38,8,140335539,+
rs258108429_B_F_377931733,rs258108429,TOP,[A/G],38,8,140650671,+
rs463302514_B_F_445752713,rs463302514,TOP,[A/G],38,8,141414592,+
8:142138462_B_F_777935394,8:142138462,TOP,[T/C],38,8,141595840,+
rs697002733_B_F_807427198,rs697002733,BOT,[T/G],38,8,141964373,-
rs195482919_B_F_849499568,rs195482919,TOP,[C/T],38,8,142183812,+
rs89671403_B_F_560053594,rs89671403,TOP,[C/A],38,8,142231572,+
8:143018103_B_F_370524538,8:143018103,TOP,[C/T],38,8,142552547,+
rs121919856_B_F_596994064,rs121919856,BOT,[G/A],38,8,142831424,-
rs500399840_B_F_237154585,rs500399840,BOT,[C/T],38,8,142868405,-
rs898568431_B_F_772580778,rs898568431,BOT,[A/G],38,8,143390353,-
rs876513324_B_F_817423120,rs876513324,TOP,[C/T],38,8,143401881,+
rs603470594_B_F_544799826,rs603470594,TOP,[T/C],38,8,144360779,+
rs425178617_B_F_275649630,rs425178617,BOT,[G/T],38,9,712066,-
rs153690098_B_F_472371689,rs153690098,TOP,[A/G],38,9,978833,+
rs262666367_B_F_266072171,rs262666367,BOT,[G/A],38,9,1270676,-
rs481165717_B_F_243993687,rs481165717,TOP,[G/T],38,9,1311050,+
rs632135045_B_F_823073621,rs632135045,TOP,[T/C],38,9,2073839,+
rs707192133_B_F_100129612,rs707192133,BOT,[C/A],38,9,2219283,-
rs463616319_B_F_463391593,rs463616319,BOT,[T/C],38,9,2386539,-
rs631724670_B_F_534930805,rs631724670,TOP,[G/A],38,9,2504819,+
rs620375019_B_F_450777649,rs620375019,TOP,[G/T],38,9,2632365,+
rs175192292_B_F_75096990,rs175192292,TOP,[T/C],38,9,2694834,+
9:3186805_B_F_668021086,9:3186805,TOP,[G/A],38,9,2721249,+
rs259396011_B_F_521105601,rs259396011,TOP,[A/G],38,9,2796409,+
9:4119427_B_F_950063752,9:4119427,TOP,[A/C],38,9,3576805,+
rs98238634_B_F_314038262,rs98238634,BOT,[C/T],38,9,4231721,-
rs440747567_B_F_447623097,rs440747567,BOT,[C/T],38,9,4239545,-
rs51615008_B_F_605891435,rs51615008,TOP,[A/C],38,9,4337191,+
9:4901885_B_F_876168836,9:4901885,TOP,[T/C],38,9,4517766,+
rs134194085_B_F_819972202,rs134194085,TOP,[G/A],38,9,4633229,+
rs850236373_B_F_365342235,rs850236373,TOP,[T/C],38,9,4722398,+
9:5208897_B_F_276320715,9:5208897,TOP,[G/A],38,9,4743341,+
rs854306876_B_F_918713758,rs854306876,TOP,[G/A],38,9,4895391,+
rs481077519_B_F_157382910,rs481077519,TOP,[C/T],38,9,5522167,+
rs443776304_B_F_151175758,rs443776304,BOT,[C/T],38,9,6961472,-
9:7372594_B_F_379453174,9:7372594,BOT,[C/T],38,9,6988475,-
rs871380886_B_F_313885536,rs871380886,BOT,[T/C],38,9,7057611,-
rs898345068_B_F_298413996,rs898345068,BOT,[C/T],38,9,7064934,-
9:7861333_B_F_125444590,9:7861333,TOP,[C/T],38,9,7318711,+
9:7810860_B_F_488415269,9:7810860,TOP,[A/G],38,9,7345304,+
rs650733833_B_F_407406822,rs650733833,TOP,[A/G],38,9,7385383,+
rs221223413_B_F_384965552,rs221223413,BOT,[A/G],38,9,7387954,-
rs318039969_B_F_619240812,rs318039969,TOP,[C/T],38,9,7485366,+
9:8039272_B_F_649359561,9:8039272,BOT,[C/T],38,9,7573716,-
rs609515652_B_F_214590446,rs609515652,TOP,[A/G],38,9,7673453,+
rs780164682_B_F_563983259,rs780164682,BOT,[T/C],38,9,7708686,-
rs426250464_B_F_60929044,rs426250464,BOT,[A/G],38,9,8263919,-
rs603608354_B_F_265003105,rs603608354,TOP,[A/G],38,9,8815186,+
rs139213831_B_F_764281756,rs139213831,TOP,[C/A],38,9,8870985,+
rs517257467_B_F_64680478,rs517257467,TOP,[A/G],38,9,9065478,+
9:9731579_B_F_339536093,9:9731579,TOP,[I/D],38,9,9188957,+
9:9747153_B_F_498521897,9:9747153,BOT,[A/G],38,9,9204531,-
rs161349728_B_F_165767821,rs161349728,BOT,[G/T],38,9,9301290,-
rs357050020_B_F_979182053,rs357050020,BOT,[I/D],38,9,10124920,-
rs416553714_B_F_884518489,rs416553714,BOT,[A/G],38,9,10275924,-
rs405736112_B_F_113291709,rs405736112,BOT,[C/T],38,9,10393771,-
rs152710631_B_F_686667292,rs152710631,TOP,[T/G],38,9,10512117,+
rs719355034_B_F_309576598,rs719355034,BOT,[A/C],38,9,10538067,-
rs352938688_B_F_718263520,rs352938688,BOT,[A/C],38,9,10603845,-
rs705407264_B_F_265095218,rs705407264,TOP,[A/G],38,9,11137054,+
rs605289820_B_F_465458406,rs605289820,TOP,[A/C],38,9,11409578,+
rs768827064_B_F_69671347,rs768827064,TOP,[C/T],38,9,12276703,+
9:13996607_B_F_712455038,9:13996607,BOT,[A/C],38,9,13453985,-
rs585743332_B_F_210108997,rs585743332,TOP,[C/T],38,9,13648530,+
rs44826053_B_F_571232874,rs44826053,TOP,[T/C],38,9,13859053,+
rs682041849_B_F_622478686,rs682041849,BOT,[G/A],38,9,13871563,-
9:14319044_B_F_636308114,9:14319044,TOP,[G/A],38,9,13934925,+
9:14779354_B_F_696758281,9:14779354,BOT,[T/C],38,9,14395235,-
rs216151821_B_F_760609739,rs216151821,BOT,[C/A],38,9,14395596,-
rs362632130_B_F_460310015,rs362632130,BOT,[C/A],38,9,14452368,-
rs264006142_B_F_836141015,rs264006142,BOT,[A/C],38,9,14653369,-
9:15131254_B_F_242126600,9:15131254,BOT,[G/A],38,9,14747135,-
9:15752302_B_F_920713585,9:15752302,TOP,[C/T],38,9,15286746,+
rs156917544_B_F_64108561,rs156917544,TOP,[A/G],38,9,16011072,+
rs74031890_B_F_886212786,rs74031890,TOP,[A/G],38,9,16011085,+
9:16994732_B_F_967176218,9:16994732,TOP,[C/T],38,9,16529176,+
rs150251210_B_F_869058595,rs150251210,TOP,[A/G],38,9,16847522,+
rs31012066_B_F_206728513,rs31012066,BOT,[A/G],38,9,16904905,-
9:17724985_B_F_250875985,9:17724985,TOP,[T/C],38,9,17340866,+
rs325462426_B_F_828625854,rs325462426,BOT,[I/D],38,9,17472032,-
rs131414965_B_F_457883547,rs131414965,TOP,[I/D],38,9,18300780,+
9:18803706_B_F_2239071,9:18803706,BOT,[G/A],38,9,18419587,-
rs800964213_B_F_257293407,rs800964213,BOT,[A/C],38,9,18583521,-
9:19248262_B_F_536927731,9:19248262,BOT,[A/G],38,9,18782706,-
rs586907985_B_F_533261733,rs586907985,BOT,[A/C],38,9,18935682,-
rs827615901_B_F_573741638,rs827615901,TOP,[I/D],38,9,19440755,+
rs850845798_B_F_849012074,rs850845798,TOP,[C/A],38,9,19584285,+
rs231034250_B_F_554657772,rs231034250,BOT,[I/D],38,9,19787954,-
rs732874824_B_F_952936241,rs732874824,TOP,[G/A],38,9,20867810,+
rs221923698_B_F_409667808,rs221923698,TOP,[A/G],38,9,21396899,+
rs88524263_B_F_542571859,rs88524263,TOP,[G/T],38,9,21481557,+
rs478602499_B_F_447078872,rs478602499,BOT,[T/G],38,9,23013285,-
9:23548862_B_F_912922915,9:23548862,TOP,[C/T],38,9,23083306,+
rs744248617_B_F_112136678,rs744248617,TOP,[T/C],38,9,23406534,+
rs708086400_B_F_416770899,rs708086400,TOP,[A/G],38,9,23430442,+
rs760931348_B_F_906839337,rs760931348,TOP,[A/C],38,9,23487129,+
9:23989049_B_F_304141783,9:23989049,TOP,[A/G],38,9,23523493,+
rs67838224_B_F_573090711,rs67838224,BOT,[T/C],38,9,23972119,-
rs101688976_B_F_297930665,rs101688976,BOT,[T/C],38,9,24146438,-
rs463088393_B_F_192090407,rs463088393,TOP,[G/A],38,9,24164334,+
rs290836292_B_F_597932940,rs290836292,BOT,[T/G],38,9,24671259,-
9:25783706_B_F_383475001,9:25783706,TOP,[G/T],38,9,25241084,+
rs403340425_B_F_976349978,rs403340425,TOP,[C/T],38,9,25310742,+
rs648333528_B_F_936993432,rs648333528,TOP,[A/C],38,9,25555388,+
rs651333767_B_F_188921180,rs651333767,BOT,[T/C],38,9,25558519,-
rs575542156_B_F_986309609,rs575542156,BOT,[G/A],38,9,25596264,-
rs338697481_B_F_269279760,rs338697481,BOT,[T/C],38,9,25678889,-
rs872054811_B_F_959313017,rs872054811,TOP,[T/C],38,9,25725270,+
rs258836803_B_F_817497759,rs258836803,TOP,[T/G],38,9,25739647,+
rs671609474_B_F_586410861,rs671609474,TOP,[C/T],38,9,26172455,+
rs261783546_B_F_133722707,rs261783546,BOT,[G/A],38,9,26521967,-
rs853856109_B_F_216728155,rs853856109,BOT,[C/T],38,9,26603898,-
9:27678337_B_F_974261399,9:27678337,TOP,[T/C],38,9,27135715,+
rs343441429_B_F_114156719,rs343441429,TOP,[T/C],38,9,27430234,+
rs588260386_B_F_845125007,rs588260386,BOT,[I/D],38,9,27484498,-
rs356795273_B_F_53064921,rs356795273,BOT,[G/A],38,9,28043908,-
rs597658888_B_F_972181588,rs597658888,BOT,[A/G],38,9,29292967,-
rs790039031_B_F_201499480,rs790039031,BOT,[I/D],38,9,29910123,-
rs854483925_B_F_434929856,rs854483925,TOP,[C/T],38,9,29985895,+
rs712570783_B_F_559760814,rs712570783,TOP,[A/G],38,9,30043592,+
rs620336952_B_F_50531057,rs620336952,BOT,[T/C],38,9,30743424,-
9:31774121_B_F_207120226,9:31774121,BOT,[C/T],38,9,31308565,-
rs272547850_B_F_856613114,rs272547850,TOP,[T/C],38,9,31602286,+
rs426011244_B_F_842661785,rs426011244,BOT,[T/C],38,9,33487025,-
rs92004262_B_F_903343006,rs92004262,BOT,[T/C],38,9,34564276,-
rs400441001_B_F_597693548,rs400441001,TOP,[I/D],38,9,34715587,+
rs28168692_B_F_960345669,rs28168692,BOT,[C/T],38,9,36069693,-
rs821410918_B_F_256516678,rs821410918,TOP,[G/A],38,9,36349759,+
rs464455131_B_F_852846828,rs464455131,TOP,[C/T],38,9,36391540,+
rs703286262_B_F_223587174,rs703286262,TOP,[A/G],38,9,36797289,+
rs61088668_B_F_758047399,rs61088668,BOT,[T/C],38,9,37749216,-
rs568036615_B_F_729942922,rs568036615,TOP,[G/A],38,9,38196566,+
9:38925140_B_F_507681130,9:38925140,BOT,[T/C],38,9,38382518,-
rs18963163_B_F_95122342,rs18963163,BOT,[G/T],38,9,38406735,-
9:38955784_B_F_395114039,9:38955784,TOP,[G/T],38,9,38413162,+
rs243011184_B_F_500529506,rs243011184,BOT,[G/T],38,9,38641325,-
rs432644589_B_F_368165238,rs432644589,TOP,[T/C],38,9,38751297,+
rs116632595_B_F_532523239,rs116632595,TOP,[A/G],38,9,38772578,+
rs227362110_B_F_258701053,rs227362110,TOP,[C/T],38,9,68538060,+
9:69489650_B_F_309753865,9:69489650,TOP,[G/T],38,9,68947028,+
rs618889907_B_F_316546969,rs618889907,TOP,[A/G],38,9,69205232,+
9:70251187_B_F_868686485,9:70251187,BOT,[I/D],38,9,69708565,-
rs97556698_B_F_342635231,rs97556698,TOP,[T/C],38,9,70601630,+
rs416203492_B_F_721731740,rs416203492,BOT,[A/C],38,9,70899777,-
rs430541352_B_F_76830619,rs430541352,BOT,[A/G],38,9,71121615,-
9:71726951_B_F_268385518,9:71726951,BOT,[T/C],38,9,71184329,-
9:72094879_B_F_164187200,9:72094879,BOT,[A/C],38,9,71629323,-
rs732229140_B_F_652148604,rs732229140,TOP,[G/A],38,9,71748752,+
rs233744053_B_F_306642987,rs233744053,TOP,[G/A],38,9,72216116,+
rs105771792_B_F_230975021,rs105771792,BOT,[T/C],38,9,72573530,-
rs727919121_B_F_660827878,rs727919121,TOP,[A/T],38,9,72925588,+
rs713147811_B_F_954635070,rs713147811,BOT,[T/C],38,9,73589795,-
rs409278632_B_F_9199124,rs409278632,BOT,[G/A],38,9,74737424,-
rs783343796_B_F_93079072,rs783343796,TOP,[C/T],38,9,75357713,+
9:76587253_B_F_814524000,9:76587253,TOP,[C/T],38,9,76044631,+
rs564728150_B_F_318934911,rs564728150,BOT,[C/A],38,9,76380815,-
rs318809340_B_F_739275866,rs318809340,TOP,[C/T],38,9,76610343,+
9:77125106_B_F_546235137,9:77125106,TOP,[C/T],38,9,76659550,+
9:77602940_B_F_368489712,9:77602940,TOP,[A/G],38,9,77137384,+
rs476526445_B_F_941401929,rs476526445,TOP,[A/C],38,9,77426725,+
rs839696645_B_F_307186112,rs839696645,BOT,[C/T],38,9,78126411,-
9:78529783_B_F_436780287,9:78529783,TOP,[G/A],38,9,78145664,+
rs281058366_B_F_563621324,rs281058366,TOP,[G/T],38,9,78225472,+
9:79435485_B_F_461023481,9:79435485,TOP,[C/T],38,9,78969929,+
9:79802118_B_F_364200319,9:79802118,BOT,[G/A],38,9,79417999,-
rs421256892_B_F_599620196,rs421256892,BOT,[A/G],38,9,79870718,-
rs247236465_B_F_900699635,rs247236465,BOT,[C/T],38,9,80260421,-
rs200374766_B_F_224237086,rs200374766,TOP,[A/G],38,9,80285973,+
rs437610916_B_F_463463477,rs437610916,TOP,[C/T],38,9,80323406,+
rs768215631_B_F_280602697,rs768215631,TOP,[A/G],38,9,80475350,+
rs217282732_B_F_987881269,rs217282732,BOT,[A/G],38,9,81525465,-
rs50220377_B_F_156827528,rs50220377,BOT,[C/T],38,9,82820939,-
rs685539331_B_F_584657539,rs685539331,BOT,[G/T],38,9,82964613,-
rs803766842_B_F_613948891,rs803766842,TOP,[T/C],38,9,83496327,+
rs568228080_B_F_775704986,rs568228080,TOP,[C/A],38,9,84178093,+
rs279455349_B_F_882406806,rs279455349,TOP,[G/A],38,9,84326705,+
9:84959071_B_F_287434168,9:84959071,BOT,[T/G],38,9,84574952,-
9:85440119_B_F_832610755,9:85440119,TOP,[C/T],38,9,84897497,+
rs213817068_B_F_959285778,rs213817068,BOT,[C/T],38,9,85088017,-
rs841671257_B_F_534846518,rs841671257,BOT,[T/C],38,9,85229633,-
9:85910371_B_F_163451467,9:85910371,TOP,[G/T],38,9,85444815,+
9:86530475_B_F_546187516,9:86530475,TOP,[C/A],38,9,86064919,+
rs219634225_B_F_560503814,rs219634225,BOT,[T/C],38,9,86074933,-
rs111051006_B_F_99069849,rs111051006,BOT,[C/A],38,9,86560028,-
rs203635608_B_F_778556432,rs203635608,TOP,[C/A],38,9,86658754,+
9:87243493_B_F_642364150,9:87243493,TOP,[C/T],38,9,86859374,+
rs598435232_B_F_460759239,rs598435232,BOT,[I/D],38,9,87327951,-
rs543430820_B_F_115733597,rs543430820,BOT,[T/C],38,9,87895672,-
rs47598084_B_F_107162636,rs47598084,TOP,[A/G],38,9,88043767,+
9:89880309_B_F_429950042,9:89880309,TOP,[A/G],38,9,89496190,+
rs256772949_B_F_526076113,rs256772949,BOT,[G/A],38,9,89666340,-
rs502248909_B_F_657854758,rs502248909,TOP,[A/G],38,9,90336822,+
9:91093147_B_F_565804708,9:91093147,BOT,[T/C],38,9,90627591,-
9:91352315_B_F_365468937,9:91352315,TOP,[C/T],38,9,90809693,+
rs624097939_B_F_312559982,rs624097939,TOP,[T/C],38,9,90903537,+
rs15476994_B_F_724532731,rs15476994,TOP,[C/T],38,9,91078377,+
rs403148464_B_F_146499830,rs403148464,TOP,[A/C],38,9,92239722,+
rs322243380_B_F_23246070,rs322243380,BOT,[G/A],38,9,92272115,-
rs199602009_B_F_711039322,rs199602009,BOT,[C/T],38,9,92792688,-
rs603084558_B_F_550226529,rs603084558,BOT,[A/G],38,9,93288690,-
rs170383867_B_F_325265223,rs170383867,TOP,[C/T],38,9,93679501,+
rs324932496_B_F_488594217,rs324932496,BOT,[A/G],38,9,94654079,-
rs271877441_B_F_159086241,rs271877441,BOT,[C/A],38,9,95497421,-
rs215002368_B_F_891136368,rs215002368,BOT,[A/G],38,9,95605435,-
rs143107674_B_F_360395718,rs143107674,TOP,[T/C],38,9,97556749,+
9:98630378_B_F_167361608,9:98630378,TOP,[T/C],38,9,98246259,+
rs675550470_B_F_185425540,rs675550470,BOT,[T/C],38,9,98280576,-
9:98949527_B_F_45396119,9:98949527,TOP,[A/G],38,9,98406905,+
rs356865941_B_F_922708646,rs356865941,TOP,[G/A],38,9,98837476,+
rs881292212_B_F_537020053,rs881292212,TOP,[T/G],38,9,98998959,+
rs456899356_B_F_275524050,rs456899356,TOP,[T/C],38,9,99088118,+
rs245308907_B_F_320250313,rs245308907,BOT,[C/A],38,9,99146083,-
9:99643240_B_F_997589873,9:99643240,TOP,[I/D],38,9,99177684,+
rs865147525_B_F_205271560,rs865147525,TOP,[T/C],38,9,100449043,+
rs895437052_B_F_961731697,rs895437052,TOP,[T/C],38,9,100742343,+
rs39317266_B_F_258077422,rs39317266,BOT,[C/A],38,9,101101898,-
9:101624468_B_F_949002246,9:101624468,TOP,[A/G],38,9,101158912,+
rs171920209_B_F_355145423,rs171920209,BOT,[G/A],38,9,101298232,-
rs716575584_B_F_6678976,rs716575584,TOP,[A/G],38,9,101499263,+
9:102938108_B_F_275335923,9:102938108,BOT,[C/A],38,9,102395486,-
rs189234270_B_F_202760654,rs189234270,TOP,[T/C],38,9,102535958,+
rs107471397_B_F_194675897,rs107471397,TOP,[C/T],38,9,102949373,+
rs725663702_B_F_643108859,rs725663702,TOP,[G/T],38,9,103139527,+
rs75232509_B_F_481968479,rs75232509,TOP,[T/C],38,9,103271840,+
rs553302841_B_F_41310333,rs553302841,TOP,[T/C],38,9,103854409,+
9:104334343_B_F_15943384,9:104334343,TOP,[T/C],38,9,103868787,+
rs666601930_B_F_179527494,rs666601930,BOT,[I/D],38,9,104036661,-
rs425732886_B_F_726488056,rs425732886,BOT,[G/A],38,9,104700870,-
rs226117782_B_F_435482859,rs226117782,TOP,[C/T],38,9,104844931,+
rs884807209_B_F_499009911,rs884807209,BOT,[G/A],38,9,104916635,-
rs183549870_B_F_684175483,rs183549870,TOP,[T/C],38,9,105588113,+
rs277857729_B_F_340970848,rs277857729,BOT,[I/D],38,9,106857874,-
9:107505195_B_F_726862123,9:107505195,BOT,[T/G],38,9,106962573,-
9:107897473_B_F_412465225,9:107897473,BOT,[T/C],38,9,107431917,-
rs257266278_B_F_883149054,rs257266278,BOT,[A/G],38,9,107706615,-
rs713993892_B_F_597993807,rs713993892,TOP,[G/A],38,9,107739156,+
rs681957736_B_F_429985427,rs681957736,BOT,[G/A],38,9,108129214,-
rs830258718_B_F_98048286,rs830258718,TOP,[T/C],38,9,109341548,+
rs448672036_B_F_320092965,rs448672036,TOP,[A/G],38,9,109656770,+
rs418603908_B_F_163289599,rs418603908,BOT,[G/A],38,9,109989202,-
rs365254802_B_F_623259151,rs365254802,TOP,[A/G],38,9,110135829,+
rs732224873_B_F_143087512,rs732224873,TOP,[A/C],38,9,110186340,+
rs155148351_B_F_224816254,rs155148351,BOT,[G/A],38,9,110486637,-
rs882651938_B_F_668850127,rs882651938,BOT,[G/A],38,9,111186861,-
rs805314761_B_F_446941819,rs805314761,TOP,[G/A],38,9,111718282,+
9:112483689_B_F_292144502,9:112483689,BOT,[I/D],38,9,111941067,-
rs548291718_B_F_112964004,rs548291718,BOT,[A/C],38,9,111959403,-
rs652126039_B_F_524906751,rs652126039,BOT,[C/A],38,9,112396642,-
rs830592235_B_F_732448272,rs830592235,TOP,[G/A],38,9,112922275,+
rs561002236_B_F_274457044,rs561002236,TOP,[G/A],38,9,113026427,+
rs536663461_B_F_531865018,rs536663461,TOP,[T/C],38,9,113155503,+
rs394842373_B_F_599530773,rs394842373,TOP,[C/A],38,9,113372981,+
rs863312982_B_F_529765451,rs863312982,TOP,[G/A],38,9,113628789,+
rs882135557_B_F_948332724,rs882135557,BOT,[T/C],38,9,113793160,-
rs893617838_B_F_643117157,rs893617838,TOP,[A/G],38,9,114061494,+
9:114494305_B_F_774113328,9:114494305,BOT,[G/T],38,9,114110186,-
rs176231957_B_F_101034836,rs176231957,BOT,[I/D],38,9,114660498,-
rs608478268_B_F_207918257,rs608478268,BOT,[T/C],38,9,114729579,-
rs760539646_B_F_934316690,rs760539646,BOT,[G/T],38,9,115539718,-
rs777729207_B_F_16665574,rs777729207,TOP,[A/G],38,9,115742419,+
9:117727671_B_F_687924885,9:117727671,TOP,[G/A],38,9,117343552,+
rs496753003_B_F_593660895,rs496753003,TOP,[T/C],38,9,118052674,+
rs244227387_B_F_489984742,rs244227387,BOT,[C/A],38,9,118112131,-
rs190110586_B_F_473119248,rs190110586,TOP,[T/C],38,9,118161236,+
rs838424748_B_F_274633190,rs838424748,BOT,[C/T],38,9,118328653,-
rs141012638_B_F_335751239,rs141012638,TOP,[C/A],38,9,118328935,+
rs819184932_B_F_935918595,rs819184932,TOP,[A/G],38,9,118386782,+
rs337566120_B_F_131010380,rs337566120,BOT,[A/G],38,9,118997289,-
rs549088559_B_F_649802322,rs549088559,TOP,[A/C],38,9,119074737,+
rs82731540_B_F_196979651,rs82731540,BOT,[C/T],38,9,119079679,-
9:120214397_B_F_298567532,9:120214397,TOP,[C/T],38,9,119671775,+
9:120267138_B_F_155343187,9:120267138,TOP,[T/C],38,9,119801582,+
rs553635715_B_F_386990131,rs553635715,TOP,[T/C],38,9,120228691,+
rs592502716_B_F_866704351,rs592502716,BOT,[T/C],38,9,121148132,-
rs551805749_B_F_61138374,rs551805749,TOP,[G/T],38,9,121614310,+
rs422931726_B_F_523779082,rs422931726,TOP,[G/A],38,9,121809205,+
9:122387131_B_F_511328922,9:122387131,TOP,[C/T],38,9,121844509,+
rs300034884_B_F_595341713,rs300034884,BOT,[I/D],38,9,122121383,-
rs787801275_B_F_798279062,rs787801275,TOP,[T/C],38,9,122371877,+
rs718743139_B_F_22257357,rs718743139,BOT,[A/C],38,9,122634733,-
rs99392178_B_F_990190875,rs99392178,TOP,[T/G],38,9,124587533,+
rs216764544_B_F_877442599,rs216764544,TOP,[I/D],38,9,124670906,+
rs756304889_B_F_707632270,rs756304889,BOT,[C/T],38,9,124835232,-
rs251514298_B_F_97350064,rs251514298,TOP,[T/C],38,9,126237815,+
9:127113339_B_F_800163898,9:127113339,TOP,[C/A],38,9,126647783,+
9:128396209_B_F_573685407,9:128396209,BOT,[I/D],38,9,128012090,-
rs44656599_B_F_62289534,rs44656599,TOP,[T/C],38,9,128531954,+
rs600061159_B_F_164512465,rs600061159,BOT,[T/C],38,9,129229741,-
rs581147958_B_F_427270558,rs581147958,TOP,[I/D],38,9,129590606,+
rs400308583_B_F_32781796,rs400308583,TOP,[G/A],38,9,129650427,+
rs478296124_B_F_92567960,rs478296124,TOP,[C/A],38,9,130154956,+
rs722830495_B_F_398320367,rs722830495,TOP,[T/C],38,9,130431404,+
rs354902227_B_F_145703379,rs354902227,TOP,[T/C],38,9,130974160,+
9:131510517_B_F_990774773,9:131510517,TOP,[G/A],38,9,131126398,+
rs526757369_B_F_385213412,rs526757369,BOT,[G/A],38,9,131141917,-
rs492597318_B_F_293708277,rs492597318,BOT,[A/G],38,9,131611219,-
rs237766234_B_F_665103821,rs237766234,BOT,[T/C],38,9,132071314,-
rs731522892_B_F_256209714,rs731522892,TOP,[A/G],38,9,132117164,+
9:132611018_B_F_310115986,9:132611018,TOP,[A/G],38,9,132145462,+
rs285483245_B_F_981910452,rs285483245,BOT,[C/T],38,9,132262951,-
rs228779469_B_F_536268103,rs228779469,TOP,[A/C],38,9,132401954,+
9:133641605_B_F_850610547,9:133641605,TOP,[C/T],38,9,133257486,+
rs24509904_B_F_49914396,rs24509904,TOP,[G/A],38,9,133621393,+
rs629044799_B_F_645489211,rs629044799,TOP,[A/G],38,9,133671511,+
rs441048953_B_F_302687597,rs441048953,BOT,[C/T],38,9,133780605,-
rs537912487_B_F_595198487,rs537912487,BOT,[A/G],38,9,133974504,-
rs122730166_B_F_850656530,rs122730166,BOT,[T/C],38,9,134132056,-
rs386394926_B_F_569733250,rs386394926,TOP,[T/C],38,9,134238043,+
rs542465810_B_F_615599850,rs542465810,BOT,[G/A],38,9,134434763,-
rs194393967_B_F_905793048,rs194393967,TOP,[C/T],38,9,134468394,+
rs188555240_B_F_315078757,rs188555240,TOP,[G/A],38,9,134528675,+
rs146016709_B_F_318164300,rs146016709,BOT,[T/C],38,9,134851463,-
rs202619501_B_F_111670628,rs202619501,BOT,[A/G],38,9,134893022,-
rs383498135_B_F_844000361,rs383498135,TOP,[T/C],38,9,134972209,+
rs611515806_B_F_331523320,rs611515806,TOP,[A/G],38,9,135085187,+
rs202708707_B_F_769699837,rs202708707,TOP,[A/C],38,9,135659716,+
9:137249315_B_F_630972712,9:137249315,BOT,[T/C],38,9,136865196,-
rs481175661_B_F_57879037,rs481175661,TOP,[A/G],38,9,137447446,+
9:138332657_B_F_896106641,9:138332657,TOP,[I/D],38,9,137867101,+
rs200417089_B_F_76144524,rs200417089,TOP,[A/G],38,10,722785,+
rs49448790_B_F_705679885,rs49448790,BOT,[T/C],38,10,786715,-
10:1435111_B_F_53262967,10:1435111,BOT,[T/C],38,10,1050992,-
rs498356484_B_F_162359853,rs498356484,TOP,[A/G],38,10,1250457,+
rs894236893_B_F_808330622,rs894236893,BOT,[T/G],38,10,1559121,-
rs570398968_B_F_510351379,rs570398968,TOP,[T/C],38,10,1812579,+
rs7712851_B_F_499572870,rs7712851,BOT,[G/A],38,10,2146961,-
rs875796698_B_F_792932206,rs875796698,BOT,[A/G],38,10,2284222,-
rs667013878_B_F_772788119,rs667013878,TOP,[C/T],38,10,2303887,+
rs608430436_B_F_713519545,rs608430436,BOT,[T/C],38,10,2315508,-
rs415276329_B_F_316366861,rs415276329,BOT,[G/A],38,10,2461867,-
rs320060221_B_F_131362078,rs320060221,TOP,[T/C],38,10,3113236,+
rs51101637_B_F_429553635,rs51101637,BOT,[G/A],38,10,3263370,-
rs215983284_B_F_66502228,rs215983284,TOP,[C/T],38,10,3451305,+
rs210221491_B_F_14795933,rs210221491,BOT,[A/G],38,10,3625582,-
10:4312424_B_F_741006554,10:4312424,BOT,[G/A],38,10,3846868,-
rs854399509_B_F_75075842,rs854399509,BOT,[T/C],38,10,5199793,-
10:5854804_B_F_16750573,10:5854804,BOT,[A/G],38,10,5470685,-
rs500397993_B_F_50775130,rs500397993,TOP,[G/A],38,10,5494725,+
rs488050594_B_F_473509630,rs488050594,TOP,[G/T],38,10,5562864,+
10:6173671_B_F_899565583,10:6173671,TOP,[T/G],38,10,5708115,+
rs861098696_B_F_546540389,rs861098696,TOP,[G/A],38,10,5731071,+
rs130604825_B_F_672246867,rs130604825,TOP,[T/C],38,10,5953089,+
10:6540915_B_F_379379227,10:6540915,TOP,[T/C],38,10,6075359,+
10:6698195_B_F_633326963,10:6698195,TOP,[G/T],38,10,6155573,+
10:6548519_B_F_687582059,10:6548519,TOP,[G/A],38,10,6164400,+
rs401920163_B_F_927395403,rs401920163,TOP,[A/G],38,10,6322791,+
rs283817676_B_F_611522231,rs283817676,TOP,[G/A],38,10,6435573,+
10:7128839_B_F_209950947,10:7128839,TOP,[A/G],38,10,6744720,+
rs440030468_B_F_5109816,rs440030468,TOP,[A/G],38,10,6943045,+
rs524179309_B_F_976588111,rs524179309,BOT,[A/G],38,10,7006521,-
rs264202678_B_F_617073648,rs264202678,BOT,[C/T],38,10,7123643,-
rs51152670_B_F_580439010,rs51152670,BOT,[A/G],38,10,7641863,-
rs392241691_B_F_231603937,rs392241691,TOP,[T/C],38,10,7741759,+
rs215229217_B_F_295477579,rs215229217,TOP,[T/C],38,10,8340089,+
10:8850926_B_F_13281078,10:8850926,BOT,[T/C],38,10,8385370,-
rs547467331_B_F_422176927,rs547467331,BOT,[T/C],38,10,8816924,-
10:9427590_B_F_260705491,10:9427590,BOT,[C/A],38,10,8962034,-
rs485655530_B_F_965558101,rs485655530,TOP,[C/T],38,10,9132827,+
rs443338671_B_F_497322105,rs443338671,TOP,[T/C],38,10,9675608,+
rs744458357_B_F_109113812,rs744458357,BOT,[A/G],38,10,9925556,-
rs350297399_B_F_628645269,rs350297399,TOP,[G/A],38,10,10067324,+
10:10576799_B_F_528840537,10:10576799,TOP,[A/G],38,10,10192680,+
10:11110237_B_F_247354859,10:11110237,TOP,[A/G],38,10,10567615,+
rs528373834_B_F_980859637,rs528373834,BOT,[A/G],38,10,11326325,-
rs829000338_B_F_999252605,rs829000338,BOT,[T/C],38,10,11463744,-
rs590057706_B_F_498939715,rs590057706,TOP,[I/D],38,10,11473876,+
rs15659353_B_F_841088759,rs15659353,BOT,[T/C],38,10,11684067,-
10:12154681_B_F_184590052,10:12154681,BOT,[A/G],38,10,11689125,-
rs15423376_B_F_887098502,rs15423376,BOT,[A/G],38,10,12207798,-
10:12803066_B_F_85846280,10:12803066,TOP,[A/G],38,10,12418947,+
rs431993678_B_F_99977898,rs431993678,BOT,[I/D],38,10,12501145,-
10:12967971_B_F_959171600,10:12967971,BOT,[T/C],38,10,12502415,-
rs209327415_B_F_198582229,rs209327415,BOT,[A/G],38,10,12580304,-
rs491223119_B_F_389605558,rs491223119,TOP,[T/G],38,10,12793228,+
rs504458495_B_F_361849761,rs504458495,TOP,[I/D],38,10,12844604,+
rs581833635_B_F_924958659,rs581833635,TOP,[T/C],38,10,12918211,+
rs775218114_B_F_22503156,rs775218114,TOP,[G/A],38,10,12936019,+
rs382785232_B_F_942173744,rs382785232,BOT,[G/A],38,10,13313131,-
rs300364594_B_F_969217078,rs300364594,TOP,[A/G],38,10,13548165,+
rs263157362_B_F_127692610,rs263157362,TOP,[C/T],38,10,13668162,+
rs274665413_B_F_772924028,rs274665413,TOP,[C/T],38,10,13738071,+
rs742577311_B_F_971069906,rs742577311,TOP,[C/T],38,10,13938774,+
rs454485162_B_F_403521552,rs454485162,BOT,[A/G],38,10,14008696,-
rs559427642_B_F_892802961,rs559427642,TOP,[C/A],38,10,14100349,+
10:14971521_B_F_855316385,10:14971521,TOP,[T/G],38,10,14587402,+
rs377578215_B_F_896746017,rs377578215,BOT,[T/C],38,10,14624061,-
rs2479343_B_F_776805368,rs2479343,TOP,[G/A],38,10,14638088,+
rs302225960_B_F_361493244,rs302225960,TOP,[G/T],38,10,14646722,+
rs398942202_B_F_546763755,rs398942202,TOP,[A/G],38,10,15463482,+
rs779885613_B_F_544094735,rs779885613,TOP,[T/C],38,10,15812753,+
10:16355583_B_F_652767389,10:16355583,TOP,[T/C],38,10,15971464,+
10:17237261_B_F_337595578,10:17237261,BOT,[A/G],38,10,16694639,-
rs203377377_B_F_634513668,rs203377377,BOT,[A/C],38,10,16946845,-
rs161940992_B_F_925916747,rs161940992,TOP,[A/G],38,10,17061638,+
rs462046460_B_F_295740453,rs462046460,TOP,[A/G],38,10,17551965,+
rs411152650_B_F_284940184,rs411152650,TOP,[T/C],38,10,17640326,+
rs424114697_B_F_907944879,rs424114697,BOT,[A/C],38,10,18101394,-
rs114072980_B_F_511543641,rs114072980,TOP,[G/T],38,10,18267200,+
rs247513237_B_F_282767935,rs247513237,TOP,[G/A],38,10,18355984,+
rs166212302_B_F_553596727,rs166212302,TOP,[T/C],38,10,18416026,+
10:18885810_B_F_396934684,10:18885810,TOP,[G/A],38,10,18501691,+
rs581064731_B_F_801458410,rs581064731,BOT,[A/C],38,10,19071979,-
rs297628968_B_F_247989125,rs297628968,TOP,[T/C],38,10,19659898,+
10:20339491_B_F_950553287,10:20339491,BOT,[A/C],38,10,19873935,-
10:20650401_B_F_467863553,10:20650401,TOP,[T/C],38,10,20266282,+
rs570243570_B_F_514666458,rs570243570,TOP,[C/A],38,10,20430295,+
rs696151084_B_F_444896983,rs696151084,TOP,[C/A],38,10,20992322,+
10:22714446_B_F_203853416,10:22714446,BOT,[G/A],38,10,22330327,-
rs34778871_B_F_577527110,rs34778871,TOP,[A/G],38,10,22350399,+
10:24756865_B_F_203707820,10:24756865,BOT,[T/G],38,10,24372746,-
10:25068196_B_F_388505614,10:25068196,BOT,[T/C],38,10,24525574,-
rs188913208_B_F_187803642,rs188913208,BOT,[C/T],38,10,24777424,-
rs596504349_B_F_242545979,rs596504349,TOP,[C/T],38,10,24828213,+
rs205423594_B_F_693246065,rs205423594,TOP,[G/A],38,10,24894003,+
rs670716828_B_F_83115494,rs670716828,TOP,[T/G],38,10,25670053,+
rs35732131_B_F_36956492,rs35732131,BOT,[T/C],38,10,25849302,-
rs581588572_B_F_711225105,rs581588572,TOP,[T/C],38,10,26911362,+
rs493473112_B_F_419486676,rs493473112,TOP,[A/G],38,10,27551907,+
rs60305931_B_F_9606448,rs60305931,BOT,[T/G],38,10,28087002,-
rs589833226_B_F_896044623,rs589833226,TOP,[C/T],38,10,28090612,+
rs891947115_B_F_344810820,rs891947115,BOT,[T/C],38,10,28174191,-
rs175504328_B_F_951110368,rs175504328,TOP,[G/A],38,10,28295668,+
rs824919802_B_F_697181923,rs824919802,TOP,[C/T],38,10,29068271,+
rs11392661_B_F_209877479,rs11392661,TOP,[T/C],38,10,29167114,+
rs639218396_B_F_616290958,rs639218396,TOP,[C/T],38,10,29294502,+
rs554316527_B_F_631689761,rs554316527,TOP,[C/T],38,10,29300155,+
rs723422357_B_F_552112709,rs723422357,TOP,[T/C],38,10,29305862,+
rs360885434_B_F_289012547,rs360885434,BOT,[I/D],38,10,29494763,-
10:30347060_B_F_233668740,10:30347060,BOT,[C/T],38,10,29804438,-
10:31616836_B_F_358790227,10:31616836,BOT,[C/T],38,10,31074214,-
10:32736179_B_F_858697769,10:32736179,BOT,[A/G],38,10,32193557,-
rs167165466_B_F_316609368,rs167165466,TOP,[G/A],38,10,32383649,+
rs315875322_B_F_844018729,rs315875322,TOP,[A/G],38,10,33421296,+
10:33882529_B_F_656359928,10:33882529,BOT,[T/C],38,10,33498410,-
10:34381810_B_F_80172263,10:34381810,TOP,[G/A],38,10,33916254,+
rs728851806_B_F_560664011,rs728851806,BOT,[C/A],38,10,33978500,-
rs503222197_B_F_787370504,rs503222197,BOT,[I/D],38,10,33982123,-
rs437577067_B_F_730539022,rs437577067,BOT,[G/A],38,10,34249635,-
10:35449100_B_F_155300860,10:35449100,BOT,[T/C],38,10,34906478,-
rs691960755_B_F_796020052,rs691960755,TOP,[G/T],38,10,36426149,+
rs588701328_B_F_899878962,rs588701328,BOT,[A/G],38,10,36612304,-
rs57296040_B_F_757407059,rs57296040,TOP,[G/A],38,10,36961714,+
rs572023387_B_F_407997682,rs572023387,TOP,[G/A],38,10,37214730,+
rs566881952_B_F_30498962,rs566881952,BOT,[C/T],38,10,42992538,-
rs712005855_B_F_685099144,rs712005855,BOT,[A/G],38,10,43119646,-
rs630328139_B_F_976809368,rs630328139,BOT,[T/G],38,10,44186054,-
10:45070221_B_F_648428984,10:45070221,TOP,[C/A],38,10,44686102,+
rs144582788_B_F_777990351,rs144582788,BOT,[G/A],38,10,44777901,-
rs204378332_B_F_702738195,rs204378332,BOT,[G/T],38,10,44978995,-
rs447440194_B_F_582152450,rs447440194,BOT,[T/C],38,10,45095194,-
rs520864020_B_F_872668314,rs520864020,TOP,[C/A],38,10,46027444,+
rs659571538_B_F_626111777,rs659571538,BOT,[A/C],38,10,46248612,-
rs681309949_B_F_83606642,rs681309949,TOP,[T/C],38,10,48496497,+
10:48984755_B_F_39801423,10:48984755,TOP,[G/A],38,10,48600636,+
rs124478491_B_F_677750923,rs124478491,TOP,[I/D],38,10,49124795,+
rs573092631_B_F_449920821,rs573092631,TOP,[G/A],38,10,49781284,+
rs278133064_B_F_326122741,rs278133064,TOP,[C/T],38,10,51449072,+
rs753818272_B_F_245227045,rs753818272,TOP,[A/G],38,10,51526636,+
rs403752320_B_F_486796370,rs403752320,BOT,[G/A],38,10,52378990,-
10:53223729_B_F_424493626,10:53223729,TOP,[G/A],38,10,52681107,+
rs731200043_B_F_412295266,rs731200043,TOP,[A/G],38,10,52785830,+
rs3694949_B_F_370985725,rs3694949,TOP,[A/C],38,10,53080431,+
rs12804324_B_F_946690329,rs12804324,BOT,[A/G],38,10,53616732,-
10:54373100_B_F_504360936,10:54373100,BOT,[T/C],38,10,53830478,-
rs21643499_B_F_973307799,rs21643499,TOP,[A/G],38,10,53875034,+
rs245662062_B_F_567979161,rs245662062,TOP,[A/G],38,10,54447621,+
10:55248847_B_F_966351027,10:55248847,TOP,[A/C],38,10,54783291,+
rs175725041_B_F_299961174,rs175725041,BOT,[G/A],38,10,55064724,-
rs58607246_B_F_925167264,rs58607246,BOT,[C/T],38,10,56415724,-
10:57208695_B_F_146109736,10:57208695,TOP,[G/A],38,10,56824576,+
rs442873935_B_F_418311474,rs442873935,TOP,[A/G],38,10,56989388,+
10:57778189_B_F_699738483,10:57778189,TOP,[A/G],38,10,57235567,+
rs708645920_B_F_203282444,rs708645920,BOT,[T/C],38,10,58153875,-
10:58723398_B_F_194450572,10:58723398,TOP,[G/A],38,10,58257842,+
10:59023216_B_F_543760373,10:59023216,BOT,[C/T],38,10,58480594,-
rs38467806_B_F_724420516,rs38467806,BOT,[A/G],38,10,58609107,-
rs283782588_B_F_54046449,rs283782588,BOT,[T/C],38,10,58617192,-
rs829990516_B_F_127870320,rs829990516,BOT,[C/T],38,10,58636074,-
rs594444077_B_F_731426690,rs594444077,BOT,[A/C],38,10,59090195,-
rs662120205_B_F_922740928,rs662120205,BOT,[T/G],38,10,59761520,-
rs567684515_B_F_676010534,rs567684515,TOP,[A/G],38,10,59841194,+
rs716426825_B_F_580311969,rs716426825,TOP,[C/T],38,10,60604260,+
10:61242759_B_F_278397189,10:61242759,TOP,[T/C],38,10,60858640,+
rs258730691_B_F_95457769,rs258730691,TOP,[T/C],38,10,61414797,+
rs330930905_B_F_182377061,rs330930905,BOT,[A/C],38,10,62025330,-
rs434585709_B_F_645481872,rs434585709,TOP,[T/C],38,10,62245952,+
rs741575239_B_F_309474507,rs741575239,BOT,[A/G],38,10,62396351,-
10:63157810_B_F_260063267,10:63157810,BOT,[T/C],38,10,62615188,-
rs124881327_B_F_610540704,rs124881327,BOT,[A/C],38,10,62770422,-
rs726913121_B_F_336740184,rs726913121,BOT,[A/G],38,10,64604478,-
rs253348810_B_F_783479378,rs253348810,TOP,[G/A],38,10,64777400,+
rs491991586_B_F_93858278,rs491991586,BOT,[G/A],38,10,67072671,-
rs694484832_B_F_816674087,rs694484832,TOP,[A/G],38,10,68801923,+
10:69358359_B_F_434074917,10:69358359,TOP,[C/A],38,10,68892803,+
rs599247475_B_F_269802752,rs599247475,BOT,[G/A],38,10,69262987,-
rs847193351_B_F_11324368,rs847193351,TOP,[I/D],38,10,69364023,+
10:70016057_B_F_962222550,10:70016057,BOT,[T/C],38,10,69550501,-
rs558553491_B_F_980566582,rs558553491,BOT,[C/T],38,10,69597554,-
rs130182079_B_F_859134007,rs130182079,TOP,[C/T],38,10,69623658,+
rs649140200_B_F_713627978,rs649140200,TOP,[T/C],38,10,69796554,+
rs308580012_B_F_108133178,rs308580012,TOP,[I/D],38,10,69891081,+
rs369275470_B_F_801276062,rs369275470,BOT,[T/C],38,10,69894846,-
rs813166234_B_F_685209482,rs813166234,BOT,[T/C],38,10,69916994,-
rs30917714_B_F_102640368,rs30917714,TOP,[G/A],38,10,70403942,+
10:71056418_B_F_109279238,10:71056418,TOP,[I/D],38,10,70513796,+
rs296711416_B_F_335426491,rs296711416,TOP,[G/A],38,10,70775736,+
rs175899146_B_F_676279434,rs175899146,TOP,[A/G],38,10,70795698,+
rs635153343_B_F_251330869,rs635153343,TOP,[I/D],38,10,70897087,+
rs347434375_B_F_447895671,rs347434375,TOP,[A/G],38,10,71204828,+
rs805328612_B_F_575600743,rs805328612,BOT,[G/A],38,10,71418632,-
rs765981152_B_F_353214214,rs765981152,TOP,[I/D],38,10,71584799,+
rs475233290_B_F_43965105,rs475233290,BOT,[T/C],38,10,71738598,-
rs805378411_B_F_646453521,rs805378411,TOP,[G/T],38,10,71782793,+
rs744055127_B_F_372394677,rs744055127,BOT,[A/G],38,10,71820111,-
rs732823065_B_F_175086513,rs732823065,BOT,[A/G],38,10,72013004,-
rs206634524_B_F_904406928,rs206634524,TOP,[C/T],38,10,72815596,+
10:73444807_B_F_270383916,10:73444807,BOT,[T/G],38,10,73060688,-
rs862814319_B_F_154489914,rs862814319,BOT,[C/A],38,10,76457109,-
rs500509311_B_F_776093752,rs500509311,TOP,[C/T],38,10,76551070,+
rs284526439_B_F_181130668,rs284526439,BOT,[C/T],38,10,76651250,-
rs825345651_B_F_883071791,rs825345651,TOP,[T/C],38,10,76693971,+
rs844630339_B_F_842009734,rs844630339,TOP,[T/C],38,10,76740940,+
rs723488474_B_F_257439785,rs723488474,BOT,[G/A],38,10,76752539,-
rs36615447_B_F_512737948,rs36615447,TOP,[A/G],38,10,76807482,+
rs124639635_B_F_772599545,rs124639635,BOT,[I/D],38,10,76882383,-
rs701662769_B_F_225708392,rs701662769,BOT,[G/A],38,10,76934739,-
rs845530010_B_F_549016287,rs845530010,TOP,[T/C],38,10,77444502,+
10:78049624_B_F_765111555,10:78049624,BOT,[A/G],38,10,77665505,-
rs746856603_B_F_977491615,rs746856603,TOP,[G/T],38,10,78736719,+
10:79715824_B_F_174861251,10:79715824,TOP,[T/C],38,10,79173202,+
10:79990646_B_F_156276635,10:79990646,BOT,[I/D],38,10,79448024,-
rs415075018_B_F_652816510,rs415075018,BOT,[G/T],38,10,79456773,-
rs733906613_B_F_574032453,rs733906613,TOP,[C/T],38,10,80126308,+
rs77183409_B_F_905739244,rs77183409,BOT,[T/C],38,10,81097984,-
10:81519882_B_F_140003667,10:81519882,TOP,[C/T],38,10,81135763,+
rs185717231_B_F_15082206,rs185717231,TOP,[C/T],38,10,81224676,+
rs601352453_B_F_550284440,rs601352453,BOT,[T/C],38,10,81807689,-
rs78207182_B_F_78371742,rs78207182,TOP,[I/D],38,10,81966878,+
10:82504059_B_F_75514162,10:82504059,TOP,[C/T],38,10,82038503,+
rs548619214_B_F_140320318,rs548619214,BOT,[A/C],38,10,82220955,-
rs708134224_B_F_187373080,rs708134224,TOP,[A/G],38,10,82804371,+
rs586531247_B_F_805625497,rs586531247,TOP,[T/C],38,10,83218580,+
rs660996161_B_F_460928602,rs660996161,BOT,[C/A],38,10,83307447,-
rs121591579_B_F_139079889,rs121591579,TOP,[A/G],38,10,84589538,+
rs590590305_B_F_100376349,rs590590305,TOP,[T/C],38,10,84606733,+
rs836999869_B_F_558569385,rs836999869,BOT,[T/C],38,10,84608707,-
rs285518480_B_F_957329431,rs285518480,BOT,[I/D],38,10,84689987,-
rs266586905_B_F_883802021,rs266586905,BOT,[T/C],38,10,84706376,-
rs64226598_B_F_836845702,rs64226598,BOT,[C/T],38,10,85742008,-
10:86682343_B_F_248616126,10:86682343,TOP,[T/G],38,10,86216787,+
rs687563961_B_F_51944771,rs687563961,BOT,[A/G],38,10,86434772,-
rs171688771_B_F_850848632,rs171688771,TOP,[C/T],38,10,86584740,+
rs347280337_B_F_254681499,rs347280337,TOP,[T/C],38,10,86632996,+
10:87211919_B_F_965834778,10:87211919,BOT,[G/A],38,10,86669297,-
10:88180087_B_F_954975956,10:88180087,BOT,[C/T],38,10,87714531,-
rs40272865_B_F_461912867,rs40272865,TOP,[T/G],38,10,88068888,+
10:88712511_B_F_879481902,10:88712511,BOT,[T/C],38,10,88246955,-
rs11002123_B_F_55255553,rs11002123,TOP,[G/A],38,10,88266809,+
10:89177413_B_F_414328837,10:89177413,TOP,[G/A],38,10,88793294,+
rs114446238_B_F_46187929,rs114446238,TOP,[C/T],38,10,88832139,+
rs136326403_B_F_53616582,rs136326403,BOT,[C/T],38,10,89210277,-
rs691474057_B_F_284383093,rs691474057,BOT,[C/T],38,10,89496409,-
rs421141325_B_F_37308078,rs421141325,TOP,[A/C],38,10,89615210,+
10:90153819_B_F_180681423,10:90153819,BOT,[A/G],38,10,89769700,-
rs777779340_B_F_262469357,rs777779340,BOT,[G/T],38,10,90321336,-
rs806962836_B_F_461845175,rs806962836,BOT,[T/C],38,10,91131283,-
rs582879617_B_F_35386238,rs582879617,TOP,[T/C],38,10,92255201,+
rs886630525_B_F_340521735,rs886630525,BOT,[T/C],38,10,92818147,-
rs797897230_B_F_390155899,rs797897230,BOT,[A/C],38,10,93281688,-
rs454118650_B_F_988217906,rs454118650,BOT,[T/C],38,10,93320990,-
10:94849206_B_F_153349971,10:94849206,BOT,[C/T],38,10,94306584,-
rs249972036_B_F_994901912,rs249972036,BOT,[C/T],38,10,94655792,-
rs666945016_B_F_864356925,rs666945016,BOT,[T/C],38,10,95355415,-
rs678644498_B_F_37803500,rs678644498,TOP,[C/T],38,10,95412838,+
rs274450598_B_F_461676674,rs274450598,BOT,[C/T],38,10,96159254,-
rs516638651_B_F_238221658,rs516638651,TOP,[C/T],38,10,96203423,+
10:96750116_B_F_756700225,10:96750116,TOP,[C/T],38,10,96365997,+
rs414721912_B_F_445105141,rs414721912,BOT,[G/A],38,10,97115895,-
rs451588592_B_F_89186583,rs451588592,TOP,[T/C],38,10,97258112,+
rs324751922_B_F_829433423,rs324751922,TOP,[C/A],38,10,98245042,+
rs705797728_B_F_686918985,rs705797728,BOT,[G/A],38,10,98326337,-
rs43249421_B_F_521232798,rs43249421,TOP,[A/G],38,10,98798279,+
10:100257809_B_F_312374483,10:100257809,TOP,[G/A],38,10,99873690,+
rs260241542_B_F_840698852,rs260241542,BOT,[I/D],38,10,100202467,-
rs575672244_B_F_172028363,rs575672244,TOP,[T/C],38,10,100302317,+
rs673235051_B_F_721826443,rs673235051,TOP,[A/G],38,10,102327457,+
10:103416389_B_F_971905531,10:103416389,TOP,[G/A],38,10,102873767,+
rs55581112_B_F_713928383,rs55581112,BOT,[G/A],38,10,103250661,-
rs481824779_B_F_819385903,rs481824779,BOT,[C/T],38,10,104274733,-
10:105094547_B_F_863739972,10:105094547,BOT,[T/C],38,10,104710428,-
rs864584273_B_F_20126004,rs864584273,BOT,[I/D],38,10,104869301,-
rs661666215_B_F_288067015,rs661666215,BOT,[G/A],38,10,105908473,-
rs435492090_B_F_494250635,rs435492090,BOT,[T/G],38,10,106579049,-
10:107503776_B_F_661058424,10:107503776,BOT,[I/D],38,10,106961154,-
rs279310140_B_F_927167578,rs279310140,BOT,[A/G],38,10,107727222,-
rs441786735_B_F_903040069,rs441786735,BOT,[T/C],38,10,108073088,-
10:109173276_B_F_470540073,10:109173276,TOP,[G/T],38,10,108630654,+
10:109364518_B_F_487017074,10:109364518,TOP,[T/G],38,10,108821896,+
10:109625272_B_F_156629524,10:109625272,TOP,[C/T],38,10,109241153,+
rs863376729_B_F_831335078,rs863376729,BOT,[A/C],38,10,109439318,-
10:110221135_B_F_40950686,10:110221135,BOT,[G/A],38,10,109837016,-
rs64201828_B_F_325401663,rs64201828,BOT,[C/T],38,10,110090745,-
rs694270536_B_F_532708403,rs694270536,BOT,[C/T],38,10,110334409,-
rs41585589_B_F_619602825,rs41585589,TOP,[A/G],38,10,110734837,+
rs70968294_B_F_782234156,rs70968294,TOP,[C/T],38,10,110905820,+
10:111338858_B_F_65115179,10:111338858,TOP,[A/G],38,10,110954739,+
10:111536585_B_F_556844711,10:111536585,TOP,[T/C],38,10,110993963,+
rs21918473_B_F_183328338,rs21918473,BOT,[G/A],38,10,111073803,-
rs249015302_B_F_552653660,rs249015302,TOP,[I/D],38,10,111187341,+
rs526904589_B_F_272865189,rs526904589,TOP,[T/G],38,10,111551029,+
10:112298996_B_F_521249651,10:112298996,BOT,[T/C],38,10,111833440,-
rs46144931_B_F_204614184,rs46144931,BOT,[A/G],38,10,111964439,-
rs279735322_B_F_38329572,rs279735322,BOT,[A/C],38,10,112220536,-
rs672181516_B_F_328790156,rs672181516,BOT,[T/C],38,10,112445631,-
rs264744430_B_F_325563296,rs264744430,TOP,[C/T],38,10,112478370,+
rs62076619_B_F_98133044,rs62076619,BOT,[G/A],38,10,112491371,-
rs72436889_B_F_651708591,rs72436889,TOP,[T/C],38,10,112542457,+
rs765130071_B_F_621691923,rs765130071,TOP,[C/T],38,10,112552331,+
rs139309184_B_F_923961119,rs139309184,BOT,[T/C],38,10,112588963,-
rs665818589_B_F_279863959,rs665818589,BOT,[A/G],38,10,112909260,-
rs162905295_B_F_307867031,rs162905295,TOP,[G/A],38,10,112963176,+
10:114116514_B_F_25456715,10:114116514,TOP,[T/C],38,10,113573892,+
rs153019746_B_F_19724759,rs153019746,TOP,[G/A],38,10,113753602,+
rs585745860_B_F_572024365,rs585745860,TOP,[I/D],38,10,113893254,+
rs260477776_B_F_530499346,rs260477776,TOP,[T/G],38,10,113988329,+
rs517928926_B_F_603252875,rs517928926,TOP,[G/T],38,10,114041836,+
rs699215873_B_F_221622690,rs699215873,TOP,[T/C],38,10,114372082,+
rs753737671_B_F_264477831,rs753737671,BOT,[A/G],38,10,114374216,-
rs338088067_B_F_33140536,rs338088067,TOP,[T/C],38,10,114833416,+
rs503698817_B_F_523213301,rs503698817,BOT,[G/T],38,10,114883082,-
rs564969711_B_F_995297845,rs564969711,BOT,[A/G],38,10,115983246,-
rs404541073_B_F_367435528,rs404541073,BOT,[G/A],38,10,116192585,-
rs135190614_B_F_485349128,rs135190614,TOP,[T/C],38,10,116456768,+
10:117242537_B_F_881410210,10:117242537,TOP,[T/C],38,10,116776981,+
10:117327579_B_F_527763815,10:117327579,TOP,[A/G],38,10,116862023,+
rs762263254_B_F_13874827,rs762263254,BOT,[G/A],38,10,117142193,-
rs758836838_B_F_385460011,rs758836838,TOP,[T/C],38,10,117274653,+
10:117863626_B_F_876714113,10:117863626,TOP,[A/G],38,10,117398070,+
rs437358601_B_F_845597015,rs437358601,TOP,[C/A],38,10,117806797,+
rs173789087_B_F_617021751,rs173789087,TOP,[G/T],38,10,117863281,+
rs737729964_B_F_385976475,rs737729964,BOT,[T/G],38,10,118276385,-
rs439695079_B_F_66813026,rs439695079,BOT,[C/T],38,10,118432814,-
rs620043689_B_F_19401319,rs620043689,BOT,[C/A],38,10,119657826,-
rs609922959_B_F_284733121,rs609922959,TOP,[G/T],38,10,119745247,+
rs723312154_B_F_77862475,rs723312154,TOP,[C/T],38,10,120409118,+
10:120959483_B_F_102257202,10:120959483,BOT,[T/C],38,10,120493927,-
rs362256340_B_F_143179339,rs362256340,BOT,[C/A],38,10,120704787,-
10:121296622_B_F_433373485,10:121296622,BOT,[C/A],38,10,120754000,-
10:121361147_B_F_748852844,10:121361147,BOT,[A/G],38,10,120977028,-
rs479337399_B_F_612054903,rs479337399,BOT,[C/A],38,10,121658121,-
rs87395596_B_F_913612995,rs87395596,BOT,[A/C],38,10,121730083,-
rs618246161_B_F_988256056,rs618246161,BOT,[T/G],38,10,121765242,-
rs657164661_B_F_370100894,rs657164661,TOP,[A/C],38,10,121799440,+
rs477511676_B_F_977647889,rs477511676,BOT,[T/G],38,10,121951882,-
rs66613845_B_F_656600319,rs66613845,BOT,[G/A],38,10,122036140,-
rs167426228_B_F_632449929,rs167426228,TOP,[G/A],38,10,122055856,+
rs539604476_B_F_841269991,rs539604476,TOP,[A/C],38,10,122343149,+
rs32705569_B_F_705187636,rs32705569,TOP,[G/A],38,10,122544699,+
rs701832619_B_F_549330488,rs701832619,BOT,[A/G],38,10,122649818,-
rs486380240_B_F_123665704,rs486380240,BOT,[A/G],38,10,123444805,-
10:124026990_B_F_223733372,10:124026990,BOT,[T/C],38,10,123484368,-
rs539172419_B_F_812979710,rs539172419,TOP,[G/A],38,10,123502407,+
rs628114999_B_F_241520338,rs628114999,BOT,[T/G],38,10,123641627,-
rs286028587_B_F_846301851,rs286028587,BOT,[G/A],38,10,123679020,-
10:124462088_B_F_338754021,10:124462088,BOT,[G/T],38,10,123919466,-
rs591266453_B_F_108361771,rs591266453,BOT,[C/T],38,10,124329126,-
10:124958700_B_F_911732480,10:124958700,TOP,[A/G],38,10,124493144,+
10:125593783_B_F_828425614,10:125593783,BOT,[T/C],38,10,125051161,-
rs106729674_B_F_718933800,rs106729674,BOT,[G/T],38,10,125156489,-
rs454263579_B_F_580899396,rs454263579,TOP,[G/A],38,10,125157645,+
rs450504093_B_F_447354316,rs450504093,BOT,[C/T],38,10,125520557,-
rs184987474_B_F_852963236,rs184987474,BOT,[A/G],38,10,126044817,-
rs537388145_B_F_413545291,rs537388145,BOT,[G/A],38,10,126102119,-
rs439384936_B_F_826320503,rs439384936,BOT,[C/A],38,10,126157965,-
10:126658409_B_F_446142961,10:126658409,BOT,[T/C],38,10,126192853,-
10:126997391_B_F_403532877,10:126997391,BOT,[T/G],38,10,126454769,-
rs429664021_B_F_377393994,rs429664021,BOT,[T/C],38,10,126456840,-
rs858979595_B_F_458572065,rs858979595,BOT,[T/C],38,10,126858171,-
rs502352394_B_F_269972225,rs502352394,BOT,[T/C],38,10,126909164,-
10:127368030_B_F_419399662,10:127368030,TOP,[C/T],38,10,126983911,+
10:128356137_B_F_744625072,10:128356137,TOP,[C/T],38,10,127972018,+
rs475377436_B_F_435023132,rs475377436,BOT,[T/C],38,10,128085516,-
rs405503874_B_F_239299233,rs405503874,BOT,[G/A],38,10,128261012,-
10:129093187_B_F_209105130,10:129093187,BOT,[C/T],38,10,128550565,-
rs897493525_B_F_18235261,rs897493525,BOT,[G/A],38,10,128609415,-
rs65182143_B_F_976077200,rs65182143,TOP,[T/C],38,10,128735906,+
rs709098027_B_F_126042684,rs709098027,TOP,[G/T],38,10,128806455,+
rs411418904_B_F_418241851,rs411418904,BOT,[A/G],38,10,128912659,-
rs341025822_B_F_73869090,rs341025822,TOP,[G/A],38,10,129133938,+
10:129786015_B_F_749663213,10:129786015,BOT,[T/C],38,10,129243393,-
10:129812174_B_F_706719545,10:129812174,TOP,[I/D],38,10,129346618,+
rs733870414_B_F_485933691,rs733870414,TOP,[A/C],38,10,129796690,+
10:130183295_B_F_26970917,10:130183295,BOT,[C/T],38,10,129799176,-
rs345570818_B_F_528659685,rs345570818,BOT,[C/T],38,10,129874986,-
10:130450835_B_F_312831801,10:130450835,TOP,[A/G],38,10,129908213,+
rs68102818_B_F_586374582,rs68102818,BOT,[C/T],38,10,129992484,-
rs453989900_B_F_732297949,rs453989900,BOT,[C/A],38,10,130035201,-
rs164401711_B_F_960690255,rs164401711,BOT,[C/T],38,10,130437847,-
rs600186666_B_F_312409822,rs600186666,TOP,[G/A],38,10,130740330,+
10:131253601_B_F_898752625,10:131253601,TOP,[T/C],38,10,130788045,+
rs281612879_B_F_295322936,rs281612879,BOT,[T/G],38,10,130844455,-
rs107377288_B_F_412918521,rs107377288,TOP,[A/G],38,10,130892717,+
rs616265605_B_F_533860495,rs616265605,TOP,[A/G],38,10,131440793,+
rs462790928_B_F_582647513,rs462790928,BOT,[A/G],38,10,132342698,-
rs300769970_B_F_918152697,rs300769970,TOP,[C/T],38,10,132388034,+
rs597995246_B_F_372542180,rs597995246,TOP,[T/C],38,10,132455998,+
rs544804815_B_F_709114608,rs544804815,TOP,[T/C],38,10,132549264,+
rs870671018_B_F_697303470,rs870671018,TOP,[A/G],38,10,132618068,+
rs734620353_B_F_292003840,rs734620353,TOP,[T/C],38,10,133467829,+
rs690713999_B_F_946423699,rs690713999,BOT,[T/C],38,10,133519299,-
rs5362544_B_F_435538916,rs5362544,BOT,[C/A],38,11,866920,-
rs155104587_B_F_98625925,rs155104587,BOT,[G/A],38,11,1254758,-
rs226469108_B_F_610016269,rs226469108,TOP,[C/T],38,11,1934874,+
rs622156122_B_F_55045786,rs622156122,BOT,[C/T],38,11,2215459,-
rs118889944_B_F_174665079,rs118889944,BOT,[I/D],38,11,2293754,-
11:2948683_B_F_681145927,11:2948683,BOT,[G/T],38,11,2406061,-
11:3210938_B_F_256730300,11:3210938,TOP,[C/T],38,11,2668316,+
rs822628406_B_F_637474447,rs822628406,TOP,[A/G],38,11,2760289,+
rs575930868_B_F_892259691,rs575930868,TOP,[G/A],38,11,2766574,+
rs49220222_B_F_124683128,rs49220222,TOP,[A/C],38,11,2789188,+
11:3594022_B_F_585211795,11:3594022,BOT,[G/T],38,11,3209903,-
11:3946642_B_F_968787082,11:3946642,TOP,[T/C],38,11,3562523,+
rs154296233_B_F_723753871,rs154296233,TOP,[T/G],38,11,3771427,+
rs648430505_B_F_420304885,rs648430505,TOP,[A/G],38,11,3959656,+
rs844579713_B_F_491242399,rs844579713,TOP,[I/D],38,11,4680356,+
rs530377816_B_F_795787663,rs530377816,TOP,[G/A],38,11,4727336,+
rs459522355_B_F_480496239,rs459522355,BOT,[C/T],38,11,4958923,-
rs114317018_B_F_972332152,rs114317018,TOP,[T/C],38,11,5343065,+
rs480082332_B_F_966711544,rs480082332,TOP,[C/T],38,11,5467493,+
rs637150359_B_F_480217937,rs637150359,TOP,[C/T],38,11,5502312,+
rs600181310_B_F_708406529,rs600181310,BOT,[G/T],38,11,5598359,-
11:6286027_B_F_766166406,11:6286027,TOP,[A/G],38,11,5820471,+
rs86318315_B_F_66096121,rs86318315,TOP,[C/T],38,11,6051126,+
rs841321217_B_F_692146215,rs841321217,TOP,[A/G],38,11,6067482,+
rs640429118_B_F_215585441,rs640429118,BOT,[T/C],38,11,6298425,-
rs74954882_B_F_801538698,rs74954882,BOT,[T/C],38,11,7061595,-
rs591785645_B_F_626053499,rs591785645,TOP,[T/G],38,11,7188834,+
11:8021494_B_F_535320821,11:8021494,BOT,[T/C],38,11,7478872,-
11:7909290_B_F_14354832,11:7909290,BOT,[T/C],38,11,7525171,-
rs192964815_B_F_86877808,rs192964815,TOP,[A/C],38,11,7544503,+
rs530464737_B_F_314324108,rs530464737,BOT,[G/A],38,11,7556003,-
rs847210650_B_F_93733125,rs847210650,BOT,[T/C],38,11,7559596,-
rs87238212_B_F_247810420,rs87238212,BOT,[A/G],38,11,7610772,-
rs287612616_B_F_910442950,rs287612616,TOP,[I/D],38,11,7687926,+
11:8358615_B_F_523491781,11:8358615,BOT,[G/A],38,11,7893059,-
11:8293212_B_F_813514972,11:8293212,BOT,[T/G],38,11,7909093,-
rs712457731_B_F_100319947,rs712457731,BOT,[T/C],38,11,7928313,-
rs360365779_B_F_186578999,rs360365779,TOP,[A/C],38,11,8040379,+
rs483949490_B_F_817972796,rs483949490,TOP,[C/A],38,11,8070001,+
rs15364187_B_F_558803168,rs15364187,TOP,[T/C],38,11,8079367,+
rs264205175_B_F_98037255,rs264205175,BOT,[C/G],38,11,8652392,-
rs843951876_B_F_116024657,rs843951876,BOT,[C/T],38,11,9176529,-
11:9646021_B_F_738716744,11:9646021,TOP,[T/C],38,11,9261902,+
rs171792482_B_F_850547922,rs171792482,BOT,[T/C],38,11,9548682,-
11:10238091_B_F_447213317,11:10238091,BOT,[G/A],38,11,9853972,-
rs577317003_B_F_606577439,rs577317003,BOT,[G/A],38,11,10724382,-
rs662213052_B_F_975485879,rs662213052,TOP,[C/A],38,11,10754108,+
rs634944315_B_F_439717796,rs634944315,BOT,[C/T],38,11,11232801,-
11:11884407_B_F_765841125,11:11884407,BOT,[G/T],38,11,11341785,-
rs712076323_B_F_466044443,rs712076323,BOT,[T/C],38,11,11966650,-
11:12597884_B_F_275155848,11:12597884,TOP,[A/G],38,11,12213765,+
rs560912653_B_F_68467459,rs560912653,BOT,[A/G],38,11,12541220,-
rs250372130_B_F_878589214,rs250372130,TOP,[G/A],38,11,12754920,+
11:13997378_B_F_982332927,11:13997378,BOT,[A/G],38,11,13613259,-
rs797921609_B_F_87810889,rs797921609,TOP,[G/A],38,11,13685482,+
rs62298321_B_F_888091440,rs62298321,TOP,[G/A],38,11,14234062,+
rs226216354_B_F_8646304,rs226216354,TOP,[G/T],38,11,14653167,+
rs529271629_B_F_615613359,rs529271629,BOT,[A/C],38,11,14708787,-
rs388808294_B_F_612033420,rs388808294,BOT,[A/C],38,11,16008821,-
11:16415183_B_F_152602227,11:16415183,TOP,[A/G],38,11,16031064,+
rs417870823_B_F_803514532,rs417870823,TOP,[T/C],38,11,16677598,+
rs418626597_B_F_712104697,rs418626597,BOT,[A/G],38,11,16971393,-
rs97066517_B_F_90119872,rs97066517,BOT,[A/G],38,11,17383786,-
rs518220292_B_F_450584138,rs518220292,TOP,[A/C],38,11,17383800,+
rs201604643_B_F_211904994,rs201604643,TOP,[T/C],38,11,17387083,+
rs301636730_B_F_37251640,rs301636730,TOP,[C/T],38,11,17842601,+
rs782370052_B_F_391059478,rs782370052,TOP,[A/G],38,11,17877172,+
11:18615748_B_F_334118701,11:18615748,TOP,[T/C],38,11,18231629,+
11:18640335_B_F_605526972,11:18640335,BOT,[C/T],38,11,18256216,-
rs673556891_B_F_854786352,rs673556891,BOT,[T/C],38,11,18881783,-
rs496372759_B_F_556122317,rs496372759,TOP,[A/G],38,11,19803505,+
11:20625886_B_F_865728392,11:20625886,TOP,[A/G],38,11,20160330,+
rs661371931_B_F_983491447,rs661371931,TOP,[A/G],38,11,20356578,+
11:20822678_B_F_631636093,11:20822678,BOT,[C/T],38,11,20357122,-
11:21212093_B_F_875109082,11:21212093,BOT,[T/G],38,11,20669471,-
11:21460682_B_F_395510036,11:21460682,BOT,[A/C],38,11,20995126,-
rs710129630_B_F_639816162,rs710129630,TOP,[A/G],38,11,21173837,+
rs300144029_B_F_779231829,rs300144029,BOT,[C/T],38,11,21194299,-
rs898434257_B_F_776749771,rs898434257,BOT,[C/T],38,11,21280332,-
rs286449651_B_F_343556527,rs286449651,TOP,[A/G],38,11,21483172,+
rs871554741_B_F_130460001,rs871554741,TOP,[A/G],38,11,21495054,+
rs29507238_B_F_295234755,rs29507238,BOT,[T/C],38,11,22550016,-
rs581907492_B_F_728725015,rs581907492,TOP,[C/T],38,11,22884149,+
rs733484089_B_F_769556145,rs733484089,BOT,[G/T],38,11,23139717,-
rs626009383_B_F_438167280,rs626009383,TOP,[T/C],38,11,23217048,+
rs849723087_B_F_777654213,rs849723087,BOT,[T/C],38,11,23775165,-
rs899590235_B_F_77991072,rs899590235,BOT,[G/T],38,11,23916651,-
11:24569422_B_F_582710193,11:24569422,TOP,[T/C],38,11,24026800,+
11:24590720_B_F_267287845,11:24590720,TOP,[G/A],38,11,24048098,+
rs72181390_B_F_628770746,rs72181390,BOT,[T/G],38,11,24714947,-
11:25384165_B_F_634335031,11:25384165,TOP,[G/A],38,11,24841543,+
rs834928067_B_F_182944294,rs834928067,BOT,[A/G],38,11,24863793,-
rs125627949_B_F_829865145,rs125627949,BOT,[C/T],38,11,26142558,-
rs826087754_B_F_583233424,rs826087754,BOT,[A/G],38,11,26298072,-
11:26764150_B_F_634334342,11:26764150,TOP,[A/G],38,11,26298594,+
rs791421785_B_F_650327719,rs791421785,BOT,[G/A],38,11,26992485,-
11:27842509_B_F_462987772,11:27842509,BOT,[T/C],38,11,27376953,-
rs854404730_B_F_986540150,rs854404730,TOP,[G/A],38,11,27497373,+
11:28055335_B_F_933744811,11:28055335,BOT,[A/G],38,11,27512713,-
rs445348123_B_F_105562458,rs445348123,BOT,[C/A],38,11,27645655,-
rs883584563_B_F_506597339,rs883584563,TOP,[A/G],38,11,28036350,+
11:29048248_B_F_778871918,11:29048248,BOT,[C/T],38,11,28582692,-
11:29262211_B_F_237392572,11:29262211,TOP,[C/A],38,11,28719589,+
11:29238575_B_F_977229943,11:29238575,TOP,[A/G],38,11,28854456,+
11:29407482_B_F_878003223,11:29407482,TOP,[T/C],38,11,28941926,+
rs386868208_B_F_318432024,rs386868208,TOP,[G/A],38,11,29232116,+
rs217959482_B_F_563282348,rs217959482,TOP,[T/C],38,11,29333804,+
rs238325373_B_F_735489118,rs238325373,TOP,[A/G],38,11,29392583,+
11:29973090_B_F_499401029,11:29973090,BOT,[G/A],38,11,29507534,-
rs505810414_B_F_176559916,rs505810414,TOP,[C/T],38,11,30345767,+
rs349950111_B_F_770846808,rs349950111,BOT,[A/G],38,11,31874567,-
rs225137533_B_F_67666850,rs225137533,TOP,[I/D],38,11,32271960,+
rs114489765_B_F_706585017,rs114489765,TOP,[A/G],38,11,32362308,+
11:33762564_B_F_94224861,11:33762564,TOP,[C/T],38,11,33378445,+
rs814555109_B_F_439844069,rs814555109,BOT,[G/A],38,11,33719234,-
11:34877769_B_F_296082027,11:34877769,TOP,[A/G],38,11,34335147,+
rs195283233_B_F_352016229,rs195283233,BOT,[G/A],38,11,34515251,-
11:35105234_B_F_791298220,11:35105234,TOP,[G/T],38,11,34562612,+
11:35381093_B_F_114667580,11:35381093,TOP,[A/G],38,11,34838471,+
rs547137807_B_F_885224703,rs547137807,BOT,[A/C],38,11,34910723,-
rs363093452_B_F_102672356,rs363093452,TOP,[C/A],38,11,35035738,+
11:35670164_B_F_677078003,11:35670164,BOT,[C/T],38,11,35204608,-
11:35689988_B_F_942901723,11:35689988,BOT,[T/A],38,11,35224432,-
rs606447770_B_F_834360721,rs606447770,TOP,[G/A],38,11,35475125,+
rs456181785_B_F_512689360,rs456181785,TOP,[T/C],38,11,36322966,+
rs899922205_B_F_731043831,rs899922205,BOT,[A/G],38,11,36748985,-
11:37666814_B_F_848186575,11:37666814,TOP,[G/T],38,11,37124192,+
rs175866748_B_F_961050889,rs175866748,TOP,[A/G],38,11,38092851,+
rs330765317_B_F_475987712,rs330765317,BOT,[A/C],38,11,39306013,-
rs871505378_B_F_499711044,rs871505378,BOT,[G/A],38,11,39491380,-
rs414849628_B_F_154204025,rs414849628,TOP,[T/G],38,11,39593447,+
rs539333145_B_F_585382060,rs539333145,TOP,[A/C],38,11,40008075,+
rs670410197_B_F_328824676,rs670410197,BOT,[I/D],38,11,40755364,-
rs259463947_B_F_760119608,rs259463947,BOT,[G/A],38,11,41018482,-
rs231180871_B_F_309843292,rs231180871,BOT,[A/G],38,11,41784988,-
rs293108664_B_F_371848650,rs293108664,TOP,[T/C],38,11,41949612,+
rs196762726_B_F_974832744,rs196762726,BOT,[T/C],38,11,42558042,-
11:43369828_B_F_208062397,11:43369828,TOP,[T/C],38,11,42827206,+
11:43811854_B_F_539281847,11:43811854,TOP,[C/T],38,11,43427735,+
rs591394558_B_F_761676585,rs591394558,TOP,[C/A],38,11,44140833,+
11:45217828_B_F_53982912,11:45217828,BOT,[C/T],38,11,44752272,-
rs308618517_B_F_408716928,rs308618517,TOP,[G/T],38,11,44851981,+
rs787007274_B_F_295986891,rs787007274,BOT,[A/G],38,11,44932963,-
rs380261510_B_F_754739008,rs380261510,TOP,[I/D],38,11,46188708,+
rs626124442_B_F_413189956,rs626124442,TOP,[G/A],38,11,46252592,+
rs580054341_B_F_301988018,rs580054341,TOP,[C/G],38,11,47272248,+
rs851311422_B_F_34185621,rs851311422,BOT,[A/G],38,11,47279674,-
rs383088126_B_F_143429802,rs383088126,TOP,[A/G],38,11,47340788,+
rs426556062_B_F_712675329,rs426556062,BOT,[G/A],38,11,48143169,-
rs568446760_B_F_142824026,rs568446760,TOP,[A/G],38,11,49843114,+
11:56286296_B_F_780127153,11:56286296,TOP,[C/A],38,11,55820740,+
rs270537045_B_F_720237709,rs270537045,TOP,[A/G],38,11,55830641,+
rs864161190_B_F_283772886,rs864161190,BOT,[G/A],38,11,55838335,-
rs47641146_B_F_505897897,rs47641146,BOT,[A/G],38,11,56305265,-
rs279123402_B_F_289057010,rs279123402,TOP,[A/G],38,11,56627917,+
rs403266035_B_F_966982942,rs403266035,BOT,[A/G],38,11,56897580,-
11:57569269_B_F_585699937,11:57569269,TOP,[T/C],38,11,57026647,+
11:57506215_B_F_254077959,11:57506215,TOP,[A/G],38,11,57040659,+
rs655084050_B_F_738651818,rs655084050,BOT,[T/C],38,11,57956817,-
rs848237546_B_F_435091493,rs848237546,TOP,[I/D],38,11,58228305,+
rs155659752_B_F_616953396,rs155659752,TOP,[T/G],38,11,58753930,+
rs182273898_B_F_115722818,rs182273898,TOP,[A/C],38,11,60255614,+
rs462293655_B_F_540935399,rs462293655,BOT,[T/G],38,11,60765250,-
11:61490734_B_F_710354515,11:61490734,TOP,[A/G],38,11,61106615,+
rs133463124_B_F_891473005,rs133463124,TOP,[A/G],38,11,61659460,+
11:62325005_B_F_962604558,11:62325005,TOP,[T/G],38,11,61859449,+
rs656849320_B_F_418453332,rs656849320,TOP,[A/G],38,11,62806406,+
11:63686028_B_F_709008402,11:63686028,BOT,[A/G],38,11,63143406,-
11:64050713_B_F_999178735,11:64050713,BOT,[A/G],38,11,63508091,-
rs424231165_B_F_129498977,rs424231165,BOT,[A/G],38,11,64600956,-
rs396852312_B_F_552715127,rs396852312,TOP,[C/A],38,11,64725290,+
rs134501846_B_F_551711557,rs134501846,TOP,[T/G],38,11,65649965,+
rs363767722_B_F_614293151,rs363767722,TOP,[A/G],38,11,65660097,+
rs60535218_B_F_126405116,rs60535218,BOT,[T/G],38,11,65796564,-
11:66542368_B_F_21287962,11:66542368,TOP,[G/A],38,11,66076812,+
rs1742251_B_F_496404692,rs1742251,TOP,[G/A],38,11,66155118,+
11:66631076_B_F_87437169,11:66631076,TOP,[A/G],38,11,66246957,+
rs805626485_B_F_503859565,rs805626485,TOP,[T/C],38,11,66363006,+
rs881016650_B_F_787325238,rs881016650,TOP,[I/D],38,11,66541569,+
rs605798335_B_F_407521604,rs605798335,BOT,[A/G],38,11,68987575,-
11:69958096_B_F_826129887,11:69958096,TOP,[T/C],38,11,69415474,+
rs626215549_B_F_216826343,rs626215549,TOP,[C/T],38,11,69438968,+
rs879054401_B_F_45277962,rs879054401,BOT,[C/T],38,11,69603668,-
rs482029351_B_F_275455869,rs482029351,TOP,[T/C],38,11,69717013,+
rs217566668_B_F_469958945,rs217566668,TOP,[T/C],38,11,69773252,+
11:70743851_B_F_981673115,11:70743851,BOT,[C/A],38,11,70201229,-
rs335254584_B_F_351901090,rs335254584,TOP,[T/C],38,11,70284944,+
11:71071585_B_F_475960940,11:71071585,TOP,[A/G],38,11,70606029,+
11:71406127_B_F_198351501,11:71406127,BOT,[T/C],38,11,70940571,-
11:71558242_B_F_853389972,11:71558242,TOP,[C/T],38,11,71174123,+
rs284402182_B_F_335407924,rs284402182,BOT,[T/C],38,11,72530656,-
11:73123745_B_F_550322389,11:73123745,TOP,[I/D],38,11,72581123,+
rs751239651_B_F_504026791,rs751239651,BOT,[T/C],38,11,72767275,-
11:73772138_B_F_819853608,11:73772138,BOT,[A/G],38,11,73229516,-
rs750886802_B_F_582384726,rs750886802,BOT,[T/C],38,11,73778467,-
11:74441627_B_F_339743535,11:74441627,TOP,[T/C],38,11,74057508,+
11:75033387_B_F_963130598,11:75033387,TOP,[C/T],38,11,74649268,+
rs326968332_B_F_798322637,rs326968332,BOT,[C/T],38,11,74994257,-
rs61063591_B_F_469762683,rs61063591,BOT,[G/A],38,11,75112426,-
rs319064660_B_F_266206060,rs319064660,TOP,[T/C],38,11,75146008,+
rs318722348_B_F_896680100,rs318722348,TOP,[I/D],38,11,75220034,+
rs116045394_B_F_929868523,rs116045394,TOP,[T/C],38,11,75534261,+
11:76294623_B_F_77632149,11:76294623,TOP,[G/T],38,11,75829067,+
rs381000107_B_F_343971635,rs381000107,TOP,[T/C],38,11,76200155,+
rs78631825_B_F_948934372,rs78631825,TOP,[A/G],38,11,76268942,+
rs242644993_B_F_668413453,rs242644993,TOP,[I/D],38,11,76393041,+
rs858137624_B_F_465100106,rs858137624,BOT,[A/G],38,11,76669313,-
rs150449857_B_F_244311260,rs150449857,BOT,[C/T],38,11,77259654,-
rs215489648_B_F_572308942,rs215489648,TOP,[C/T],38,11,77387973,+
11:77870259_B_F_6600504,11:77870259,TOP,[C/T],38,11,77486140,+
11:78009056_B_F_932708250,11:78009056,BOT,[T/G],38,11,77624937,-
rs520705375_B_F_43549729,rs520705375,BOT,[I/D],38,11,78337478,-
rs797718621_B_F_675209770,rs797718621,TOP,[T/C],38,11,78740017,+
11:79604135_B_F_3999493,11:79604135,TOP,[T/C],38,11,79061513,+
11:79546534_B_F_761222090,11:79546534,BOT,[G/A],38,11,79162415,-
rs600295511_B_F_309460926,rs600295511,TOP,[C/T],38,11,79239433,+
11:79937889_B_F_975845833,11:79937889,TOP,[C/T],38,11,79472333,+
rs788450535_B_F_881351941,rs788450535,BOT,[T/C],38,11,79629354,-
rs59286535_B_F_438242670,rs59286535,TOP,[C/T],38,11,80292974,+
rs390637271_B_F_404743438,rs390637271,BOT,[T/C],38,11,80822241,-
rs336692062_B_F_364540568,rs336692062,TOP,[T/C],38,11,80825154,+
rs552188843_B_F_668059979,rs552188843,BOT,[G/T],38,11,80948423,-
rs97544260_B_F_613851692,rs97544260,BOT,[I/D],38,11,81281110,-
rs321099291_B_F_181242894,rs321099291,BOT,[A/G],38,11,81644749,-
11:82982916_B_F_300728693,11:82982916,TOP,[T/C],38,11,82440294,+
rs178067489_B_F_996643222,rs178067489,TOP,[C/T],38,11,82558198,+
rs100835133_B_F_706633435,rs100835133,TOP,[G/A],38,11,83003206,+
rs800749545_B_F_823393612,rs800749545,TOP,[G/A],38,11,83205457,+
rs601006475_B_F_288260350,rs601006475,BOT,[A/G],38,11,83815083,-
rs694818711_B_F_930915431,rs694818711,BOT,[A/G],38,11,84012611,-
rs655867134_B_F_425238770,rs655867134,BOT,[T/G],38,11,84180915,-
11:84959018_B_F_656550570,11:84959018,BOT,[C/T],38,11,84574899,-
rs816448051_B_F_834217222,rs816448051,BOT,[T/C],38,11,84917743,-
rs519604035_B_F_515576669,rs519604035,TOP,[G/A],38,11,85286035,+
rs155975640_B_F_485010707,rs155975640,TOP,[C/T],38,11,85451595,+
rs303833861_B_F_842574712,rs303833861,TOP,[T/C],38,11,86140379,+
rs459200972_B_F_136753088,rs459200972,BOT,[A/G],38,11,86258505,-
11:86905183_B_F_765724231,11:86905183,BOT,[G/T],38,11,86362561,-
11:87238660_B_F_61088943,11:87238660,TOP,[A/G],38,11,86773104,+
rs449675755_B_F_196926951,rs449675755,TOP,[C/T],38,11,86785421,+
rs445950875_B_F_368653559,rs445950875,TOP,[G/A],38,11,86912871,+
rs287005102_B_F_234361919,rs287005102,BOT,[C/A],38,11,87780334,-
11:88706417_B_F_682469443,11:88706417,BOT,[C/T],38,11,88240861,-
rs627657122_B_F_65483210,rs627657122,TOP,[C/T],38,11,90166523,+
11:91028435_B_F_617668644,11:91028435,BOT,[T/G],38,11,90644316,-
rs552994424_B_F_160531032,rs552994424,BOT,[T/G],38,11,91696541,-
rs602249127_B_F_656890699,rs602249127,TOP,[I/D],38,11,92100507,+
11:92798964_B_F_297330660,11:92798964,TOP,[A/G],38,11,92256342,+
rs462024275_B_F_556237426,rs462024275,BOT,[T/C],38,11,92627313,-
rs173527787_B_F_417124527,rs173527787,BOT,[G/A],38,11,93032355,-
11:93496915_B_F_181976483,11:93496915,BOT,[T/G],38,11,93112796,-
rs347334661_B_F_548866064,rs347334661,BOT,[I/D],38,11,94196344,-
rs308344322_B_F_761909344,rs308344322,BOT,[A/G],38,11,94423948,-
rs838281046_B_F_983828060,rs838281046,BOT,[G/A],38,11,94517213,-
rs449892063_B_F_830375600,rs449892063,TOP,[A/G],38,11,94593544,+
rs833400532_B_F_625806076,rs833400532,TOP,[C/T],38,11,95201127,+
11:95614892_B_F_326233820,11:95614892,TOP,[A/G],38,11,95230773,+
rs448400069_B_F_383552464,rs448400069,BOT,[I/D],38,11,95399958,-
11:95921598_B_F_362559582,11:95921598,BOT,[A/C],38,11,95456042,-
11:97376658_B_F_829889405,11:97376658,TOP,[T/C],38,11,96834036,+
11:97251287_B_F_468537538,11:97251287,TOP,[C/A],38,11,96867168,+
rs310067162_B_F_286233321,rs310067162,TOP,[T/G],38,11,96979304,+
rs704615150_B_F_763488920,rs704615150,BOT,[T/C],38,11,97768659,-
rs776040075_B_F_786780831,rs776040075,BOT,[A/G],38,11,98642325,-
rs208908160_B_F_417013848,rs208908160,BOT,[A/G],38,11,98776553,-
rs564243755_B_F_882106886,rs564243755,BOT,[G/A],38,11,98813549,-
rs273662040_B_F_704047488,rs273662040,BOT,[T/C],38,11,98836580,-
rs682609155_B_F_276641269,rs682609155,TOP,[G/A],38,11,98948025,+
11:99561039_B_F_39069695,11:99561039,TOP,[G/A],38,11,99018417,+
rs270804046_B_F_472586786,rs270804046,TOP,[G/A],38,11,99171268,+
11:99693718_B_F_601348823,11:99693718,TOP,[C/T],38,11,99228162,+
rs542037076_B_F_847916158,rs542037076,TOP,[I/D],38,11,99533331,+
11:100200040_B_F_124856225,11:100200040,BOT,[C/T],38,11,99815921,-
rs743482723_B_F_566509654,rs743482723,TOP,[A/G],38,11,99954519,+
11:100655313_B_F_947435918,11:100655313,BOT,[C/A],38,11,100189757,-
rs511099712_B_F_420178470,rs511099712,TOP,[A/G],38,11,100268399,+
rs488473726_B_F_267790633,rs488473726,BOT,[C/T],38,11,100646343,-
rs380250824_B_F_752697509,rs380250824,TOP,[A/C],38,11,100682997,+
rs243436502_B_F_360524270,rs243436502,BOT,[C/T],38,11,100684487,-
rs281946268_B_F_185511502,rs281946268,TOP,[T/C],38,11,100726706,+
rs162756651_B_F_177764921,rs162756651,TOP,[I/D],38,11,101220173,+
rs320329830_B_F_406113641,rs320329830,BOT,[A/G],38,11,101493494,-
rs640655898_B_F_422968631,rs640655898,TOP,[I/D],38,11,101973089,+
rs371021501_B_F_93516214,rs371021501,TOP,[T/C],38,11,102113897,+
rs728627435_B_F_266331880,rs728627435,BOT,[G/A],38,11,102399478,-
11:102927847_B_F_436268213,11:102927847,BOT,[G/A],38,11,102543728,-
11:103374997_B_F_437202699,11:103374997,TOP,[T/C],38,11,102990878,+
rs96816634_B_F_372029143,rs96816634,TOP,[A/G],38,11,103499122,+
11:104283306_B_F_79985142,11:104283306,BOT,[C/T],38,11,103899187,-
11:104473700_B_F_323938523,11:104473700,TOP,[T/C],38,11,104089581,+
rs868481295_B_F_215860899,rs868481295,TOP,[A/G],38,11,104126243,+
rs233262016_B_F_150275445,rs233262016,BOT,[C/T],38,11,105257691,-
rs801453542_B_F_769931643,rs801453542,TOP,[I/D],38,11,105573247,+
rs135634877_B_F_264238342,rs135634877,BOT,[T/C],38,11,105945151,-
rs763247005_B_F_19827003,rs763247005,TOP,[A/G],38,11,106024191,+
11:106883383_B_F_921992114,11:106883383,BOT,[G/A],38,11,106417827,-
rs581920289_B_F_668511064,rs581920289,TOP,[G/T],38,11,107116667,+
rs375334569_B_F_663343287,rs375334569,TOP,[C/T],38,11,107167250,+
rs771070291_B_F_353111424,rs771070291,TOP,[T/C],38,11,107217285,+
rs641290237_B_F_967922424,rs641290237,TOP,[A/C],38,11,107351333,+
rs676734397_B_F_134621127,rs676734397,TOP,[T/C],38,11,107746791,+
rs699783182_B_F_538484967,rs699783182,TOP,[G/C],38,11,108251865,+
rs755842225_B_F_218594224,rs755842225,BOT,[G/A],38,11,108968183,-
rs53221907_B_F_366483529,rs53221907,BOT,[A/G],38,11,109149615,-
rs896023544_B_F_319116731,rs896023544,TOP,[A/C],38,11,110028362,+
rs695522634_B_F_580949216,rs695522634,BOT,[A/G],38,11,110152812,-
rs300961121_B_F_273450372,rs300961121,BOT,[C/T],38,11,110357139,-
rs666918512_B_F_151455136,rs666918512,TOP,[G/A],38,11,110792333,+
11:111415500_B_F_977031056,11:111415500,TOP,[C/T],38,11,110872878,+
rs864227931_B_F_869639994,rs864227931,TOP,[T/C],38,11,111368654,+
rs347666959_B_F_157397628,rs347666959,BOT,[T/C],38,11,111413921,-
11:111821787_B_F_432167801,11:111821787,TOP,[I/D],38,11,111437668,+
11:112446152_B_F_681097462,11:112446152,BOT,[T/C],38,11,112062033,-
rs155634621_B_F_910416722,rs155634621,TOP,[C/T],38,11,112577467,+
rs536318552_B_F_900648122,rs536318552,TOP,[G/A],38,11,112825287,+
rs349197364_B_F_939021855,rs349197364,TOP,[T/C],38,11,113439147,+
rs116017893_B_F_289634639,rs116017893,BOT,[A/C],38,11,113516725,-
11:114358938_B_F_521144764,11:114358938,TOP,[G/A],38,11,113974819,+
11:114435465_B_F_676744459,11:114435465,TOP,[A/G],38,11,114051346,+
rs378218617_B_F_568099308,rs378218617,TOP,[A/G],38,11,114072775,+
rs786514986_B_F_69689570,rs786514986,TOP,[T/C],38,11,114218509,+
11:114784201_B_F_343240547,11:114784201,TOP,[I/D],38,11,114318645,+
11:115315139_B_F_605375629,11:115315139,TOP,[A/G],38,11,114772517,+
rs609849486_B_F_817559394,rs609849486,BOT,[I/D],38,11,114782869,-
rs175325871_B_F_7595873,rs175325871,BOT,[T/C],38,11,115509972,-
rs826014519_B_F_212051984,rs826014519,TOP,[T/C],38,11,115625456,+
rs298886207_B_F_968505481,rs298886207,TOP,[G/A],38,11,115653192,+
rs837023854_B_F_644050970,rs837023854,TOP,[T/C],38,11,116644280,+
11:117119804_B_F_80174031,11:117119804,TOP,[A/G],38,11,116654248,+
rs533705806_B_F_449582564,rs533705806,TOP,[T/C],38,11,116826365,+
rs790969630_B_F_140002391,rs790969630,BOT,[C/T],38,11,116998844,-
11:117605012_B_F_375707271,11:117605012,TOP,[C/G],38,11,117220893,+
rs728456765_B_F_60087205,rs728456765,TOP,[T/C],38,11,117240024,+
rs867091641_B_F_898399861,rs867091641,TOP,[G/A],38,11,117553739,+
11:118211887_B_F_424051156,11:118211887,BOT,[C/T],38,11,117827768,-
11:118470996_B_F_931043082,11:118470996,TOP,[G/A],38,11,118005440,+
rs67892815_B_F_318656013,rs67892815,BOT,[C/T],38,11,118441154,-
rs511331212_B_F_674859072,rs511331212,TOP,[C/A],38,11,119188612,+
rs79775632_B_F_797888293,rs79775632,TOP,[G/A],38,11,119857430,+
rs129647572_B_F_852945211,rs129647572,BOT,[C/T],38,11,120201735,-
rs327241778_B_F_327023942,rs327241778,BOT,[A/G],38,11,120744078,-
11:121450225_B_F_236277396,11:121450225,BOT,[A/G],38,11,120907603,-
rs611834217_B_F_687696783,rs611834217,TOP,[G/A],38,11,120926895,+
rs393128460_B_F_802956868,rs393128460,TOP,[C/T],38,11,121213103,+
rs608808557_B_F_636918439,rs608808557,TOP,[I/D],38,11,121575350,+
rs317268150_B_F_720988719,rs317268150,TOP,[A/C],38,11,121883580,+
rs519643937_B_F_928480648,rs519643937,TOP,[C/T],38,11,121900362,+
11:123353448_B_F_755538441,11:123353448,BOT,[C/T],38,11,122810826,-
rs319034201_B_F_469149980,rs319034201,TOP,[A/C],38,11,122935202,+
rs422689077_B_F_366240978,rs422689077,BOT,[T/C],38,11,123298810,-
rs130144376_B_F_515448211,rs130144376,TOP,[T/C],38,11,123469051,+
rs611051995_B_F_386097985,rs611051995,BOT,[T/C],38,11,123476483,-
11:124974708_B_F_180106423,11:124974708,TOP,[A/G],38,11,124590589,+
rs160092105_B_F_799142365,rs160092105,BOT,[A/G],38,11,124666942,-
rs614960046_B_F_194073533,rs614960046,BOT,[I/D],38,11,124731504,-
rs322964590_B_F_285916712,rs322964590,TOP,[G/A],38,11,124811775,+
11:125902970_B_F_248624504,11:125902970,BOT,[G/T],38,11,125360348,-
rs280451816_B_F_184274837,rs280451816,TOP,[T/G],38,11,125405961,+
11:125886790_B_F_972330877,11:125886790,TOP,[A/G],38,11,125421234,+
rs448378023_B_F_196068969,rs448378023,BOT,[G/A],38,11,125477610,-
11:126212978_B_F_916034829,11:126212978,BOT,[C/T],38,11,125747422,-
rs302454826_B_F_794924929,rs302454826,TOP,[I/D],38,11,125948342,+
11:126491426_B_F_13693944,11:126491426,TOP,[G/A],38,11,125948804,+
rs875320401_B_F_291590888,rs875320401,BOT,[T/C],38,11,126717917,-
rs515894673_B_F_977378478,rs515894673,TOP,[T/C],38,11,126801392,+
rs179614234_B_F_95309232,rs179614234,TOP,[C/T],38,11,126838767,+
rs64698995_B_F_968782392,rs64698995,TOP,[C/T],38,11,126988265,+
rs740409475_B_F_645999184,rs740409475,BOT,[C/T],38,11,127314141,-
rs281940707_B_F_107191005,rs281940707,TOP,[A/G],38,11,127525782,+
rs684918325_B_F_63138222,rs684918325,TOP,[A/G],38,11,127849643,+
rs839184404_B_F_242377899,rs839184404,TOP,[T/G],38,11,128281796,+
rs602549059_B_F_912715927,rs602549059,TOP,[A/G],38,11,128567177,+
rs668810966_B_F_46265224,rs668810966,BOT,[A/G],38,11,128935484,-
rs255228228_B_F_563903384,rs255228228,BOT,[G/A],38,11,129358624,-
11:129872953_B_F_650025037,11:129872953,TOP,[A/G],38,11,129407397,+
11:129982660_B_F_588775801,11:129982660,TOP,[G/T],38,11,129440038,+
rs53489432_B_F_847018610,rs53489432,TOP,[C/A],38,11,129749975,+
11:130279055_B_F_447416902,11:130279055,TOP,[C/T],38,11,129813499,+
rs356032230_B_F_550238638,rs356032230,BOT,[C/T],38,11,129944648,-
11:130745307_B_F_936549047,11:130745307,TOP,[C/T],38,11,130202685,+
rs258985450_B_F_788083350,rs258985450,BOT,[C/T],38,11,130584608,-
rs232095848_B_F_154546788,rs232095848,TOP,[G/A],38,11,130601468,+
rs500184435_B_F_906055408,rs500184435,TOP,[A/C],38,11,130804856,+
11:131276761_B_F_593040030,11:131276761,BOT,[T/C],38,11,130811205,-
11:131232854_B_F_594912942,11:131232854,BOT,[C/A],38,11,130848735,-
rs650399156_B_F_788082967,rs650399156,TOP,[T/C],38,11,131782890,+
rs595786365_B_F_31596729,rs595786365,TOP,[G/A],38,11,131818366,+
11:132337805_B_F_428908699,11:132337805,TOP,[G/A],38,11,131872249,+
11:132652023_B_F_244440106,11:132652023,BOT,[T/G],38,11,132186467,-
rs15776841_B_F_132865901,rs15776841,BOT,[T/G],38,11,132937845,-
rs863615595_B_F_95899367,rs863615595,TOP,[T/C],38,11,133061221,+
rs883562335_B_F_563893764,rs883562335,BOT,[T/G],38,11,133133398,-
rs519713004_B_F_917260603,rs519713004,TOP,[A/G],38,11,133184303,+
11:133693616_B_F_158861688,11:133693616,TOP,[T/G],38,11,133228060,+
rs308637370_B_F_131469852,rs308637370,TOP,[A/G],38,11,133401005,+
rs92215672_B_F_804885828,rs92215672,TOP,[T/C],38,11,133470047,+
rs539736459_B_F_707509517,rs539736459,BOT,[C/T],38,11,134026642,-
rs113722997_B_F_813381790,rs113722997,TOP,[C/T],38,11,134663316,+
rs356190327_B_F_498149818,rs356190327,TOP,[C/A],38,11,134801414,+
11:135325186_B_F_118688283,11:135325186,BOT,[T/C],38,11,134859630,-
rs844043342_B_F_915224133,rs844043342,TOP,[A/G],38,12,94526,+
12:592505_B_F_354964967,12:592505,TOP,[C/T],38,12,126949,+
rs338015055_B_F_42702822,rs338015055,TOP,[T/C],38,12,177663,+
rs48035676_B_F_25991867,rs48035676,BOT,[G/A],38,12,211754,-
rs85984630_B_F_980923639,rs85984630,BOT,[T/G],38,12,226756,-
rs820982279_B_F_482488924,rs820982279,TOP,[A/G],38,12,442384,+
12:1009089_B_F_276566260,12:1009089,BOT,[G/A],38,12,466467,-
rs349425638_B_F_530880066,rs349425638,TOP,[A/G],38,12,498676,+
rs757620215_B_F_414649404,rs757620215,TOP,[G/A],38,12,704245,+
rs526182675_B_F_547112969,rs526182675,TOP,[I/D],38,12,1139676,+
rs675015508_B_F_765073529,rs675015508,TOP,[T/C],38,12,1388374,+
12:2009546_B_F_808988448,12:2009546,TOP,[A/C],38,12,1625427,+
rs514468409_B_F_200729818,rs514468409,BOT,[G/A],38,12,1640295,-
rs145678854_B_F_83837394,rs145678854,TOP,[A/G],38,12,1650264,+
rs436498825_B_F_96266803,rs436498825,BOT,[C/T],38,12,1930524,-
12:2640723_B_F_992694108,12:2640723,TOP,[G/A],38,12,2175167,+
rs723804657_B_F_850893652,rs723804657,BOT,[A/G],38,12,2194103,-
rs118309276_B_F_551753858,rs118309276,TOP,[A/C],38,12,2799164,+
12:3463467_B_F_836576100,12:3463467,BOT,[A/G],38,12,3079348,-
rs883828725_B_F_876554292,rs883828725,TOP,[C/T],38,12,3641880,+
rs429878324_B_F_617854215,rs429878324,TOP,[T/C],38,12,4279105,+
rs740501905_B_F_520851357,rs740501905,TOP,[A/G],38,12,4290804,+
rs675819164_B_F_919537905,rs675819164,TOP,[G/T],38,12,4766168,+
rs56626466_B_F_744691836,rs56626466,BOT,[A/G],38,12,4882659,-
rs401011251_B_F_450951862,rs401011251,TOP,[C/A],38,12,5204837,+
rs655787816_B_F_620820996,rs655787816,BOT,[G/A],38,12,5398266,-
rs741561974_B_F_240244242,rs741561974,BOT,[I/D],38,12,5514159,-
rs199295154_B_F_989382575,rs199295154,TOP,[T/C],38,12,5709116,+
rs721670087_B_F_702324954,rs721670087,BOT,[G/A],38,12,5736502,-
rs286733796_B_F_106947466,rs286733796,BOT,[I/D],38,12,5859263,-
12:7554015_B_F_456420094,12:7554015,TOP,[G/A],38,12,7088459,+
rs738012121_B_F_928779327,rs738012121,TOP,[A/G],38,12,7260192,+
rs162912732_B_F_348558168,rs162912732,BOT,[T/G],38,12,8156226,-
12:8980857_B_F_675668272,12:8980857,BOT,[C/T],38,12,8515301,-
rs776623290_B_F_554590215,rs776623290,TOP,[C/T],38,12,9335743,+
12:10383235_B_F_944559713,12:10383235,TOP,[A/G],38,12,9999116,+
rs256874931_B_F_770123397,rs256874931,TOP,[A/G],38,12,10240629,+
12:11157029_B_F_698138215,12:11157029,TOP,[C/T],38,12,10691473,+
rs174123752_B_F_317197735,rs174123752,TOP,[A/G],38,12,11134685,+
rs136097586_B_F_276856448,rs136097586,BOT,[T/G],38,12,11447386,-
rs328691350_B_F_12050315,rs328691350,BOT,[G/A],38,12,11529194,-
rs854396235_B_F_354411503,rs854396235,BOT,[C/T],38,12,11656953,-
rs115499534_B_F_839027035,rs115499534,BOT,[T/C],38,12,11827245,-
rs294428224_B_F_889415055,rs294428224,TOP,[A/G],38,12,11899768,+
rs812526522_B_F_306021961,rs812526522,BOT,[A/G],38,12,12076453,-
12:12475407_B_F_980878928,12:12475407,TOP,[G/T],38,12,12091288,+
rs830515123_B_F_45281845,rs830515123,TOP,[I/D],38,12,12322484,+
rs317255963_B_F_436862697,rs317255963,TOP,[G/A],38,12,12592323,+
rs735706461_B_F_825189580,rs735706461,BOT,[I/D],38,12,12676980,-
rs769414085_B_F_55494828,rs769414085,BOT,[C/T],38,12,13090713,-
rs444506390_B_F_222360404,rs444506390,TOP,[T/C],38,12,13708750,+
rs376644695_B_F_88365103,rs376644695,BOT,[A/G],38,12,14113411,-
rs397066662_B_F_175213645,rs397066662,TOP,[T/G],38,12,14196530,+
rs850768930_B_F_943627966,rs850768930,TOP,[I/D],38,12,14771431,+
rs244854376_B_F_942883932,rs244854376,TOP,[C/T],38,12,14783224,+
rs879396212_B_F_222139575,rs879396212,BOT,[A/G],38,12,15537799,-
rs161414493_B_F_206462344,rs161414493,TOP,[C/T],38,12,16689190,+
rs379663207_B_F_953317141,rs379663207,TOP,[C/T],38,12,16702475,+
rs468244684_B_F_601865190,rs468244684,TOP,[T/C],38,12,17349935,+
rs227056693_B_F_61276910,rs227056693,BOT,[T/C],38,12,17434649,-
rs133766648_B_F_367475285,rs133766648,BOT,[G/A],38,12,17610380,-
rs751860360_B_F_527497518,rs751860360,BOT,[T/C],38,12,18184560,-
rs632896490_B_F_884274509,rs632896490,TOP,[A/C],38,12,18218523,+
rs493857826_B_F_86657445,rs493857826,BOT,[A/G],38,12,18943106,-
rs372389069_B_F_811361060,rs372389069,BOT,[T/C],38,12,19017792,-
rs269132723_B_F_846344990,rs269132723,BOT,[C/T],38,12,19437873,-
rs789829631_B_F_581906774,rs789829631,TOP,[G/A],38,12,19530496,+
12:20083247_B_F_155092316,12:20083247,TOP,[G/A],38,12,19617691,+
rs647181899_B_F_423892280,rs647181899,BOT,[T/C],38,12,19870194,-
rs821824851_B_F_931166392,rs821824851,BOT,[C/A],38,12,19953013,-
rs130390650_B_F_652577867,rs130390650,TOP,[T/C],38,12,19993251,+
rs278643226_B_F_637061056,rs278643226,TOP,[C/T],38,12,20149403,+
rs621903997_B_F_811642586,rs621903997,BOT,[A/C],38,12,20660175,-
rs257772525_B_F_186795524,rs257772525,BOT,[G/T],38,12,20749600,-
rs544493410_B_F_777301691,rs544493410,TOP,[C/T],38,12,20835834,+
rs747608973_B_F_789891284,rs747608973,TOP,[A/G],38,12,21344622,+
rs692514694_B_F_61076053,rs692514694,BOT,[G/A],38,12,21507039,-
rs237995312_B_F_165567313,rs237995312,TOP,[C/T],38,12,21717235,+
rs215848766_B_F_946260052,rs215848766,TOP,[G/T],38,12,21758113,+
rs80066457_B_F_872007601,rs80066457,BOT,[C/T],38,12,21889806,-
rs819939351_B_F_751543765,rs819939351,BOT,[G/A],38,12,22250180,-
rs185872400_B_F_34521659,rs185872400,TOP,[T/C],38,12,22918710,+
12:24843141_B_F_596161555,12:24843141,TOP,[A/G],38,12,24300519,+
rs849931051_B_F_417300287,rs849931051,TOP,[G/A],38,12,24333904,+
rs786133322_B_F_244891888,rs786133322,BOT,[G/A],38,12,24368141,-
rs225337012_B_F_373550964,rs225337012,TOP,[T/G],38,12,24568804,+
rs468187060_B_F_932271175,rs468187060,BOT,[G/A],38,12,24847276,-
rs700796846_B_F_425093353,rs700796846,TOP,[T/C],38,12,24868290,+
rs642356221_B_F_34340712,rs642356221,BOT,[T/C],38,12,25332455,-
12:25817368_B_F_125230336,12:25817368,TOP,[T/C],38,12,25433249,+
rs892625728_B_F_818734301,rs892625728,BOT,[T/G],38,12,26240770,-
rs35759817_B_F_295540031,rs35759817,BOT,[A/G],38,12,27467783,-
rs823763540_B_F_231087203,rs823763540,TOP,[A/G],38,12,27470382,+
rs462751386_B_F_168523086,rs462751386,BOT,[T/C],38,12,27513163,-
rs451576425_B_F_114032728,rs451576425,BOT,[T/C],38,12,27578227,-
rs830786700_B_F_875484698,rs830786700,TOP,[G/A],38,12,27615376,+
rs808876313_B_F_381646715,rs808876313,BOT,[I/D],38,12,28968073,-
rs444621139_B_F_753308469,rs444621139,BOT,[A/C],38,12,29114840,-
rs826110096_B_F_826709539,rs826110096,TOP,[G/A],38,12,29146616,+
rs388448070_B_F_355272885,rs388448070,BOT,[C/A],38,12,29780353,-
12:30583456_B_F_621211285,12:30583456,TOP,[G/T],38,12,30117900,+
rs156583099_B_F_154318161,rs156583099,BOT,[G/T],38,12,30215514,-
rs207200688_B_F_360913720,rs207200688,BOT,[C/T],38,12,30415433,-
rs295539964_B_F_900595697,rs295539964,TOP,[A/G],38,12,30531672,+
rs508457146_B_F_957142625,rs508457146,BOT,[T/C],38,12,31230118,-
rs606307892_B_F_209765701,rs606307892,BOT,[A/G],38,12,32070621,-
12:32710600_B_F_483246959,12:32710600,BOT,[A/G],38,12,32167978,-
rs361405036_B_F_212259265,rs361405036,TOP,[T/C],38,12,32406759,+
rs371702057_B_F_501742597,rs371702057,BOT,[G/A],38,12,32810096,-
rs624358613_B_F_192594331,rs624358613,TOP,[C/T],38,12,37567966,+
rs429445951_B_F_139058034,rs429445951,TOP,[A/G],38,12,38814144,+
rs515084735_B_F_939257681,rs515084735,TOP,[C/T],38,12,39389829,+
rs513920556_B_F_689012958,rs513920556,BOT,[G/A],38,12,39973326,-
12:40457333_B_F_245741401,12:40457333,TOP,[T/C],38,12,40073214,+
12:40489000_B_F_680626827,12:40489000,TOP,[G/A],38,12,40104881,+
rs858041733_B_F_450265130,rs858041733,TOP,[G/A],38,12,40114019,+
12:40774741_B_F_971976137,12:40774741,TOP,[A/G],38,12,40309185,+
rs91842431_B_F_605100664,rs91842431,TOP,[A/G],38,12,40398498,+
rs897103501_B_F_437696841,rs897103501,BOT,[I/D],38,12,40456734,-
rs126588918_B_F_409996725,rs126588918,BOT,[T/C],38,12,40530232,-
rs138800768_B_F_263476775,rs138800768,TOP,[G/T],38,12,40607737,+
rs491917960_B_F_811139238,rs491917960,BOT,[T/C],38,12,40744734,-
12:41313538_B_F_458135821,12:41313538,TOP,[A/G],38,12,40770916,+
12:41834091_B_F_377796057,12:41834091,BOT,[A/G],38,12,41291469,-
rs469662981_B_F_936356056,rs469662981,TOP,[A/G],38,12,41304540,+
rs879462042_B_F_387597049,rs879462042,BOT,[C/T],38,12,41362209,-
rs780453560_B_F_246476486,rs780453560,TOP,[G/A],38,12,42501599,+
12:43415287_B_F_767080868,12:43415287,BOT,[G/A],38,12,43031168,-
rs11707910_B_F_813289756,rs11707910,TOP,[G/T],38,12,43187528,+
rs195333584_B_F_311950604,rs195333584,TOP,[A/G],38,12,43353746,+
rs461918935_B_F_231687711,rs461918935,TOP,[T/G],38,12,44035050,+
rs861834919_B_F_919434996,rs861834919,BOT,[C/T],38,12,44309038,-
rs425857598_B_F_491976295,rs425857598,BOT,[C/T],38,12,44588207,-
rs144743609_B_F_149968885,rs144743609,TOP,[T/C],38,12,46220095,+
rs737743476_B_F_802962920,rs737743476,BOT,[T/C],38,12,46264642,-
rs50750986_B_F_646870852,rs50750986,BOT,[T/C],38,12,46334455,-
12:47539200_B_F_902230009,12:47539200,BOT,[C/T],38,12,47155081,-
rs890053613_B_F_771039164,rs890053613,TOP,[T/C],38,12,47222882,+
rs150412807_B_F_233024313,rs150412807,BOT,[T/G],38,12,47247404,-
12:47691098_B_F_868449176,12:47691098,TOP,[C/A],38,12,47306979,+
12:48133233_B_F_942336066,12:48133233,TOP,[T/C],38,12,47749114,+
rs432237947_B_F_466838748,rs432237947,BOT,[C/T],38,12,48824388,-
rs815647838_B_F_227435401,rs815647838,TOP,[C/A],38,12,48832960,+
rs640510138_B_F_330665022,rs640510138,BOT,[C/T],38,12,50144032,-
12:51081293_B_F_249612007,12:51081293,BOT,[A/G],38,12,50615737,-
rs443506976_B_F_911526026,rs443506976,TOP,[T/C],38,12,51374488,+
rs615836697_B_F_72340954,rs615836697,TOP,[C/A],38,12,52166447,+
12:52674843_B_F_477360197,12:52674843,TOP,[C/A],38,12,52209287,+
rs383869977_B_F_984172245,rs383869977,TOP,[A/G],38,12,53909660,+
rs198108679_B_F_832935808,rs198108679,TOP,[G/A],38,12,55115903,+
12:56023593_B_F_900888874,12:56023593,TOP,[A/G],38,12,55480971,+
12:56922862_B_F_733269099,12:56922862,BOT,[A/C],38,12,56380240,-
rs16270168_B_F_48772544,rs16270168,TOP,[A/G],38,12,57092495,+
rs462595884_B_F_697576540,rs462595884,BOT,[A/G],38,12,57190070,-
12:59193655_B_F_84244483,12:59193655,BOT,[C/T],38,12,58728099,-
rs176101215_B_F_125650633,rs176101215,BOT,[T/C],38,12,58952477,-
rs848506241_B_F_695949456,rs848506241,TOP,[G/A],38,12,59867299,+
12:61042285_B_F_96364480,12:61042285,TOP,[C/A],38,12,60576729,+
rs492687967_B_F_63812580,rs492687967,BOT,[I/D],38,12,60950816,-
rs610023536_B_F_281327353,rs610023536,TOP,[C/T],38,12,61075443,+
rs708544328_B_F_459824328,rs708544328,BOT,[T/C],38,12,62058237,-
rs188492717_B_F_733595443,rs188492717,TOP,[T/C],38,12,62198323,+
rs844276403_B_F_425929855,rs844276403,BOT,[T/C],38,12,62870842,-
rs43197545_B_F_61221664,rs43197545,TOP,[T/C],38,12,63532225,+
rs894852687_B_F_547336147,rs894852687,TOP,[A/G],38,12,64666533,+
rs566694182_B_F_618184389,rs566694182,BOT,[C/T],38,12,64686130,-
rs72648183_B_F_975792316,rs72648183,BOT,[C/A],38,12,65438688,-
12:66306891_B_F_868489274,12:66306891,BOT,[C/T],38,12,65764269,-
rs769774983_B_F_595310203,rs769774983,TOP,[C/A],38,12,66445267,+
12:67105539_B_F_178884832,12:67105539,TOP,[T/C],38,12,66639983,+
rs193699808_B_F_773616943,rs193699808,BOT,[T/C],38,12,66695558,-
12:68558211_B_F_448835414,12:68558211,TOP,[A/C],38,12,68092655,+
rs823049360_B_F_649977626,rs823049360,TOP,[G/A],38,12,68696904,+
rs795339035_B_F_261751808,rs795339035,TOP,[G/T],38,12,69011701,+
rs232623920_B_F_827909281,rs232623920,BOT,[C/T],38,12,69037263,-
rs781900535_B_F_260084810,rs781900535,TOP,[A/G],38,12,69320190,+
12:69905402_B_F_890876509,12:69905402,TOP,[A/C],38,12,69439846,+
12:70097028_B_F_539557744,12:70097028,BOT,[A/C],38,12,69554406,-
rs714555199_B_F_178228092,rs714555199,BOT,[T/C],38,12,69643740,-
rs514989717_B_F_154521486,rs514989717,TOP,[A/G],38,12,69975466,+
rs11292194_B_F_537348083,rs11292194,TOP,[T/C],38,12,70363561,+
rs579341100_B_F_583630316,rs579341100,TOP,[T/C],38,12,71269322,+
rs191770349_B_F_981675244,rs191770349,BOT,[T/G],38,12,71342677,-
rs642847486_B_F_802950837,rs642847486,TOP,[G/A],38,12,72135947,+
rs242004574_B_F_875389186,rs242004574,TOP,[A/G],38,12,72143536,+
12:72861150_B_F_53381985,12:72861150,TOP,[G/T],38,12,72318528,+
rs344783041_B_F_747994119,rs344783041,BOT,[T/G],38,12,72397340,-
rs662948661_B_F_348364326,rs662948661,TOP,[T/G],38,12,72684647,+
rs897268780_B_F_724362935,rs897268780,BOT,[C/T],38,12,73121993,-
12:73934970_B_F_210699224,12:73934970,BOT,[A/G],38,12,73392348,-
rs699907721_B_F_808077016,rs699907721,TOP,[G/A],38,12,73584044,+
rs5642086_B_F_345677648,rs5642086,TOP,[I/D],38,12,74009200,+
12:75127483_B_F_858247954,12:75127483,TOP,[C/T],38,12,74661927,+
12:75197023_B_F_870043067,12:75197023,TOP,[T/C],38,12,74731467,+
rs620880699_B_F_885296668,rs620880699,BOT,[I/D],38,12,75274877,-
rs862334109_B_F_690706933,rs862334109,TOP,[A/G],38,12,75701726,+
12:76407808_B_F_727926195,12:76407808,TOP,[I/D],38,12,75865186,+
12:76270573_B_F_584622825,12:76270573,BOT,[T/C],38,12,75886454,-
12:76298000_B_F_687355127,12:76298000,BOT,[G/A],38,12,75913881,-
rs334127195_B_F_158586654,rs334127195,TOP,[T/C],38,12,75995235,+
rs43451026_B_F_48429592,rs43451026,TOP,[G/T],38,12,76022725,+
rs307127161_B_F_696052039,rs307127161,TOP,[A/C],38,12,77439339,+
12:78785089_B_F_101390935,12:78785089,TOP,[A/G],38,12,78242467,+
rs660939450_B_F_857786316,rs660939450,BOT,[A/G],38,12,78261170,-
12:79250346_B_F_228139683,12:79250346,TOP,[A/G],38,12,78866227,+
rs514591640_B_F_257210124,rs514591640,BOT,[A/G],38,12,78910034,-
rs726213521_B_F_647436396,rs726213521,TOP,[G/A],38,12,79188783,+
rs292276637_B_F_515113215,rs292276637,BOT,[T/C],38,12,79203151,-
12:79715145_B_F_316158949,12:79715145,TOP,[C/T],38,12,79331026,+
rs763406974_B_F_747324107,rs763406974,BOT,[A/G],38,12,80420625,-
rs367957968_B_F_169134140,rs367957968,BOT,[C/T],38,12,81203301,-
rs644170010_B_F_545653777,rs644170010,TOP,[T/C],38,12,81305996,+
rs225183484_B_F_465172683,rs225183484,TOP,[C/T],38,12,81766953,+
12:82510885_B_F_373603572,12:82510885,TOP,[C/T],38,12,82045329,+
rs721784751_B_F_39818206,rs721784751,BOT,[G/A],38,12,82100512,-
rs819976973_B_F_624221601,rs819976973,TOP,[G/A],38,12,82775048,+
rs331721494_B_F_112921652,rs331721494,TOP,[G/A],38,12,82844307,+
rs706005846_B_F_984702816,rs706005846,BOT,[G/A],38,12,83876519,-
rs450329955_B_F_313980463,rs450329955,TOP,[T/C],38,12,85513892,+
12:88327376_B_F_955988858,12:88327376,TOP,[C/A],38,12,87861820,+
12:88840226_B_F_436884790,12:88840226,BOT,[A/G],38,12,88297604,-
12:88784061_B_F_540079086,12:88784061,TOP,[C/T],38,12,88399942,+
rs546479420_B_F_646048622,rs546479420,TOP,[C/T],38,12,88630462,+
12:89740795_B_F_94355840,12:89740795,TOP,[G/A],38,12,89275239,+
12:90688022_B_F_301164665,12:90688022,TOP,[A/C],38,12,90145400,+
rs677250572_B_F_534142714,rs677250572,BOT,[T/C],38,12,90213332,-
rs823449772_B_F_162229267,rs823449772,TOP,[G/A],38,12,91340962,+
rs555412723_B_F_199351773,rs555412723,BOT,[G/A],38,12,91415752,-
12:91874777_B_F_48525838,12:91874777,TOP,[I/D],38,12,91490658,+
rs498182545_B_F_971051809,rs498182545,BOT,[C/T],38,12,92110158,-
rs376947546_B_F_843490738,rs376947546,BOT,[C/T],38,12,92236113,-
rs490458779_B_F_652558499,rs490458779,TOP,[G/A],38,12,92295397,+
12:93354364_B_F_178968030,12:93354364,TOP,[A/G],38,12,92888808,+
rs282777952_B_F_91758346,rs282777952,TOP,[C/T],38,12,93140675,+
rs620065524_B_F_755740330,rs620065524,TOP,[A/G],38,12,93243647,+
rs194593073_B_F_555667350,rs194593073,BOT,[A/C],38,12,93279784,-
12:94521657_B_F_588741040,12:94521657,BOT,[I/D],38,12,93979035,-
12:94462139_B_F_818621409,12:94462139,TOP,[C/T],38,12,93996583,+
rs711440897_B_F_4076993,rs711440897,TOP,[A/G],38,12,94010699,+
12:94629665_B_F_856270828,12:94629665,BOT,[C/T],38,12,94245546,-
rs767491792_B_F_979840625,rs767491792,TOP,[I/D],38,12,94494059,+
rs756405390_B_F_923094700,rs756405390,TOP,[A/G],38,12,94554523,+
rs264182236_B_F_502653528,rs264182236,TOP,[A/G],38,12,94568953,+
rs118526679_B_F_370503403,rs118526679,BOT,[T/C],38,12,95097754,-
rs498261827_B_F_376091495,rs498261827,TOP,[A/G],38,12,95372141,+
rs714828095_B_F_276476024,rs714828095,BOT,[A/C],38,12,95458469,-
rs393612705_B_F_133311631,rs393612705,BOT,[C/T],38,12,95569145,-
12:96440505_B_F_13623256,12:96440505,TOP,[T/C],38,12,95897883,+
rs821381212_B_F_823213282,rs821381212,BOT,[C/T],38,12,95988866,-
rs894784152_B_F_753478104,rs894784152,BOT,[G/A],38,12,95998479,-
rs250971157_B_F_815406895,rs250971157,TOP,[T/C],38,12,96163183,+
rs70031806_B_F_894846672,rs70031806,BOT,[A/G],38,12,96247238,-
rs204856931_B_F_453024248,rs204856931,TOP,[G/A],38,12,96409971,+
12:97875910_B_F_647622879,12:97875910,BOT,[C/A],38,12,97333288,-
12:97827145_B_F_152506046,12:97827145,TOP,[A/G],38,12,97443026,+
rs101215563_B_F_830041744,rs101215563,BOT,[G/A],38,12,97851293,-
12:98865192_B_F_757111853,12:98865192,BOT,[T/C],38,12,98399636,-
rs208239155_B_F_182046899,rs208239155,BOT,[T/C],38,12,98478827,-
rs564749401_B_F_879944252,rs564749401,TOP,[G/A],38,12,99086438,+
rs582890839_B_F_203897796,rs582890839,TOP,[C/T],38,12,99371581,+
12:101517038_B_F_957760343,12:101517038,TOP,[I/D],38,12,101051482,+
12:101552152_B_F_737578022,12:101552152,TOP,[G/A],38,12,101168033,+
rs499789581_B_F_159838955,rs499789581,BOT,[C/T],38,12,101594237,-
rs873063124_B_F_84610651,rs873063124,BOT,[C/T],38,12,101622395,-
12:102687445_B_F_147870398,12:102687445,TOP,[C/T],38,12,102144823,+
rs117753540_B_F_655864844,rs117753540,BOT,[A/C],38,12,102260298,-
rs37258010_B_F_469870295,rs37258010,BOT,[C/T],38,12,102394036,-
12:102969231_B_F_329466330,12:102969231,TOP,[A/G],38,12,102426609,+
12:103783392_B_F_929276830,12:103783392,TOP,[C/T],38,12,103399273,+
rs668498431_B_F_197756139,rs668498431,TOP,[T/G],38,12,103857394,+
12:105023334_B_F_828278485,12:105023334,TOP,[T/C],38,12,104557778,+
rs255133054_B_F_790735370,rs255133054,TOP,[A/G],38,12,105161402,+
rs497493928_B_F_23178347,rs497493928,BOT,[T/C],38,12,105431070,-
12:106287850_B_F_807038235,12:106287850,BOT,[C/T],38,12,105745228,-
rs347176776_B_F_798268371,rs347176776,BOT,[A/G],38,12,105753631,-
12:106227256_B_F_799078599,12:106227256,BOT,[G/A],38,12,105761700,-
12:106513383_B_F_348327957,12:106513383,TOP,[I/D],38,12,106047827,+
rs477408357_B_F_491361531,rs477408357,BOT,[G/A],38,12,106128424,-
rs63800425_B_F_884696184,rs63800425,BOT,[C/T],38,12,106143912,-
rs544844974_B_F_57501997,rs544844974,TOP,[G/A],38,12,106848029,+
12:107385447_B_F_620487802,12:107385447,BOT,[C/T],38,12,107001328,-
rs396034809_B_F_110103026,rs396034809,TOP,[G/A],38,12,107052199,+
rs411765217_B_F_198780989,rs411765217,BOT,[T/C],38,12,107229928,-
rs442549093_B_F_360999648,rs442549093,TOP,[C/A],38,12,107949973,+
rs427144957_B_F_176138085,rs427144957,TOP,[T/C],38,12,108082418,+
rs686551725_B_F_778534248,rs686551725,TOP,[T/C],38,12,108242555,+
12:109061302_B_F_241047067,12:109061302,TOP,[T/C],38,12,108677183,+
rs616833343_B_F_449264109,rs616833343,BOT,[G/A],38,12,110036265,-
rs361729233_B_F_665791062,rs361729233,BOT,[A/G],38,12,111055474,-
rs634236182_B_F_413827187,rs634236182,BOT,[C/T],38,12,111204810,-
12:112303400_B_F_670429739,12:112303400,TOP,[T/C],38,12,111919281,+
rs343516128_B_F_528251244,rs343516128,TOP,[C/T],38,12,112033912,+
12:113986313_B_F_412909571,12:113986313,TOP,[T/C],38,12,113602194,+
rs661567137_B_F_85728607,rs661567137,BOT,[T/C],38,12,113724503,-
rs281573337_B_F_310022227,rs281573337,TOP,[G/T],38,12,113864145,+
12:114629250_B_F_604369589,12:114629250,TOP,[A/G],38,12,114086628,+
rs567355610_B_F_179621187,rs567355610,TOP,[G/A],38,12,114177979,+
rs341070423_B_F_467904684,rs341070423,BOT,[I/D],38,12,114272957,-
rs227797745_B_F_819860444,rs227797745,BOT,[C/T],38,12,114372851,-
12:115161262_B_F_746972322,12:115161262,TOP,[C/A],38,12,114695706,+
12:115197230_B_F_628829058,12:115197230,TOP,[G/A],38,12,114731674,+
rs344284404_B_F_549708661,rs344284404,TOP,[T/G],38,12,114745123,+
rs662621171_B_F_769210919,rs662621171,TOP,[C/T],38,12,114980994,+
rs871970953_B_F_376379113,rs871970953,TOP,[T/C],38,12,115123390,+
rs780352753_B_F_319749410,rs780352753,BOT,[A/G],38,12,115379336,-
rs112528264_B_F_46933431,rs112528264,TOP,[C/T],38,12,115761519,+
rs191028511_B_F_953998432,rs191028511,TOP,[I/D],38,12,116345986,+
12:117816763_B_F_436423430,12:117816763,TOP,[A/G],38,12,117432644,+
rs136117653_B_F_581538901,rs136117653,TOP,[G/A],38,12,117622972,+
rs20808273_B_F_212993497,rs20808273,TOP,[A/G],38,12,118771288,+
12:121649992_B_F_224532384,12:121649992,TOP,[T/C],38,12,121184436,+
12:121815800_B_F_873072121,12:121815800,TOP,[A/G],38,12,121273178,+
rs838008516_B_F_722395660,rs838008516,TOP,[A/G],38,12,122797985,+
rs325217108_B_F_416185386,rs325217108,BOT,[T/C],38,12,123007025,-
12:123809069_B_F_198828333,12:123809069,TOP,[A/G],38,12,123266447,+
rs597112884_B_F_971078475,rs597112884,TOP,[A/C],38,12,124198834,+
rs616442953_B_F_142990478,rs616442953,TOP,[C/T],38,12,124371786,+
rs29735931_B_F_330859450,rs29735931,TOP,[A/G],38,12,124526734,+
rs470039113_B_F_18270242,rs470039113,BOT,[A/C],38,12,124593431,-
12:125006921_B_F_873655882,12:125006921,BOT,[C/T],38,12,124622802,-
rs489402185_B_F_571046362,rs489402185,TOP,[I/D],38,12,124768616,+
rs658659846_B_F_989804382,rs658659846,TOP,[T/C],38,12,124814996,+
12:126280919_B_F_868891360,12:126280919,TOP,[G/A],38,12,125815363,+
rs458815184_B_F_965812384,rs458815184,TOP,[T/G],38,12,125833278,+
rs121711961_B_F_247457174,rs121711961,BOT,[T/C],38,12,125883982,-
12:127058966_B_F_388221751,12:127058966,TOP,[G/T],38,12,126516344,+
rs543868898_B_F_584039403,rs543868898,BOT,[A/G],38,12,126706575,-
rs447342501_B_F_841037316,rs447342501,BOT,[C/T],38,12,127039502,-
12:127837681_B_F_999875884,12:127837681,BOT,[C/T],38,12,127295059,-
rs292250358_B_F_203934058,rs292250358,TOP,[I/D],38,12,127321493,+
rs13596673_B_F_665245556,rs13596673,TOP,[C/T],38,12,127663625,+
rs134479693_B_F_741347059,rs134479693,BOT,[G/A],38,12,127882414,-
12:128610948_B_F_574593439,12:128610948,BOT,[T/C],38,12,128068326,-
rs647261634_B_F_689930300,rs647261634,BOT,[G/T],38,12,128166699,-
rs710366341_B_F_52845317,rs710366341,BOT,[G/T],38,12,128194419,-
rs808079773_B_F_409555440,rs808079773,TOP,[A/G],38,12,128270653,+
12:128822847_B_F_134158482,12:128822847,BOT,[C/T],38,12,128438728,-
rs74030566_B_F_748780012,rs74030566,BOT,[I/D],38,12,128582005,-
rs242761206_B_F_924268725,rs242761206,TOP,[T/C],38,12,128910569,+
rs188254382_B_F_970002190,rs188254382,BOT,[G/T],38,12,128949625,-
rs771023611_B_F_236937686,rs771023611,TOP,[G/A],38,12,129162027,+
rs42276941_B_F_44250755,rs42276941,BOT,[A/C],38,12,129213109,-
rs877099949_B_F_986029748,rs877099949,BOT,[T/C],38,12,129217794,-
rs467733307_B_F_59459515,rs467733307,TOP,[T/C],38,12,129223174,+
12:129839894_B_F_555462431,12:129839894,BOT,[A/G],38,12,129374338,-
12:129987596_B_F_410841570,12:129987596,BOT,[A/G],38,12,129522040,-
12:130358062_B_F_941531222,12:130358062,TOP,[A/G],38,12,129815440,+
rs349856282_B_F_241593718,rs349856282,TOP,[C/T],38,12,129819768,+
12:130637573_B_F_566893096,12:130637573,BOT,[G/A],38,12,130253454,-
rs182634168_B_F_285603634,rs182634168,TOP,[G/A],38,12,130453104,+
rs250559464_B_F_892607554,rs250559464,BOT,[C/A],38,12,130522523,-
rs144770443_B_F_40216113,rs144770443,TOP,[T/C],38,12,130665981,+
rs890512712_B_F_145239226,rs890512712,TOP,[C/T],38,12,131007332,+
12:131430002_B_F_944421113,12:131430002,TOP,[C/T],38,12,131045883,+
rs298266111_B_F_328425737,rs298266111,BOT,[I/D],38,12,131091646,-
rs538581410_B_F_104195904,rs538581410,TOP,[T/C],38,12,131618973,+
rs173151334_B_F_261156287,rs173151334,TOP,[A/G],38,12,131745630,+
rs554230298_B_F_61444197,rs554230298,TOP,[T/C],38,12,132348984,+
rs688133091_B_F_379574042,rs688133091,TOP,[A/G],38,12,132579601,+
rs267265512_B_F_477614367,rs267265512,TOP,[A/C],38,13,18594856,+
rs314603737_B_F_852675853,rs314603737,BOT,[A/G],38,13,19718438,-
rs294851678_B_F_447251194,rs294851678,TOP,[A/C],38,13,20098883,+
rs687045558_B_F_252093009,rs687045558,BOT,[G/A],38,13,21004011,-
rs873860616_B_F_432870390,rs873860616,TOP,[C/T],38,13,21096262,+
rs250765305_B_F_449403389,rs250765305,BOT,[T/C],38,13,21360201,-
rs621291100_B_F_883819833,rs621291100,BOT,[G/A],38,13,21623771,-
rs143519598_B_F_342722741,rs143519598,BOT,[T/C],38,13,21800561,-
rs310884091_B_F_111455846,rs310884091,TOP,[I/D],38,13,21811444,+
rs542416989_B_F_681339554,rs542416989,BOT,[T/C],38,13,21893850,-
13:22657900_B_F_134972654,13:22657900,BOT,[I/D],38,13,22192344,-
13:23016158_B_F_209335688,13:23016158,BOT,[G/A],38,13,22473536,-
rs537984859_B_F_395226673,rs537984859,BOT,[T/C],38,13,22929958,-
rs370169316_B_F_207747663,rs370169316,BOT,[I/D],38,13,23474454,-
rs38250245_B_F_793267565,rs38250245,TOP,[I/D],38,13,24074698,+
13:24566623_B_F_178199532,13:24566623,TOP,[T/C],38,13,24101067,+
rs98488763_B_F_9798248,rs98488763,BOT,[T/C],38,13,24325107,-
rs69616378_B_F_974274076,rs69616378,TOP,[T/C],38,13,24574248,+
rs349050179_B_F_83881409,rs349050179,TOP,[C/T],38,13,24651699,+
rs750759396_B_F_830775918,rs750759396,TOP,[T/C],38,13,24742469,+
rs198762207_B_F_31718833,rs198762207,TOP,[T/C],38,13,25141436,+
rs828729105_B_F_719733318,rs828729105,BOT,[C/T],38,13,25195708,-
rs140940939_B_F_27354218,rs140940939,BOT,[A/C],38,13,25669747,-
rs77876584_B_F_504855232,rs77876584,BOT,[A/G],38,13,25703537,-
13:26150775_B_F_461164829,13:26150775,TOP,[T/C],38,13,25766656,+
rs620409222_B_F_367498601,rs620409222,TOP,[T/C],38,13,26422785,+
13:26990018_B_F_597292535,13:26990018,TOP,[C/T],38,13,26447396,+
rs86667667_B_F_646150778,rs86667667,TOP,[T/C],38,13,27377564,+
rs313421577_B_F_153607195,rs313421577,TOP,[C/T],38,13,27855601,+
13:28425157_B_F_411698238,13:28425157,TOP,[G/A],38,13,27959601,+
13:28568399_B_F_857415483,13:28568399,BOT,[T/C],38,13,28025777,-
rs409225425_B_F_462991921,rs409225425,BOT,[A/G],38,13,28312803,-
rs212237842_B_F_324920867,rs212237842,BOT,[T/G],38,13,28551155,-
rs772173698_B_F_36136088,rs772173698,BOT,[G/A],38,13,28602953,-
rs772084755_B_F_348432378,rs772084755,TOP,[T/C],38,13,29044671,+
13:29716870_B_F_306543361,13:29716870,BOT,[C/T],38,13,29174248,-
13:29784813_B_F_199795964,13:29784813,BOT,[C/A],38,13,29242191,-
13:30456599_B_F_557873402,13:30456599,BOT,[A/G],38,13,29913977,-
13:30817184_B_F_906425784,13:30817184,TOP,[C/T],38,13,30274562,+
rs4833751_B_F_618017018,rs4833751,TOP,[T/C],38,13,30297313,+
rs808462865_B_F_522848163,rs808462865,BOT,[I/D],38,13,30999629,-
rs408311903_B_F_38365967,rs408311903,BOT,[T/C],38,13,31806180,-
rs423708426_B_F_577923336,rs423708426,TOP,[C/T],38,13,32405001,+
13:33521715_B_F_483987237,13:33521715,TOP,[T/C],38,13,32979093,+
13:33716189_B_F_929547845,13:33716189,TOP,[C/T],38,13,33250633,+
rs419470062_B_F_590355970,rs419470062,TOP,[C/T],38,13,34264134,+
rs290224349_B_F_431521813,rs290224349,BOT,[C/T],38,13,34504532,-
rs468538936_B_F_252910556,rs468538936,BOT,[T/C],38,13,34531462,-
rs56300814_B_F_941624463,rs56300814,BOT,[G/A],38,13,34707830,-
13:35177213_B_F_973995150,13:35177213,TOP,[G/T],38,13,34793094,+
rs762269475_B_F_494642873,rs762269475,BOT,[C/T],38,13,35302577,-
rs664590195_B_F_801323354,rs664590195,TOP,[C/T],38,13,35792701,+
rs333355224_B_F_970572155,rs333355224,BOT,[I/D],38,13,35856719,-
rs686096317_B_F_728398533,rs686096317,BOT,[A/G],38,13,35940977,-
rs46043312_B_F_281594507,rs46043312,BOT,[G/A],38,13,36156613,-
rs695536507_B_F_678190312,rs695536507,TOP,[A/G],38,13,36549054,+
13:36954830_B_F_277640509,13:36954830,TOP,[T/C],38,13,36570711,+
rs641327841_B_F_432652827,rs641327841,TOP,[G/A],38,13,36590918,+
13:37222367_B_F_114217545,13:37222367,BOT,[T/C],38,13,36756811,-
rs805883012_B_F_755144197,rs805883012,TOP,[G/A],38,13,36858221,+
rs519867143_B_F_501329497,rs519867143,BOT,[C/T],38,13,37415333,-
rs254192360_B_F_282002185,rs254192360,TOP,[T/C],38,13,37564593,+
rs865441008_B_F_589039070,rs865441008,BOT,[A/G],38,13,37576058,-
13:38485088_B_F_730429890,13:38485088,BOT,[A/G],38,13,37942466,-
rs30593259_B_F_302459227,rs30593259,TOP,[T/G],38,13,38020566,+
13:38647598_B_F_517335914,13:38647598,TOP,[C/T],38,13,38104976,+
13:39062773_B_F_886072763,13:39062773,BOT,[G/A],38,13,38520151,-
rs12892318_B_F_566528663,rs12892318,TOP,[I/D],38,13,38802163,+
rs558297417_B_F_228080157,rs558297417,BOT,[I/D],38,13,38887912,-
13:39670628_B_F_698532450,13:39670628,TOP,[A/G],38,13,39128006,+
rs270353356_B_F_445386821,rs270353356,BOT,[A/G],38,13,39159499,-
13:39814895_B_F_845954835,13:39814895,TOP,[C/T],38,13,39349339,+
rs242703861_B_F_111455425,rs242703861,TOP,[T/C],38,13,39535015,+
rs575735936_B_F_783190582,rs575735936,TOP,[T/C],38,13,40566345,+
rs374286059_B_F_895765789,rs374286059,BOT,[T/C],38,13,40782715,-
rs371687049_B_F_961234584,rs371687049,TOP,[C/T],38,13,41010338,+
rs416893022_B_F_319123804,rs416893022,BOT,[A/G],38,13,41118982,-
rs265213171_B_F_3202667,rs265213171,TOP,[T/C],38,13,41308060,+
rs337177294_B_F_440469710,rs337177294,TOP,[A/C],38,13,42079301,+
rs642844848_B_F_608598028,rs642844848,BOT,[T/C],38,13,42581307,-
rs175075524_B_F_635234452,rs175075524,TOP,[A/G],38,13,43064635,+
13:43514778_B_F_590381225,13:43514778,BOT,[T/C],38,13,43130659,-
13:43718291_B_F_543176422,13:43718291,TOP,[C/T],38,13,43175669,+
rs676294098_B_F_347042928,rs676294098,TOP,[C/T],38,13,43549391,+
rs580384741_B_F_815920645,rs580384741,BOT,[A/G],38,13,43692784,-
13:44355258_B_F_264958693,13:44355258,TOP,[C/T],38,13,43812636,+
rs454506033_B_F_651162329,rs454506033,TOP,[A/G],38,13,43901288,+
rs889045439_B_F_316436938,rs889045439,TOP,[A/G],38,13,44268367,+
rs485003412_B_F_773808315,rs485003412,TOP,[T/C],38,13,44312603,+
13:45252277_B_F_100783423,13:45252277,TOP,[C/T],38,13,44868158,+
13:45283129_B_F_82432878,13:45283129,TOP,[I/D],38,13,44899010,+
rs195053030_B_F_452151099,rs195053030,BOT,[T/C],38,13,45194624,-
rs870983606_B_F_801396342,rs870983606,TOP,[T/G],38,13,45679789,+
13:46438864_B_F_222203593,13:46438864,BOT,[A/C],38,13,45896242,-
rs348913486_B_F_306186023,rs348913486,BOT,[I/D],38,13,46297619,-
rs488402578_B_F_924000983,rs488402578,BOT,[A/G],38,13,46482264,-
rs259331428_B_F_968884343,rs259331428,TOP,[A/G],38,13,47215826,+
rs746471636_B_F_22104054,rs746471636,TOP,[T/C],38,13,47605227,+
rs647070417_B_F_333712966,rs647070417,BOT,[A/G],38,13,48218852,-
rs181155314_B_F_741554176,rs181155314,TOP,[G/A],38,13,48769024,+
rs258539155_B_F_672310262,rs258539155,BOT,[T/C],38,13,49428281,-
13:50551871_B_F_109242009,13:50551871,BOT,[A/G],38,13,50167752,-
13:50944305_B_F_256455788,13:50944305,TOP,[C/T],38,13,50478749,+
rs436012308_B_F_248213068,rs436012308,BOT,[A/G],38,13,50532419,-
rs844248082_B_F_976738588,rs844248082,BOT,[A/C],38,13,50542765,-
rs386923472_B_F_336562687,rs386923472,TOP,[I/D],38,13,51003976,+
rs626758358_B_F_839420991,rs626758358,BOT,[A/C],38,13,51291357,-
13:51941332_B_F_556595068,13:51941332,TOP,[T/C],38,13,51475776,+
rs864634149_B_F_881728155,rs864634149,TOP,[G/T],38,13,52730689,+
rs691971508_B_F_732941210,rs691971508,BOT,[G/A],38,13,52811199,-
rs312361306_B_F_488597655,rs312361306,TOP,[T/C],38,13,53284882,+
rs157976699_B_F_912257120,rs157976699,BOT,[T/C],38,13,53639328,-
13:54635870_B_F_23357791,13:54635870,TOP,[A/G],38,13,54170314,+
rs463476669_B_F_624909110,rs463476669,TOP,[A/C],38,13,55071379,+
rs533985962_B_F_141943750,rs533985962,TOP,[A/G],38,13,55262973,+
rs34243479_B_F_895539872,rs34243479,TOP,[I/D],38,13,56903195,+
rs747094254_B_F_920325637,rs747094254,BOT,[C/T],38,13,58085747,-
rs623886099_B_F_122017407,rs623886099,TOP,[A/C],38,13,58383769,+
rs196597487_B_F_604188986,rs196597487,BOT,[T/C],38,13,58536088,-
rs139521593_B_F_997076364,rs139521593,TOP,[C/A],38,13,59259280,+
rs285489297_B_F_527324315,rs285489297,BOT,[A/G],38,13,59270481,-
rs6399099_B_F_915286939,rs6399099,BOT,[G/A],38,13,59392598,-
rs688259499_B_F_415383983,rs688259499,TOP,[T/G],38,13,59462924,+
rs436723946_B_F_633130472,rs436723946,TOP,[T/C],38,13,59629747,+
rs282424656_B_F_231166526,rs282424656,TOP,[G/A],38,13,60705548,+
13:62340610_B_F_937327590,13:62340610,TOP,[G/A],38,13,61956491,+
rs512875411_B_F_768842660,rs512875411,BOT,[C/T],38,13,61995980,-
13:62913867_B_F_104384425,13:62913867,TOP,[C/T],38,13,62371245,+
rs604060063_B_F_569829771,rs604060063,BOT,[C/A],38,13,62756276,-
rs186485755_B_F_522030828,rs186485755,BOT,[C/T],38,13,63770328,-
rs544621277_B_F_158031066,rs544621277,TOP,[I/D],38,13,63961239,+
rs714171513_B_F_518671978,rs714171513,BOT,[I/D],38,13,64864126,-
13:66022007_B_F_523306389,13:66022007,BOT,[T/C],38,13,65637888,-
rs544655069_B_F_882322279,rs544655069,BOT,[I/D],38,13,65862596,-
rs414473459_B_F_836618448,rs414473459,TOP,[T/G],38,13,66007996,+
rs529350909_B_F_48896064,rs529350909,TOP,[A/G],38,13,66345781,+
rs127090745_B_F_475223669,rs127090745,BOT,[I/D],38,13,67232723,-
13:68049307_B_F_905851620,13:68049307,TOP,[G/A],38,13,67506685,+
rs770374495_B_F_934398514,rs770374495,BOT,[G/T],38,13,67523805,-
13:70243373_B_F_272121681,13:70243373,TOP,[G/T],38,13,69859254,+
rs540255310_B_F_282945281,rs540255310,TOP,[T/G],38,13,70783869,+
rs609034503_B_F_242632492,rs609034503,TOP,[G/A],38,13,70962399,+
rs693468769_B_F_787278623,rs693468769,TOP,[A/G],38,13,71000510,+
rs688187621_B_F_802163701,rs688187621,BOT,[I/D],38,13,71318440,-
rs307964796_B_F_826972013,rs307964796,TOP,[I/D],38,13,71921257,+
rs836947138_B_F_442321568,rs836947138,BOT,[C/T],38,13,72450324,-
rs587287737_B_F_110469106,rs587287737,BOT,[I/D],38,13,73142180,-
rs85000863_B_F_56555687,rs85000863,TOP,[I/D],38,13,73708994,+
13:74120219_B_F_248245895,13:74120219,TOP,[G/A],38,13,73736100,+
rs82592607_B_F_243990370,rs82592607,TOP,[T/C],38,13,73765207,+
rs406823446_B_F_908346574,rs406823446,TOP,[T/C],38,13,73865714,+
rs668278081_B_F_318958522,rs668278081,BOT,[G/A],38,13,73956142,-
13:74440013_B_F_714247824,13:74440013,TOP,[T/C],38,13,73974457,+
rs808878733_B_F_209091716,rs808878733,BOT,[G/T],38,13,74105227,-
rs861708765_B_F_706297258,rs861708765,TOP,[I/D],38,13,74269654,+
rs306865514_B_F_772946579,rs306865514,TOP,[A/C],38,13,74398318,+
13:75062493_B_F_272655312,13:75062493,TOP,[A/G],38,13,74596937,+
13:75163692_B_F_68802840,13:75163692,BOT,[T/G],38,13,74621070,-
rs738552020_B_F_603742503,rs738552020,TOP,[T/C],38,13,74745336,+
rs298159902_B_F_318219654,rs298159902,TOP,[C/T],38,13,75352792,+
rs642709810_B_F_316700457,rs642709810,TOP,[A/G],38,13,75405240,+
rs788881389_B_F_5515314,rs788881389,TOP,[A/C],38,13,75540602,+
rs207059929_B_F_233308668,rs207059929,TOP,[A/G],38,13,75912206,+
rs700784412_B_F_276762596,rs700784412,TOP,[T/C],38,13,76450792,+
rs317788803_B_F_506680187,rs317788803,TOP,[I/D],38,13,76721266,+
13:78462018_B_F_241571341,13:78462018,BOT,[T/C],38,13,77996462,-
rs417803858_B_F_634188627,rs417803858,TOP,[A/G],38,13,78174160,+
13:79494659_B_F_226666011,13:79494659,BOT,[G/A],38,13,78952037,-
rs426350127_B_F_900552086,rs426350127,TOP,[T/C],38,13,78987041,+
rs596113190_B_F_949173927,rs596113190,TOP,[A/G],38,13,79395419,+
rs148421721_B_F_879792385,rs148421721,TOP,[A/C],38,13,79926494,+
rs247347299_B_F_892380185,rs247347299,TOP,[I/D],38,13,80533024,+
rs585140747_B_F_442994810,rs585140747,BOT,[A/G],38,13,80826639,-
13:81558107_B_F_683497248,13:81558107,TOP,[G/A],38,13,81092551,+
13:81600533_B_F_625782813,13:81600533,BOT,[G/A],38,13,81216414,-
rs811924536_B_F_594608747,rs811924536,TOP,[A/G],38,13,81370516,+
rs573506037_B_F_252972054,rs573506037,BOT,[C/T],38,13,83460859,-
13:84857346_B_F_566776345,13:84857346,TOP,[G/A],38,13,84314724,+
13:84793981_B_F_823949651,13:84793981,BOT,[G/A],38,13,84328425,-
rs498300788_B_F_940973934,rs498300788,BOT,[A/G],38,13,85081374,-
rs255193667_B_F_782618594,rs255193667,BOT,[T/C],38,13,87207797,-
rs678042288_B_F_170278556,rs678042288,TOP,[G/A],38,13,88411730,+
rs604741753_B_F_395716620,rs604741753,BOT,[C/T],38,13,89194204,-
rs551947881_B_F_52902157,rs551947881,BOT,[T/G],38,13,90316040,-
rs893430030_B_F_889061335,rs893430030,TOP,[A/G],38,13,90418068,+
rs288995470_B_F_974188234,rs288995470,BOT,[A/G],38,13,90706933,-
rs406018321_B_F_959463032,rs406018321,TOP,[A/G],38,13,91922633,+
rs510855339_B_F_741047837,rs510855339,BOT,[T/C],38,13,92311909,-
rs775249300_B_F_374562359,rs775249300,TOP,[G/A],38,13,92391661,+
rs341480807_B_F_154866303,rs341480807,TOP,[A/C],38,13,92493195,+
rs371644177_B_F_846271503,rs371644177,BOT,[T/C],38,13,92536507,-
rs91203256_B_F_422607691,rs91203256,BOT,[T/G],38,13,92566312,-
rs859843347_B_F_809013281,rs859843347,TOP,[A/C],38,13,93094716,+
13:94212559_B_F_981603623,13:94212559,BOT,[C/T],38,13,93747003,-
rs736488337_B_F_672212493,rs736488337,BOT,[T/G],38,13,94172353,-
rs8790335_B_F_964532962,rs8790335,TOP,[G/A],38,13,94853715,+
13:96088853_B_F_127409311,13:96088853,TOP,[T/C],38,13,95623297,+
rs807601747_B_F_799551539,rs807601747,BOT,[A/G],38,13,96769091,-
13:97425841_B_F_442335653,13:97425841,BOT,[A/G],38,13,96960285,-
rs635443796_B_F_290842356,rs635443796,BOT,[C/T],38,13,97031228,-
rs351018656_B_F_737820749,rs351018656,TOP,[A/G],38,13,97566730,+
rs103946182_B_F_164925316,rs103946182,TOP,[T/C],38,13,98097614,+
rs798839581_B_F_989510371,rs798839581,BOT,[T/C],38,13,98104661,-
rs38401188_B_F_333855151,rs38401188,BOT,[T/C],38,13,98253659,-
13:98797636_B_F_681476653,13:98797636,TOP,[A/G],38,13,98255014,+
rs179553529_B_F_171822406,rs179553529,BOT,[A/G],38,13,98308508,-
rs341047109_B_F_26319029,rs341047109,BOT,[C/T],38,13,98341776,-
13:98884860_B_F_637859208,13:98884860,BOT,[T/G],38,13,98500741,-
13:99188601_B_F_34730201,13:99188601,BOT,[A/G],38,13,98645979,-
13:99113346_B_F_823335310,13:99113346,TOP,[C/T],38,13,98729227,+
13:99116426_B_F_134960379,13:99116426,BOT,[C/T],38,13,98732307,-
13:99135476_B_F_230853200,13:99135476,TOP,[A/G],38,13,98751357,+
rs360826317_B_F_4997712,rs360826317,TOP,[A/G],38,13,98805159,+
13:99491741_B_F_785743591,13:99491741,TOP,[A/G],38,13,99026185,+
rs73687446_B_F_142141478,rs73687446,BOT,[I/D],38,13,99123623,-
rs435167384_B_F_711240406,rs435167384,TOP,[A/C],38,13,99550115,+
13:100059345_B_F_767948025,13:100059345,BOT,[G/A],38,13,99675226,-
13:100186510_B_F_547674128,13:100186510,TOP,[T/C],38,13,99720954,+
13:100443218_B_F_324163173,13:100443218,BOT,[G/T],38,13,99900596,-
rs545194097_B_F_557491770,rs545194097,BOT,[T/C],38,13,100600691,-
13:101144090_B_F_952652531,13:101144090,BOT,[T/C],38,13,100759971,-
rs23828868_B_F_540685394,rs23828868,TOP,[T/C],38,13,100823412,+
rs34008652_B_F_412555386,rs34008652,TOP,[A/G],38,13,100871906,+
rs714622388_B_F_614135162,rs714622388,TOP,[A/G],38,13,101494234,+
13:102294456_B_F_324731929,13:102294456,BOT,[I/D],38,13,101751834,-
rs32252237_B_F_921207025,rs32252237,BOT,[G/T],38,13,102096576,-
13:102492576_B_F_858259267,13:102492576,BOT,[A/G],38,13,102108457,-
rs111654512_B_F_789589226,rs111654512,TOP,[T/C],38,13,102907791,+
rs506395501_B_F_754202706,rs506395501,TOP,[T/C],38,13,103064342,+
rs207923780_B_F_782286210,rs207923780,TOP,[I/D],38,13,103444441,+
rs246959715_B_F_530219822,rs246959715,BOT,[A/G],38,13,103864501,-
rs187250470_B_F_504658229,rs187250470,TOP,[I/D],38,13,104127188,+
13:104846740_B_F_793625200,13:104846740,TOP,[G/A],38,13,104304118,+
13:105259842_B_F_897865204,13:105259842,BOT,[C/A],38,13,104875723,-
13:106472587_B_F_787786731,13:106472587,BOT,[I/D],38,13,106007031,-
13:106554860_B_F_143042042,13:106554860,BOT,[A/G],38,13,106089304,-
rs800692899_B_F_209387652,rs800692899,TOP,[A/G],38,13,106991049,+
13:107767339_B_F_702947578,13:107767339,BOT,[G/A],38,13,107383220,-
rs562839857_B_F_685176039,rs562839857,TOP,[T/C],38,13,107592731,+
rs42512511_B_F_815132885,rs42512511,TOP,[C/T],38,13,107646515,+
rs52328602_B_F_921272681,rs52328602,TOP,[A/G],38,13,107749320,+
13:108186009_B_F_369824110,13:108186009,TOP,[T/C],38,13,107801890,+
13:108347990_B_F_313243947,13:108347990,TOP,[T/C],38,13,107882434,+
rs401225155_B_F_843878683,rs401225155,TOP,[A/G],38,13,108047539,+
rs433594366_B_F_403764529,rs433594366,BOT,[I/D],38,13,108078800,-
rs888842892_B_F_262572074,rs888842892,TOP,[A/G],38,13,108852116,+
rs466441077_B_F_111809552,rs466441077,BOT,[T/C],38,13,108957603,-
rs847799793_B_F_345935212,rs847799793,BOT,[A/G],38,13,109271979,-
rs391865345_B_F_452348149,rs391865345,BOT,[G/A],38,13,109278396,-
rs232846983_B_F_823014229,rs232846983,TOP,[A/G],38,13,109580861,+
13:110466588_B_F_953047438,13:110466588,BOT,[T/G],38,13,110001032,-
rs897003653_B_F_430811571,rs897003653,TOP,[A/G],38,13,110168737,+
13:110582542_B_F_845404806,13:110582542,TOP,[C/T],38,13,110198423,+
rs472938451_B_F_465366310,rs472938451,TOP,[C/T],38,13,110571441,+
rs343748162_B_F_305660216,rs343748162,TOP,[A/G],38,13,110959784,+
13:111467022_B_F_726312674,13:111467022,TOP,[G/A],38,13,111082903,+
13:111666486_B_F_834973101,13:111666486,TOP,[C/T],38,13,111282367,+
rs181621217_B_F_195094011,rs181621217,TOP,[C/A],38,13,111460575,+
rs273274136_B_F_716218236,rs273274136,BOT,[T/C],38,13,111535970,-
rs897477800_B_F_179853830,rs897477800,BOT,[A/G],38,13,111864114,-
13:112417941_B_F_779853304,13:112417941,BOT,[T/C],38,13,111875319,-
13:112540599_B_F_889195426,13:112540599,BOT,[I/D],38,13,111997977,-
rs389820589_B_F_757782484,rs389820589,BOT,[A/C],38,13,112774822,-
rs18768335_B_F_465580570,rs18768335,TOP,[T/C],38,13,113416478,+
13:114103320_B_F_233992889,13:114103320,TOP,[I/D],38,13,113637764,+
rs187859181_B_F_546355235,rs187859181,TOP,[T/C],38,13,113821083,+
rs647243505_B_F_367997368,rs647243505,BOT,[T/C],38,13,114144028,-
rs455801696_B_F_756171135,rs455801696,TOP,[C/T],38,14,18271463,+
rs687536913_B_F_222082666,rs687536913,TOP,[T/C],38,14,19796122,+
14:20847660_B_F_804434666,14:20847660,BOT,[T/C],38,14,20382104,-
rs33747872_B_F_642590988,rs33747872,TOP,[C/T],38,14,20414432,+
14:21084620_B_F_290016728,14:21084620,TOP,[T/C],38,14,20619064,+
rs475106726_B_F_668827391,rs475106726,BOT,[G/A],38,14,20658247,-
rs419701244_B_F_743271112,rs419701244,BOT,[G/A],38,14,21135519,-
rs383696660_B_F_120982459,rs383696660,BOT,[A/G],38,14,21139771,-
rs488864153_B_F_269191782,rs488864153,TOP,[A/G],38,14,21522421,+
rs30231717_B_F_264273573,rs30231717,TOP,[T/C],38,14,21792583,+
rs155604988_B_F_946442234,rs155604988,TOP,[G/A],38,14,22084865,+
14:22589586_B_F_78357210,14:22589586,BOT,[G/T],38,14,22124030,-
14:22754760_B_F_31487521,14:22754760,BOT,[G/A],38,14,22289204,-
rs800908271_B_F_869648705,rs800908271,BOT,[G/A],38,14,22593869,-
rs77362007_B_F_785304480,rs77362007,BOT,[T/C],38,14,24184748,-
rs455941886_B_F_799249123,rs455941886,BOT,[A/G],38,14,24610137,-
rs455003597_B_F_570878335,rs455003597,BOT,[C/T],38,14,24657615,-
rs298337529_B_F_630085488,rs298337529,TOP,[T/C],38,14,24685511,+
14:25475892_B_F_237806221,14:25475892,TOP,[T/C],38,14,25010336,+
rs836437642_B_F_705597558,rs836437642,TOP,[T/G],38,14,25083462,+
14:26020852_B_F_379879547,14:26020852,BOT,[A/G],38,14,25478230,-
rs181678363_B_F_440305287,rs181678363,BOT,[T/G],38,14,26286465,-
rs163049757_B_F_576411345,rs163049757,TOP,[A/G],38,14,26914590,+
rs559922424_B_F_317142785,rs559922424,BOT,[I/D],38,14,26927470,-
rs427354064_B_F_922929805,rs427354064,BOT,[G/A],38,14,27042183,-
rs64345238_B_F_717742456,rs64345238,BOT,[C/T],38,14,27151590,-
14:28799882_B_F_970739815,14:28799882,TOP,[I/D],38,14,28257260,+
rs351513126_B_F_471063482,rs351513126,BOT,[C/T],38,14,29275151,-
rs620260861_B_F_376005965,rs620260861,BOT,[C/T],38,14,29441784,-
rs759332921_B_F_3130282,rs759332921,TOP,[T/C],38,14,29813197,+
rs571557883_B_F_137809350,rs571557883,TOP,[G/A],38,14,29935973,+
rs195335606_B_F_441200794,rs195335606,TOP,[C/T],38,14,30131217,+
rs806695081_B_F_475606358,rs806695081,TOP,[T/C],38,14,30249651,+
rs3079494_B_F_792914353,rs3079494,TOP,[C/T],38,14,30357808,+
rs661792317_B_F_864827936,rs661792317,BOT,[C/T],38,14,30504386,-
rs81867726_B_F_888196298,rs81867726,BOT,[G/A],38,14,30655296,-
rs895041302_B_F_639943472,rs895041302,BOT,[T/G],38,14,31913844,-
rs839313575_B_F_518048635,rs839313575,BOT,[A/G],38,14,31953828,-
rs742421287_B_F_507741847,rs742421287,TOP,[A/G],38,14,32014741,+
rs396476566_B_F_105976202,rs396476566,TOP,[G/A],38,14,32258877,+
14:32643933_B_F_322154281,14:32643933,BOT,[C/T],38,14,32259814,-
rs196136084_B_F_775359953,rs196136084,BOT,[T/C],38,14,32499899,-
rs454117111_B_F_588063503,rs454117111,TOP,[G/A],38,14,32579377,+
rs443480168_B_F_393478988,rs443480168,BOT,[T/C],38,14,32916629,-
rs556615908_B_F_527623759,rs556615908,BOT,[G/A],38,14,33007025,-
rs824183008_B_F_234913451,rs824183008,TOP,[I/D],38,14,33068810,+
14:33551669_B_F_445347514,14:33551669,BOT,[G/A],38,14,33086113,-
14:34003855_B_F_143646181,14:34003855,BOT,[G/A],38,14,33461233,-
rs379561606_B_F_371392432,rs379561606,BOT,[C/T],38,14,33680119,-
rs19020363_B_F_367314520,rs19020363,TOP,[T/C],38,14,33925527,+
rs493430723_B_F_64866077,rs493430723,TOP,[I/D],38,14,33940216,+
rs75720135_B_F_539212066,rs75720135,BOT,[A/G],38,14,34122089,-
rs440493339_B_F_921408604,rs440493339,TOP,[T/C],38,14,34239145,+
rs186358653_B_F_271492428,rs186358653,TOP,[A/C],38,14,34332257,+
rs192420488_B_F_771861540,rs192420488,BOT,[A/G],38,14,34505173,-
rs483780727_B_F_689028374,rs483780727,TOP,[A/G],38,14,34710175,+
rs668678139_B_F_744510918,rs668678139,TOP,[C/A],38,14,35155625,+
rs429467868_B_F_840603949,rs429467868,BOT,[T/C],38,14,35384908,-
rs440621973_B_F_467820908,rs440621973,TOP,[T/C],38,14,35483010,+
rs739629184_B_F_221419751,rs739629184,TOP,[A/G],38,14,35954941,+
14:37119601_B_F_327896500,14:37119601,TOP,[C/A],38,14,36654045,+
rs642572518_B_F_278700425,rs642572518,BOT,[C/T],38,14,36973466,-
rs688401175_B_F_222944621,rs688401175,BOT,[I/D],38,14,37765427,-
14:39854587_B_F_749060834,14:39854587,TOP,[I/D],38,14,39389031,+
rs199934658_B_F_992928186,rs199934658,TOP,[A/G],38,14,39547353,+
rs97327626_B_F_405692234,rs97327626,TOP,[C/T],38,14,39640300,+
14:40470489_B_F_849328715,14:40470489,TOP,[A/G],38,14,40004933,+
rs825199740_B_F_180030445,rs825199740,BOT,[A/G],38,14,40420002,-
14:41028712_B_F_37748198,14:41028712,BOT,[T/C],38,14,40486090,-
rs810140466_B_F_617365696,rs810140466,TOP,[A/G],38,14,40638471,+
14:41991769_B_F_325023392,14:41991769,TOP,[G/A],38,14,41449147,+
rs547392994_B_F_161306689,rs547392994,TOP,[G/A],38,14,41859335,+
rs496095583_B_F_966056157,rs496095583,TOP,[A/G],38,14,42331861,+
14:42901434_B_F_810346057,14:42901434,BOT,[C/T],38,14,42517315,-
14:44178690_B_F_68062396,14:44178690,BOT,[A/G],38,14,43636068,-
14:44203750_B_F_810528765,14:44203750,BOT,[T/C],38,14,43738194,-
14:45690282_B_F_210858502,14:45690282,BOT,[A/G],38,14,45224726,-
rs183141574_B_F_138674289,rs183141574,BOT,[A/G],38,14,48589269,-
rs792630041_B_F_417569780,rs792630041,TOP,[A/G],38,14,48665931,+
rs499105788_B_F_815258704,rs499105788,TOP,[T/C],38,14,48904199,+
rs38080077_B_F_314826684,rs38080077,TOP,[T/G],38,14,48918112,+
rs888998281_B_F_988349806,rs888998281,TOP,[A/G],38,14,48994841,+
14:50450835_B_F_223069889,14:50450835,TOP,[G/T],38,14,50066716,+
rs2794728_B_F_721702595,rs2794728,TOP,[C/T],38,14,50812390,+
rs706733646_B_F_995137896,rs706733646,TOP,[A/G],38,14,51085408,+
rs506726597_B_F_726431270,rs506726597,TOP,[T/C],38,14,52848729,+
rs512960677_B_F_257800003,rs512960677,TOP,[A/G],38,14,53228647,+
rs32223661_B_F_430547888,rs32223661,BOT,[C/T],38,14,53950804,-
rs192486583_B_F_381369190,rs192486583,TOP,[T/C],38,14,54158614,+
14:55159936_B_F_979607793,14:55159936,TOP,[G/A],38,14,54694380,+
rs530711179_B_F_697512789,rs530711179,TOP,[G/A],38,14,54760772,+
rs803025081_B_F_159683854,rs803025081,TOP,[G/A],38,14,55474713,+
rs421334723_B_F_211306247,rs421334723,TOP,[A/G],38,14,55680978,+
14:56281489_B_F_47333937,14:56281489,BOT,[C/T],38,14,55738867,-
rs13429839_B_F_725355224,rs13429839,BOT,[G/A],38,14,55904456,-
14:56802623_B_F_927959838,14:56802623,TOP,[G/T],38,14,56418504,+
rs630462752_B_F_464812107,rs630462752,TOP,[I/D],38,14,56493581,+
rs382591047_B_F_874713260,rs382591047,TOP,[I/D],38,14,57001927,+
rs768677935_B_F_923503596,rs768677935,TOP,[A/C],38,14,57089929,+
14:58001399_B_F_6358662,14:58001399,BOT,[C/T],38,14,57535843,-
rs379162238_B_F_865187128,rs379162238,BOT,[A/G],38,14,57883419,-
rs857049890_B_F_851474487,rs857049890,TOP,[G/A],38,14,57976843,+
14:58602205_B_F_239409401,14:58602205,BOT,[G/A],38,14,58218086,-
rs842431977_B_F_42705995,rs842431977,TOP,[C/T],38,14,58985814,+
rs693659905_B_F_466756375,rs693659905,TOP,[A/G],38,14,59295680,+
rs159668113_B_F_264622046,rs159668113,TOP,[C/T],38,14,59356591,+
14:61044154_B_F_744183879,14:61044154,TOP,[T/C],38,14,60501532,+
rs105954178_B_F_225467531,rs105954178,BOT,[I/D],38,14,60891872,-
rs509153659_B_F_542839022,rs509153659,TOP,[C/T],38,14,61186142,+
14:61613116_B_F_86056536,14:61613116,BOT,[C/A],38,14,61228997,-
14:62559682_B_F_785365350,14:62559682,TOP,[T/C],38,14,62017060,+
rs160937460_B_F_718286965,rs160937460,TOP,[G/T],38,14,62039911,+
rs825749763_B_F_614893705,rs825749763,BOT,[T/C],38,14,62098490,-
rs243668075_B_F_733980006,rs243668075,TOP,[G/A],38,14,62444150,+
rs6878584_B_F_620518112,rs6878584,TOP,[T/C],38,14,62714924,+
rs485110962_B_F_248133595,rs485110962,TOP,[T/C],38,14,62827670,+
rs373546814_B_F_527887512,rs373546814,TOP,[C/A],38,14,62897570,+
14:64832655_B_F_556196548,14:64832655,TOP,[A/G],38,14,64290033,+
rs486389115_B_F_705526258,rs486389115,TOP,[C/T],38,14,64292701,+
rs385318175_B_F_306382004,rs385318175,TOP,[T/C],38,14,64347593,+
rs862411264_B_F_589028902,rs862411264,TOP,[T/G],38,14,64688117,+
14:65078831_B_F_463843049,14:65078831,BOT,[T/C],38,14,64694712,-
rs163721592_B_F_77565594,rs163721592,BOT,[I/D],38,14,64979639,-
14:65392941_B_F_912890148,14:65392941,TOP,[A/C],38,14,65008822,+
14:65452590_B_F_24863685,14:65452590,TOP,[C/T],38,14,65068471,+
rs557849039_B_F_428000000,rs557849039,BOT,[G/T],38,14,65151937,-
14:66360897_B_F_108865552,14:66360897,BOT,[C/T],38,14,65976778,-
14:66722093_B_F_373042313,14:66722093,BOT,[I/D],38,14,66179471,-
rs611049872_B_F_940147908,rs611049872,BOT,[A/C],38,14,66236138,-
rs73146096_B_F_961665371,rs73146096,BOT,[G/A],38,14,66907339,-
rs707002179_B_F_314429423,rs707002179,TOP,[C/A],38,14,67128627,+
rs625322418_B_F_511524963,rs625322418,TOP,[A/G],38,14,67494462,+
14:68031865_B_F_511379818,14:68031865,TOP,[A/G],38,14,67566309,+
rs304983081_B_F_205230604,rs304983081,BOT,[A/G],38,14,67729919,-
14:69039716_B_F_75297530,14:69039716,TOP,[A/G],38,14,68655597,+
14:69170766_B_F_24105685,14:69170766,BOT,[A/T],38,14,68786647,-
14:69934100_B_F_396969172,14:69934100,TOP,[I/D],38,14,69468544,+
14:70212067_B_F_142407012,14:70212067,BOT,[A/G],38,14,69746511,-
rs260167106_B_F_226630849,rs260167106,BOT,[A/G],38,14,69801077,-
rs362289904_B_F_516546055,rs362289904,TOP,[I/D],38,14,70022963,+
rs203255945_B_F_116013090,rs203255945,TOP,[C/T],38,14,70523045,+
rs395120294_B_F_801916927,rs395120294,BOT,[C/T],38,14,70970387,-
rs221297769_B_F_589369080,rs221297769,TOP,[C/T],38,14,71702413,+
rs677768178_B_F_336186080,rs677768178,TOP,[A/G],38,14,71850967,+
rs445491983_B_F_311987094,rs445491983,BOT,[T/G],38,14,72209792,-
rs859172274_B_F_156263312,rs859172274,TOP,[A/G],38,14,72460775,+
rs331543271_B_F_772766648,rs331543271,TOP,[T/C],38,14,72862347,+
rs411172977_B_F_737789279,rs411172977,BOT,[T/C],38,14,73617339,-
rs545986095_B_F_257285114,rs545986095,BOT,[G/A],38,14,74110110,-
rs260447520_B_F_821318888,rs260447520,BOT,[C/T],38,14,74606954,-
rs647440917_B_F_223428782,rs647440917,TOP,[T/G],38,14,75185810,+
rs412681055_B_F_404199636,rs412681055,TOP,[G/A],38,14,76318266,+
rs312921436_B_F_329395704,rs312921436,TOP,[C/T],38,14,76471540,+
14:77745325_B_F_645158645,14:77745325,TOP,[C/T],38,14,77279769,+
14:78009370_B_F_604387813,14:78009370,TOP,[A/G],38,14,77543814,+
rs811944073_B_F_80457751,rs811944073,BOT,[T/C],38,14,77673986,-
14:78550024_B_F_828228398,14:78550024,TOP,[A/G],38,14,78084468,+
rs442379310_B_F_315468368,rs442379310,BOT,[G/A],38,14,78602801,-
rs474488185_B_F_180235540,rs474488185,TOP,[A/C],38,14,78969889,+
rs643106437_B_F_324560958,rs643106437,BOT,[T/G],38,14,79438282,-
rs567382291_B_F_588947281,rs567382291,BOT,[T/C],38,14,79658423,-
14:80289359_B_F_99501545,14:80289359,TOP,[A/G],38,14,79746737,+
rs733018632_B_F_4966498,rs733018632,BOT,[I/D],38,14,80174714,-
rs181299666_B_F_233423024,rs181299666,BOT,[C/T],38,14,80438163,-
rs877553147_B_F_61774379,rs877553147,BOT,[I/D],38,14,81156591,-
rs582201270_B_F_644231110,rs582201270,TOP,[A/G],38,14,81255893,+
14:83060913_B_F_540140205,14:83060913,BOT,[C/T],38,14,82676794,-
rs560209026_B_F_48074456,rs560209026,BOT,[T/G],38,14,82992197,-
rs574546496_B_F_287956779,rs574546496,BOT,[A/G],38,14,83512740,-
rs223767226_B_F_526778223,rs223767226,TOP,[A/C],38,14,84677310,+
rs205184829_B_F_175082565,rs205184829,TOP,[A/G],38,14,84796670,+
rs151354551_B_F_896629793,rs151354551,BOT,[G/A],38,14,85002493,-
rs727114758_B_F_166687892,rs727114758,TOP,[A/C],38,14,85203932,+
rs388255607_B_F_231574474,rs388255607,BOT,[T/C],38,14,85345046,-
rs237567929_B_F_781550035,rs237567929,BOT,[T/C],38,14,85518560,-
rs699270981_B_F_926584156,rs699270981,BOT,[C/T],38,14,85597704,-
rs376518918_B_F_131842725,rs376518918,BOT,[T/C],38,14,85678254,-
rs56955854_B_F_138324939,rs56955854,TOP,[T/G],38,14,86261310,+
rs274296181_B_F_844490675,rs274296181,TOP,[T/G],38,14,86284715,+
rs665615778_B_F_241330661,rs665615778,TOP,[A/G],38,14,86345923,+
14:87045864_B_F_686724028,14:87045864,TOP,[C/T],38,14,86503242,+
14:87793812_B_F_697891454,14:87793812,BOT,[G/A],38,14,87409693,-
rs9240819_B_F_567888801,rs9240819,BOT,[G/A],38,14,88236018,-
14:88678087_B_F_627693934,14:88678087,TOP,[C/T],38,14,88293968,+
14:90100149_B_F_509930966,14:90100149,BOT,[C/T],38,14,89716030,-
rs754160904_B_F_875101166,rs754160904,TOP,[G/A],38,14,89817704,+
rs485100682_B_F_446963027,rs485100682,TOP,[I/D],38,14,90292547,+
rs744062308_B_F_910133066,rs744062308,BOT,[T/C],38,14,90558499,-
rs219446539_B_F_153538231,rs219446539,TOP,[G/T],38,14,90608381,+
rs167915855_B_F_939246704,rs167915855,TOP,[A/G],38,14,90799566,+
rs120356424_B_F_589234860,rs120356424,TOP,[T/C],38,14,91371146,+
rs677919983_B_F_89021305,rs677919983,TOP,[C/T],38,14,91383185,+
rs759755215_B_F_415261729,rs759755215,BOT,[T/C],38,14,91674678,-
rs54317991_B_F_565976179,rs54317991,BOT,[A/G],38,14,91733214,-
rs180379677_B_F_749791650,rs180379677,BOT,[I/D],38,14,91958057,-
rs706961889_B_F_663760627,rs706961889,BOT,[G/A],38,14,92207366,-
14:92895938_B_F_410305948,14:92895938,TOP,[A/G],38,14,92430382,+
rs599513354_B_F_253661062,rs599513354,BOT,[G/A],38,14,92928556,-
rs147051047_B_F_225210793,rs147051047,TOP,[A/G],38,14,94469770,+
rs500142800_B_F_216669412,rs500142800,TOP,[T/C],38,14,95422960,+
rs322168929_B_F_756807728,rs322168929,BOT,[T/C],38,14,95475586,-
14:95961062_B_F_489294828,14:95961062,TOP,[I/D],38,14,95495506,+
14:96072138_B_F_282231209,14:96072138,TOP,[T/C],38,14,95529516,+
14:96089194_B_F_42172175,14:96089194,BOT,[I/D],38,14,95546572,-
rs283365887_B_F_201535523,rs283365887,BOT,[T/C],38,14,95667439,-
rs28174127_B_F_889115292,rs28174127,TOP,[T/C],38,14,96017816,+
rs874395099_B_F_699814325,rs874395099,TOP,[T/C],38,14,96195234,+
rs738943317_B_F_97129673,rs738943317,BOT,[G/A],38,14,96373585,-
rs494346896_B_F_846866001,rs494346896,BOT,[C/T],38,14,96395554,-
rs338548798_B_F_273216829,rs338548798,TOP,[A/G],38,14,96720501,+
rs270705079_B_F_691461899,rs270705079,BOT,[G/A],38,14,96911656,-
rs689661440_B_F_499187609,rs689661440,BOT,[I/D],38,14,97071034,-
rs222814397_B_F_192046134,rs222814397,TOP,[T/C],38,14,97381034,+
rs323085721_B_F_713948217,rs323085721,TOP,[C/T],38,14,97935693,+
rs133084954_B_F_27640910,rs133084954,BOT,[C/T],38,14,98019522,-
rs43988536_B_F_681618923,rs43988536,TOP,[G/A],38,14,98027742,+
rs601115372_B_F_231847379,rs601115372,TOP,[A/C],38,14,98038730,+
rs535806864_B_F_285598927,rs535806864,TOP,[I/D],38,14,98205431,+
rs367864926_B_F_21837885,rs367864926,BOT,[I/D],38,14,98512910,-
14:100304756_B_F_67953466,14:100304756,TOP,[C/T],38,14,99762134,+
14:100409931_B_F_560094184,14:100409931,TOP,[T/C],38,14,99944375,+
rs328315781_B_F_707460609,rs328315781,BOT,[C/T],38,14,100467134,-
rs573700550_B_F_446895975,rs573700550,TOP,[A/G],38,14,100681937,+
14:101518713_B_F_314891871,14:101518713,BOT,[A/G],38,14,101134594,-
rs443666903_B_F_133622892,rs443666903,TOP,[A/G],38,14,101515689,+
14:102358921_B_F_693068981,14:102358921,TOP,[A/G],38,14,101816299,+
14:102361993_B_F_672744016,14:102361993,TOP,[I/D],38,14,101977874,+
rs688351358_B_F_232578726,rs688351358,BOT,[C/T],38,14,102219846,-
rs280230787_B_F_547563761,rs280230787,TOP,[A/C],38,14,103043862,+
14:103586006_B_F_745392209,14:103586006,BOT,[A/C],38,14,103201887,-
rs871829543_B_F_440398394,rs871829543,BOT,[C/A],38,14,103415416,-
rs565737501_B_F_790070756,rs565737501,TOP,[G/T],38,14,103637144,+
14:104407007_B_F_989782283,14:104407007,TOP,[G/A],38,14,103941451,+
rs387974939_B_F_631340120,rs387974939,TOP,[T/G],38,14,104354120,+
rs575499920_B_F_419168564,rs575499920,TOP,[T/C],38,14,105229246,+
14:107183423_B_F_375050420,14:107183423,BOT,[T/C],38,14,106799304,-
15:20521969_B_F_859099854,15:20521969,TOP,[A/G],38,15,19979347,+
rs11533253_B_F_921145496,rs11533253,BOT,[G/A],38,15,20666219,-
rs701194879_B_F_456451125,rs701194879,TOP,[G/A],38,15,23708723,+
15:24226569_B_F_58577165,15:24226569,TOP,[T/C],38,15,23761013,+
rs656534223_B_F_661122020,rs656534223,TOP,[A/G],38,15,24679693,+
rs801437079_B_F_859734223,rs801437079,TOP,[C/T],38,15,24740731,+
rs867618420_B_F_955597936,rs867618420,BOT,[T/G],38,15,24817220,-
15:25360616_B_F_906636243,15:25360616,TOP,[T/G],38,15,24895060,+
rs101238779_B_F_346796129,rs101238779,BOT,[C/T],38,15,25281109,-
rs281351213_B_F_264539956,rs281351213,TOP,[A/G],38,15,25597885,+
rs784606606_B_F_636762560,rs784606606,TOP,[G/A],38,15,25685868,+
15:26777017_B_F_530395266,15:26777017,TOP,[A/G],38,15,26392898,+
rs391170121_B_F_608607955,rs391170121,BOT,[A/G],38,15,26527683,-
rs691602551_B_F_215620294,rs691602551,BOT,[A/G],38,15,27241367,-
rs875962415_B_F_717332392,rs875962415,BOT,[A/G],38,15,27366750,-
rs60385071_B_F_195027267,rs60385071,TOP,[I/D],38,15,27549576,+
rs748028357_B_F_164348922,rs748028357,TOP,[C/T],38,15,27715176,+
rs505525098_B_F_688045339,rs505525098,TOP,[A/G],38,15,28959779,+
rs103225519_B_F_864064587,rs103225519,BOT,[A/G],38,15,29333513,-
rs346075095_B_F_933654756,rs346075095,BOT,[T/C],38,15,29347868,-
rs472846175_B_F_274346681,rs472846175,BOT,[G/A],38,15,30011572,-
rs535687904_B_F_755694168,rs535687904,BOT,[A/G],38,15,30963235,-
rs772524948_B_F_84830596,rs772524948,BOT,[C/T],38,15,31297767,-
15:31785990_B_F_909390630,15:31785990,BOT,[T/C],38,15,31320434,-
rs173539992_B_F_298913848,rs173539992,TOP,[T/C],38,15,31537504,+
rs828975363_B_F_111049926,rs828975363,TOP,[A/G],38,15,32616100,+
rs245530089_B_F_640377668,rs245530089,BOT,[C/T],38,15,32637423,-
15:33197810_B_F_870414639,15:33197810,TOP,[G/T],38,15,32732254,+
rs132510670_B_F_411452487,rs132510670,TOP,[T/G],38,15,32802396,+
rs620474705_B_F_308807269,rs620474705,TOP,[T/G],38,15,32973755,+
rs534719398_B_F_467135144,rs534719398,TOP,[T/C],38,15,33228948,+
rs741979004_B_F_9059077,rs741979004,TOP,[C/T],38,15,33289865,+
rs710813639_B_F_351321551,rs710813639,TOP,[C/T],38,15,33495430,+
rs66290051_B_F_723448504,rs66290051,BOT,[A/G],38,15,33734057,-
15:34373953_B_F_354408332,15:34373953,TOP,[T/C],38,15,33831331,+
rs259252432_B_F_54484365,rs259252432,TOP,[C/T],38,15,34198249,+
rs36083837_B_F_552326587,rs36083837,BOT,[T/C],38,15,34725684,-
15:35392376_B_F_53653827,15:35392376,BOT,[C/T],38,15,35008257,-
rs486385141_B_F_384876281,rs486385141,BOT,[C/T],38,15,35069962,-
rs862855876_B_F_387758227,rs862855876,BOT,[T/C],38,15,35270381,-
rs183546934_B_F_897304572,rs183546934,TOP,[I/D],38,15,35432083,+
rs893669326_B_F_337398834,rs893669326,TOP,[T/C],38,15,35727599,+
15:36223448_B_F_936026993,15:36223448,TOP,[C/T],38,15,35757892,+
rs332384496_B_F_19181135,rs332384496,TOP,[A/G],38,15,35927184,+
rs131639036_B_F_778210191,rs131639036,TOP,[G/A],38,15,37865161,+
rs391297526_B_F_740867551,rs391297526,BOT,[A/G],38,15,38069697,-
rs720967333_B_F_320880750,rs720967333,TOP,[C/A],38,15,38339208,+
rs444471311_B_F_78796270,rs444471311,TOP,[A/C],38,15,38387844,+
rs455119172_B_F_333483652,rs455119172,BOT,[T/C],38,15,38674921,-
rs359181284_B_F_725312683,rs359181284,TOP,[A/G],38,15,38806148,+
rs166856080_B_F_561133227,rs166856080,TOP,[T/C],38,15,38914308,+
15:39356727_B_F_500877825,15:39356727,TOP,[C/T],38,15,38972608,+
rs864954200_B_F_924759936,rs864954200,TOP,[A/G],38,15,39054236,+
rs295619690_B_F_131614123,rs295619690,BOT,[G/A],38,15,39506408,-
rs508098070_B_F_596117625,rs508098070,BOT,[A/G],38,15,40246019,-
rs333037615_B_F_466630955,rs333037615,TOP,[A/G],38,15,40297629,+
rs832345537_B_F_801420605,rs832345537,TOP,[C/T],38,15,40854682,+
15:42368097_B_F_571466717,15:42368097,TOP,[C/T],38,15,41983978,+
rs467310802_B_F_439190965,rs467310802,TOP,[T/C],38,15,44264485,+
rs865136947_B_F_323537197,rs865136947,TOP,[A/G],38,15,44802426,+
rs242503415_B_F_733703145,rs242503415,TOP,[G/A],38,15,45657940,+
rs494537593_B_F_217182205,rs494537593,BOT,[G/T],38,15,45978364,-
rs182260215_B_F_890227660,rs182260215,BOT,[A/G],38,15,46327368,-
rs578052441_B_F_589415158,rs578052441,BOT,[G/A],38,15,46560832,-
rs550089096_B_F_661418027,rs550089096,BOT,[C/T],38,15,46691427,-
rs762463908_B_F_372126434,rs762463908,TOP,[T/C],38,15,47180067,+
rs239379023_B_F_577879726,rs239379023,TOP,[T/C],38,15,47909616,+
15:48393913_B_F_818401409,15:48393913,BOT,[C/T],38,15,48009794,-
rs691355115_B_F_346743508,rs691355115,BOT,[I/D],38,15,48880120,-
rs469547480_B_F_277371037,rs469547480,BOT,[C/T],38,15,48960176,-
rs111817714_B_F_711013523,rs111817714,BOT,[G/A],38,15,49622743,-
rs584261698_B_F_486709417,rs584261698,TOP,[G/T],38,15,50242317,+
rs188184235_B_F_449996963,rs188184235,TOP,[T/C],38,15,50274071,+
15:50919717_B_F_474362721,15:50919717,BOT,[T/C],38,15,50454161,-
rs645376659_B_F_426885054,rs645376659,TOP,[C/T],38,15,50945978,+
15:52062935_B_F_862294153,15:52062935,BOT,[C/T],38,15,51597379,-
15:52261780_B_F_772650919,15:52261780,TOP,[C/A],38,15,51719158,+
15:52702309_B_F_322823175,15:52702309,BOT,[I/D],38,15,52159687,-
rs7652942_B_F_227390684,rs7652942,BOT,[T/C],38,15,52653130,-
15:53502661_B_F_416278939,15:53502661,TOP,[G/T],38,15,53037105,+
rs582547738_B_F_233445211,rs582547738,TOP,[C/T],38,15,53220296,+
15:53821529_B_F_610825322,15:53821529,BOT,[A/G],38,15,53437410,-
rs6733537_B_F_449633426,rs6733537,BOT,[A/G],38,15,53473836,-
rs32397472_B_F_599692803,rs32397472,TOP,[G/A],38,15,53852395,+
rs105754018_B_F_46091783,rs105754018,BOT,[C/T],38,15,53989225,-
rs862748129_B_F_233684054,rs862748129,TOP,[A/G],38,15,54002900,+
rs272135472_B_F_33599671,rs272135472,TOP,[I/D],38,15,54249552,+
rs786840257_B_F_818607652,rs786840257,BOT,[I/D],38,15,54436265,-
15:54918667_B_F_374870264,15:54918667,BOT,[G/A],38,15,54453111,-
rs697574640_B_F_744804123,rs697574640,TOP,[A/G],38,15,55090507,+
rs85831895_B_F_934032468,rs85831895,BOT,[C/A],38,15,55100985,-
rs612051504_B_F_103669179,rs612051504,TOP,[A/C],38,15,55953268,+
rs115656365_B_F_213850473,rs115656365,TOP,[T/C],38,15,57293477,+
15:57684893_B_F_83786399,15:57684893,BOT,[A/G],38,15,57300774,-
rs557976316_B_F_901507145,rs557976316,TOP,[G/T],38,15,57543705,+
rs755626399_B_F_229845107,rs755626399,TOP,[A/T],38,15,58018278,+
rs242400304_B_F_155941803,rs242400304,TOP,[T/G],38,15,58401821,+
rs593583451_B_F_610028976,rs593583451,BOT,[G/A],38,15,58915548,-
rs558543090_B_F_946117803,rs558543090,BOT,[G/A],38,15,59275435,-
rs584033200_B_F_914094134,rs584033200,TOP,[C/A],38,15,59615387,+
rs383690721_B_F_832689736,rs383690721,TOP,[T/C],38,15,59848810,+
15:60322455_B_F_360159945,15:60322455,BOT,[G/A],38,15,59938336,-
15:60727515_B_F_85690844,15:60727515,TOP,[A/G],38,15,60184893,+
rs674703354_B_F_616048785,rs674703354,BOT,[A/G],38,15,61119958,-
rs461650345_B_F_126515817,rs461650345,BOT,[A/G],38,15,61469519,-
rs14239208_B_F_155564793,rs14239208,BOT,[C/T],38,15,61723018,-
rs636495823_B_F_675608488,rs636495823,TOP,[T/C],38,15,61724906,+
rs152473898_B_F_429023016,rs152473898,TOP,[C/T],38,15,62142957,+
rs526238513_B_F_648793890,rs526238513,TOP,[I/D],38,15,62584030,+
rs588946176_B_F_116319349,rs588946176,TOP,[C/A],38,15,62774607,+
rs48632767_B_F_339590187,rs48632767,TOP,[C/T],38,15,63638038,+
rs32526827_B_F_909125522,rs32526827,TOP,[T/C],38,15,63928355,+
rs212582488_B_F_45483943,rs212582488,TOP,[C/T],38,15,64253825,+
15:64829145_B_F_149722174,15:64829145,TOP,[A/G],38,15,64445026,+
15:65434915_B_F_805267246,15:65434915,TOP,[A/C],38,15,64892293,+
15:65528110_B_F_212234113,15:65528110,BOT,[T/C],38,15,65062554,-
15:65472808_B_F_174557092,15:65472808,BOT,[I/D],38,15,65088689,-
rs893680900_B_F_552044198,rs893680900,TOP,[C/A],38,15,65571579,+
rs588616950_B_F_688666046,rs588616950,TOP,[T/C],38,15,65900957,+
rs462022580_B_F_843315700,rs462022580,BOT,[C/A],38,15,66099480,-
rs529171125_B_F_498940669,rs529171125,TOP,[T/G],38,15,66178841,+
rs279468854_B_F_235385827,rs279468854,BOT,[A/G],38,15,66434031,-
rs498297386_B_F_39293010,rs498297386,BOT,[C/T],38,15,66560735,-
rs332728910_B_F_429152911,rs332728910,TOP,[T/C],38,15,66582532,+
rs626497104_B_F_612606599,rs626497104,BOT,[C/T],38,15,66595385,-
rs148735245_B_F_442980176,rs148735245,TOP,[A/G],38,15,66599485,+
rs191215092_B_F_757882503,rs191215092,TOP,[T/C],38,15,66798144,+
15:67193635_B_F_25438077,15:67193635,BOT,[A/G],38,15,66809516,-
rs865957435_B_F_869732724,rs865957435,BOT,[T/C],38,15,66962317,-
rs541528305_B_F_353520283,rs541528305,TOP,[T/G],38,15,67006311,+
15:68874868_B_F_525118629,15:68874868,BOT,[C/T],38,15,68409312,-
15:69409433_B_F_716080050,15:69409433,TOP,[G/A],38,15,68866811,+
rs624887940_B_F_790768459,rs624887940,TOP,[T/C],38,15,69790920,+
rs883870454_B_F_715313098,rs883870454,TOP,[T/C],38,15,70131231,+
rs446600566_B_F_551592017,rs446600566,BOT,[A/G],38,15,70157755,-
rs171033394_B_F_854970681,rs171033394,TOP,[A/G],38,15,70165381,+
15:70874565_B_F_771461077,15:70874565,BOT,[T/C],38,15,70409009,-
rs683200826_B_F_621848540,rs683200826,BOT,[T/C],38,15,71732029,-
rs633895528_B_F_146954277,rs633895528,TOP,[I/D],38,15,72317473,+
rs495151360_B_F_617976305,rs495151360,TOP,[A/G],38,15,72685861,+
rs627313622_B_F_679221847,rs627313622,BOT,[T/G],38,15,72882923,-
rs70090417_B_F_170708706,rs70090417,TOP,[A/G],38,15,73140675,+
15:74290591_B_F_666839220,15:74290591,TOP,[G/T],38,15,73906472,+
rs256541252_B_F_280233443,rs256541252,TOP,[T/C],38,15,74427657,+
15:75871416_B_F_346481262,15:75871416,TOP,[T/C],38,15,75405860,+
rs271278552_B_F_428527401,rs271278552,TOP,[T/C],38,15,75842544,+
rs324995051_B_F_756059800,rs324995051,TOP,[A/G],38,15,76115749,+
rs211524272_B_F_263326975,rs211524272,TOP,[A/C],38,15,77016583,+
15:77487557_B_F_647659916,15:77487557,BOT,[T/C],38,15,77022001,-
rs261528593_B_F_42404700,rs261528593,TOP,[T/G],38,15,78003220,+
rs444366045_B_F_613112396,rs444366045,TOP,[C/A],38,15,78111973,+
15:78618333_B_F_269770067,15:78618333,TOP,[T/C],38,15,78234214,+
rs768469380_B_F_713844013,rs768469380,TOP,[C/T],38,15,78633072,+
15:79316504_B_F_165510228,15:79316504,BOT,[I/D],38,15,78932385,-
rs588698219_B_F_67822052,rs588698219,TOP,[G/A],38,15,80007290,+
rs113348956_B_F_332170542,rs113348956,BOT,[C/A],38,15,80151611,-
rs342891454_B_F_173137807,rs342891454,TOP,[C/T],38,15,80253314,+
rs60675050_B_F_860187958,rs60675050,TOP,[G/A],38,15,80266605,+
rs612216692_B_F_196043314,rs612216692,TOP,[G/A],38,15,80362940,+
rs784740128_B_F_562634754,rs784740128,TOP,[A/C],38,15,80868789,+
rs463239501_B_F_966194835,rs463239501,TOP,[A/C],38,15,81411287,+
rs266831997_B_F_891866402,rs266831997,BOT,[G/A],38,15,81481706,-
rs555825816_B_F_615185203,rs555825816,TOP,[T/C],38,15,81897857,+
rs27378461_B_F_940750292,rs27378461,TOP,[T/C],38,15,81927045,+
rs479824367_B_F_921385409,rs479824367,TOP,[C/T],38,15,82135884,+
rs849136164_B_F_940138331,rs849136164,TOP,[G/A],38,15,82231064,+
rs248690009_B_F_219529298,rs248690009,BOT,[G/A],38,15,82921465,-
15:83551385_B_F_37487775,15:83551385,TOP,[T/G],38,15,83008763,+
rs335030096_B_F_525773249,rs335030096,TOP,[T/C],38,15,83536927,+
rs494334803_B_F_736452150,rs494334803,TOP,[C/T],38,15,84824820,+
rs77386646_B_F_15008877,rs77386646,TOP,[A/G],38,15,85071693,+
rs626102733_B_F_902840112,rs626102733,TOP,[G/A],38,15,85581385,+
15:86359359_B_F_163108468,15:86359359,TOP,[T/C],38,15,85893803,+
rs220373413_B_F_331779013,rs220373413,BOT,[G/T],38,15,86202518,-
15:88175078_B_F_593076498,15:88175078,BOT,[T/C],38,15,87632456,-
rs87051462_B_F_820001924,rs87051462,BOT,[C/T],38,15,87818391,-
rs516845504_B_F_504441920,rs516845504,TOP,[A/G],38,15,88083628,+
rs295481203_B_F_217261774,rs295481203,BOT,[C/A],38,15,89320697,-
15:89761380_B_F_240283735,15:89761380,TOP,[T/C],38,15,89377261,+
rs644089930_B_F_318239468,rs644089930,TOP,[G/A],38,15,89852047,+
15:90727659_B_F_263830670,15:90727659,BOT,[C/A],38,15,90343540,-
15:91259534_B_F_34161681,15:91259534,TOP,[A/G],38,15,90793978,+
rs402616292_B_F_685025247,rs402616292,TOP,[G/A],38,15,92000994,+
rs134407251_B_F_341801793,rs134407251,BOT,[T/C],38,15,92317027,-
rs551906873_B_F_122373396,rs551906873,TOP,[A/G],38,15,92441776,+
rs734353523_B_F_924768187,rs734353523,TOP,[A/C],38,15,92531660,+
rs879150137_B_F_691121630,rs879150137,TOP,[T/C],38,15,92610025,+
rs528080740_B_F_705399710,rs528080740,BOT,[A/G],38,15,92753593,-
rs68194647_B_F_964721934,rs68194647,BOT,[C/T],38,15,92878503,-
15:93808043_B_F_790398183,15:93808043,BOT,[T/C],38,15,93265421,-
15:93900253_B_F_447316526,15:93900253,TOP,[T/G],38,15,93357631,+
rs238950137_B_F_691729362,rs238950137,TOP,[A/G],38,15,93423650,+
15:94083832_B_F_133090343,15:94083832,TOP,[C/T],38,15,93541210,+
15:94171586_B_F_545566574,15:94171586,BOT,[I/D],38,15,93706030,-
rs558944127_B_F_486966204,rs558944127,TOP,[A/G],38,15,93791810,+
rs312403059_B_F_151747606,rs312403059,TOP,[T/G],38,15,94308825,+
rs396647209_B_F_685177785,rs396647209,BOT,[G/A],38,15,94378562,-
rs314429653_B_F_504933341,rs314429653,BOT,[G/A],38,15,94624249,-
rs707251255_B_F_593182863,rs707251255,TOP,[C/T],38,15,94637057,+
rs194062978_B_F_32129844,rs194062978,TOP,[T/C],38,15,95447956,+
rs746830967_B_F_443134648,rs746830967,BOT,[I/D],38,15,95464575,-
15:95980308_B_F_338329222,15:95980308,BOT,[T/C],38,15,95514752,-
rs626890398_B_F_561050669,rs626890398,TOP,[I/D],38,15,95640718,+
15:96030192_B_F_668452481,15:96030192,TOP,[T/C],38,15,95646073,+
15:97075400_B_F_421988196,15:97075400,BOT,[A/G],38,15,96532778,-
rs89160159_B_F_824484513,rs89160159,TOP,[C/T],38,15,96556861,+
15:97218010_B_F_771166665,15:97218010,BOT,[G/A],38,15,96752454,-
15:97176563_B_F_686631295,15:97176563,BOT,[T/G],38,15,96792444,-
15:97448533_B_F_741781002,15:97448533,TOP,[A/G],38,15,96982977,+
rs554443854_B_F_309233244,rs554443854,TOP,[G/A],38,15,98129193,+
15:98688869_B_F_468816470,15:98688869,BOT,[A/G],38,15,98304750,-
rs234608799_B_F_298730269,rs234608799,BOT,[A/G],38,15,98575382,-
rs355633797_B_F_142784568,rs355633797,BOT,[G/A],38,15,99149846,-
rs209325305_B_F_869951376,rs209325305,TOP,[C/T],38,15,99618239,+
rs624944404_B_F_201732868,rs624944404,BOT,[G/T],38,15,99827641,-
rs73494155_B_F_490470252,rs73494155,TOP,[A/G],38,15,99890255,+
15:100368822_B_F_611178189,15:100368822,BOT,[A/G],38,15,99903266,-
rs783147226_B_F_391542610,rs783147226,TOP,[T/C],38,15,100708612,+
rs624212235_B_F_644203805,rs624212235,TOP,[T/C],38,15,100844381,+
15:101349157_B_F_380178550,15:101349157,BOT,[A/G],38,15,100883601,-
rs65044550_B_F_542818189,rs65044550,TOP,[G/A],38,15,100975063,+
rs757824154_B_F_867292586,rs757824154,TOP,[C/T],38,15,101102096,+
rs667493654_B_F_318613362,rs667493654,BOT,[A/G],38,15,101162839,-
rs26220918_B_F_531753007,rs26220918,BOT,[C/A],38,15,101175315,-
rs532096974_B_F_943784284,rs532096974,TOP,[A/G],38,15,101331813,+
15:101895229_B_F_272825902,15:101895229,TOP,[G/A],38,15,101429673,+
rs516269094_B_F_125514019,rs516269094,TOP,[C/T],38,15,101488263,+
15:102001563_B_F_790105088,15:102001563,TOP,[I/D],38,15,101536007,+
rs269450569_B_F_11120659,rs269450569,BOT,[T/C],38,15,101819000,-
rs353809253_B_F_868937060,rs353809253,TOP,[T/C],38,16,65043,+
rs803208723_B_F_949400942,rs803208723,TOP,[C/G],38,16,218956,+
rs328540110_B_F_126295024,rs328540110,TOP,[C/T],38,16,313384,+
rs838947127_B_F_331166991,rs838947127,TOP,[I/D],38,16,546233,+
rs423525331_B_F_232553926,rs423525331,TOP,[G/A],38,16,636398,+
rs849916663_B_F_421717915,rs849916663,TOP,[G/A],38,16,795819,+
rs652947960_B_F_342334079,rs652947960,TOP,[C/T],38,16,890706,+
rs136793839_B_F_978759491,rs136793839,BOT,[C/T],38,16,1876641,-
16:2489698_B_F_328105537,16:2489698,BOT,[T/C],38,16,1947076,-
rs529432431_B_F_351688383,rs529432431,TOP,[I/D],38,16,2073197,+
rs627639914_B_F_779087306,rs627639914,TOP,[C/T],38,16,2949297,+
rs449159323_B_F_835557057,rs449159323,TOP,[T/C],38,16,2960465,+
rs623368427_B_F_699525816,rs623368427,BOT,[I/D],38,16,4226055,-
rs597179536_B_F_75753257,rs597179536,BOT,[G/A],38,16,4249974,-
rs779533456_B_F_323114165,rs779533456,BOT,[A/G],38,16,5144457,-
rs497818563_B_F_487899083,rs497818563,BOT,[I/D],38,16,5272924,-
16:6125452_B_F_257484397,16:6125452,TOP,[G/A],38,16,5741333,+
rs422119379_B_F_392758551,rs422119379,TOP,[G/A],38,16,5911635,+
rs202035689_B_F_224246811,rs202035689,BOT,[G/A],38,16,5975677,-
rs292011338_B_F_546221389,rs292011338,TOP,[A/C],38,16,6369821,+
rs733418362_B_F_329280273,rs733418362,TOP,[I/D],38,16,6679021,+
rs815892615_B_F_621529427,rs815892615,TOP,[T/C],38,16,7210431,+
rs533249082_B_F_291877582,rs533249082,TOP,[A/G],38,16,7373469,+
rs92622392_B_F_822814237,rs92622392,TOP,[I/D],38,16,7858022,+
rs467642167_B_F_562327611,rs467642167,BOT,[C/A],38,16,8388414,-
16:9089782_B_F_23804409,16:9089782,TOP,[T/C],38,16,8547160,+
16:9118702_B_F_535684904,16:9118702,BOT,[C/T],38,16,8576080,-
rs722438385_B_F_501111263,rs722438385,BOT,[C/T],38,16,8808554,-
rs205520583_B_F_700997461,rs205520583,BOT,[A/C],38,16,8991779,-
rs768578629_B_F_637100012,rs768578629,BOT,[A/G],38,16,9009074,-
rs88463454_B_F_78657028,rs88463454,TOP,[G/A],38,16,9068165,+
rs513579760_B_F_787338993,rs513579760,TOP,[A/G],38,16,9152720,+
rs609660134_B_F_698376108,rs609660134,BOT,[A/C],38,16,9383320,-
rs6908550_B_F_436716149,rs6908550,TOP,[A/G],38,16,9716066,+
rs165539183_B_F_862989456,rs165539183,BOT,[T/C],38,16,9719343,-
rs559662984_B_F_592713365,rs559662984,BOT,[C/A],38,16,10135061,-
rs653707704_B_F_294417319,rs653707704,TOP,[G/A],38,16,10142135,+
rs337008212_B_F_404284567,rs337008212,TOP,[T/C],38,16,10242512,+
16:10743591_B_F_366014539,16:10743591,TOP,[A/C],38,16,10278035,+
rs623964529_B_F_504860307,rs623964529,TOP,[A/G],38,16,10613015,+
rs335629733_B_F_474315500,rs335629733,BOT,[A/G],38,16,10762728,-
rs838936130_B_F_403281627,rs838936130,TOP,[T/C],38,16,10843347,+
rs721077554_B_F_533839003,rs721077554,TOP,[T/C],38,16,11203705,+
16:11726252_B_F_785474163,16:11726252,TOP,[C/T],38,16,11342133,+
rs823573034_B_F_786997700,rs823573034,TOP,[C/T],38,16,11403019,+
rs459364047_B_F_73249006,rs459364047,TOP,[I/D],38,16,11622086,+
rs619044926_B_F_204795477,rs619044926,BOT,[I/D],38,16,11757841,-
rs307310514_B_F_692615064,rs307310514,TOP,[A/G],38,16,11830384,+
rs783074692_B_F_58311999,rs783074692,TOP,[C/T],38,16,12080262,+
rs835778995_B_F_793144593,rs835778995,TOP,[T/C],38,16,12264002,+
16:13001874_B_F_958385147,16:13001874,TOP,[T/C],38,16,12459252,+
16:13113543_B_F_264080961,16:13113543,TOP,[G/A],38,16,12570921,+
rs853723038_B_F_209734590,rs853723038,TOP,[A/G],38,16,12738533,+
rs151912592_B_F_372349887,rs151912592,BOT,[T/G],38,16,13123937,-
rs321700772_B_F_872123401,rs321700772,TOP,[G/T],38,16,13478714,+
rs414564061_B_F_834112898,rs414564061,BOT,[G/A],38,16,13587639,-
16:14913186_B_F_789245926,16:14913186,BOT,[G/T],38,16,14370564,-
rs517909429_B_F_804641794,rs517909429,TOP,[C/T],38,16,15634417,+
rs686595441_B_F_744015166,rs686595441,TOP,[C/T],38,16,15773707,+
rs26405289_B_F_305145135,rs26405289,TOP,[T/C],38,16,16074751,+
16:16569125_B_F_870085021,16:16569125,TOP,[T/G],38,16,16185006,+
16:17496513_B_F_917148929,16:17496513,BOT,[A/G],38,16,17112394,-
rs326307388_B_F_604891020,rs326307388,TOP,[T/G],38,16,17161645,+
16:17835134_B_F_515388972,16:17835134,TOP,[T/C],38,16,17292512,+
rs789876277_B_F_89057196,rs789876277,TOP,[A/C],38,16,17665417,+
rs304680890_B_F_108637830,rs304680890,TOP,[T/C],38,16,17887467,+
rs769980444_B_F_532860278,rs769980444,BOT,[T/C],38,16,18935859,-
rs305092385_B_F_880063347,rs305092385,TOP,[G/A],38,16,19354822,+
rs585901117_B_F_706515473,rs585901117,BOT,[C/A],38,16,19381921,-
rs138069553_B_F_195652287,rs138069553,TOP,[G/A],38,16,19659133,+
rs345019781_B_F_477054760,rs345019781,TOP,[T/C],38,16,19732225,+
rs724845945_B_F_993302026,rs724845945,BOT,[T/C],38,16,19827758,-
rs248240130_B_F_830043162,rs248240130,BOT,[A/G],38,16,19889977,-
16:20616974_B_F_378806623,16:20616974,TOP,[A/G],38,16,20232855,+
rs420584022_B_F_995656069,rs420584022,BOT,[G/A],38,16,22027245,-
rs833038813_B_F_999813707,rs833038813,TOP,[A/G],38,16,22260706,+
16:23298261_B_F_79961203,16:23298261,BOT,[G/A],38,16,22755639,-
rs846278492_B_F_789784225,rs846278492,TOP,[A/G],38,16,22824928,+
16:23462239_B_F_409083160,16:23462239,TOP,[A/G],38,16,22919617,+
rs897625099_B_F_669604884,rs897625099,TOP,[A/G],38,16,22994672,+
rs252141930_B_F_830456495,rs252141930,BOT,[A/G],38,16,23797267,-
16:24536215_B_F_916460242,16:24536215,BOT,[T/C],38,16,23993593,-
16:25211550_B_F_130751845,16:25211550,TOP,[G/A],38,16,24668928,+
rs517265520_B_F_445477717,rs517265520,TOP,[T/C],38,16,24906727,+
16:26084156_B_F_504445612,16:26084156,TOP,[C/A],38,16,25700037,+
rs719731038_B_F_353007742,rs719731038,BOT,[I/D],38,16,25968405,-
rs482925259_B_F_61250390,rs482925259,TOP,[T/G],38,16,26135341,+
rs483888672_B_F_947352712,rs483888672,TOP,[T/C],38,16,26147246,+
rs53416997_B_F_348006312,rs53416997,BOT,[C/T],38,16,27015828,-
rs336596825_B_F_192566681,rs336596825,BOT,[G/A],38,16,27020074,-
16:27776330_B_F_780968503,16:27776330,TOP,[T/C],38,16,27310774,+
rs736802070_B_F_347831117,rs736802070,TOP,[A/G],38,16,27325106,+
rs354177337_B_F_230972500,rs354177337,TOP,[T/C],38,16,27356013,+
16:27843646_B_F_482021596,16:27843646,BOT,[T/C],38,16,27378090,-
rs254753287_B_F_276569319,rs254753287,BOT,[C/A],38,16,28589854,-
rs745816570_B_F_405050473,rs745816570,TOP,[T/C],38,16,29193017,+
16:30028891_B_F_634148250,16:30028891,BOT,[T/G],38,16,29644772,-
rs341446008_B_F_418803460,rs341446008,TOP,[A/G],38,16,29822393,+
16:31541167_B_F_756973837,16:31541167,BOT,[G/A],38,16,30998545,-
rs63091168_B_F_600169896,rs63091168,TOP,[C/T],38,16,31255258,+
rs87321614_B_F_218276810,rs87321614,BOT,[C/T],38,16,31439549,-
rs780992363_B_F_897424772,rs780992363,TOP,[T/C],38,16,35187182,+
rs619756421_B_F_125839366,rs619756421,TOP,[C/A],38,16,35760765,+
rs170800177_B_F_273826384,rs170800177,BOT,[I/D],38,16,35826301,-
16:48639492_B_F_614766588,16:48639492,BOT,[A/G],38,16,48096870,-
rs314881827_B_F_256856261,rs314881827,TOP,[T/C],38,16,48738726,+
rs114765591_B_F_318869067,rs114765591,TOP,[G/A],38,16,49049019,+
rs78640434_B_F_206626658,rs78640434,TOP,[T/C],38,16,50822931,+
16:51524315_B_F_757045211,16:51524315,BOT,[C/T],38,16,51058759,-
rs560294664_B_F_653851362,rs560294664,BOT,[T/C],38,16,51247146,-
rs540484526_B_F_66062960,rs540484526,BOT,[C/T],38,16,51566061,-
rs506899310_B_F_741090640,rs506899310,TOP,[C/T],38,16,51586314,+
rs416198895_B_F_923101313,rs416198895,TOP,[G/A],38,16,51638989,+
16:52774364_B_F_117787292,16:52774364,TOP,[C/A],38,16,52390245,+
rs400618614_B_F_720550050,rs400618614,TOP,[C/A],38,16,52402297,+
16:53037309_B_F_467413041,16:53037309,TOP,[T/G],38,16,52494687,+
rs700191376_B_F_110153078,rs700191376,TOP,[T/C],38,16,52563932,+
rs170017962_B_F_759482760,rs170017962,BOT,[I/D],38,16,52569116,-
rs652905105_B_F_615509236,rs652905105,BOT,[T/C],38,16,53089849,-
rs170747982_B_F_602218258,rs170747982,BOT,[I/D],38,16,53544801,-
rs656950771_B_F_749104675,rs656950771,TOP,[A/G],38,16,53559959,+
rs769389316_B_F_801220269,rs769389316,BOT,[G/A],38,16,53785257,-
rs511680946_B_F_262728436,rs511680946,BOT,[T/G],38,16,53811575,-
rs631271267_B_F_932896413,rs631271267,BOT,[A/C],38,16,53839191,-
rs204248681_B_F_704971289,rs204248681,TOP,[T/C],38,16,53970317,+
rs512419502_B_F_927662334,rs512419502,BOT,[A/G],38,16,54168460,-
16:54904716_B_F_271347275,16:54904716,TOP,[I/D],38,16,54439160,+
16:54888351_B_F_8776626,16:54888351,TOP,[T/G],38,16,54504232,+
rs876677481_B_F_924854938,rs876677481,TOP,[T/C],38,16,54546055,+
rs52521038_B_F_617159770,rs52521038,TOP,[G/A],38,16,54802292,+
rs251162989_B_F_426242868,rs251162989,TOP,[G/A],38,16,55426745,+
rs802367532_B_F_448418443,rs802367532,TOP,[C/T],38,16,55426817,+
rs114516146_B_F_993039432,rs114516146,TOP,[I/D],38,16,55489793,+
16:56006562_B_F_803595560,16:56006562,BOT,[T/C],38,16,55622443,-
rs544809298_B_F_790727330,rs544809298,BOT,[G/A],38,16,55670130,-
16:56069025_B_F_734082673,16:56069025,TOP,[C/G],38,16,55684906,+
rs487583796_B_F_525051190,rs487583796,TOP,[T/C],38,16,55886747,+
rs735640445_B_F_718367981,rs735640445,TOP,[A/G],38,16,56956891,+
rs43822219_B_F_613654819,rs43822219,BOT,[T/C],38,16,56982180,-
rs530396866_B_F_28065511,rs530396866,BOT,[G/A],38,16,57487362,-
rs883223893_B_F_20679379,rs883223893,TOP,[T/G],38,16,57632444,+
16:58232788_B_F_616336835,16:58232788,TOP,[T/C],38,16,57690166,+
rs200395315_B_F_841760396,rs200395315,BOT,[A/G],38,16,57825500,-
16:58509804_B_F_96747088,16:58509804,TOP,[T/C],38,16,57967182,+
rs377703203_B_F_886148998,rs377703203,TOP,[T/G],38,16,58346844,+
rs228038793_B_F_275874585,rs228038793,TOP,[C/T],38,16,58496805,+
rs311870761_B_F_932270095,rs311870761,TOP,[G/T],38,16,58905971,+
16:59763204_B_F_927275888,16:59763204,TOP,[T/C],38,16,59379085,+
rs453966050_B_F_667157600,rs453966050,TOP,[A/C],38,16,59496722,+
rs771503346_B_F_180253043,rs771503346,TOP,[A/G],38,16,59856794,+
rs517966215_B_F_706409422,rs517966215,BOT,[A/C],38,16,60280752,-
16:61471532_B_F_645594651,16:61471532,TOP,[T/C],38,16,60928910,+
rs599395505_B_F_626272640,rs599395505,TOP,[C/T],38,16,62597387,+
rs536720551_B_F_905502800,rs536720551,BOT,[G/T],38,16,62763017,-
rs254742114_B_F_956992284,rs254742114,TOP,[A/G],38,16,63640831,+
16:64186610_B_F_469750986,16:64186610,TOP,[I/D],38,16,63721054,+
rs664041291_B_F_637647366,rs664041291,TOP,[A/G],38,16,64075928,+
rs151655628_B_F_949755086,rs151655628,BOT,[C/T],38,16,64216405,-
16:64873416_B_F_687940228,16:64873416,BOT,[C/T],38,16,64489297,-
16:66151973_B_F_588574786,16:66151973,TOP,[G/A],38,16,65767854,+
rs102476326_B_F_860349593,rs102476326,TOP,[T/C],38,16,65996014,+
16:66794226_B_F_93288987,16:66794226,TOP,[A/C],38,16,66251604,+
rs509368180_B_F_105683708,rs509368180,BOT,[T/C],38,16,68823097,-
rs231641661_B_F_608662670,rs231641661,TOP,[T/C],38,16,69324120,+
rs557995217_B_F_44009567,rs557995217,BOT,[T/C],38,16,69325817,-
16:69796535_B_F_131140433,16:69796535,TOP,[G/A],38,16,69412416,+
16:70315237_B_F_2658237,16:70315237,TOP,[T/C],38,16,69931118,+
16:70857866_B_F_106176469,16:70857866,TOP,[T/C],38,16,70392310,+
16:71056136_B_F_428086967,16:71056136,TOP,[G/A],38,16,70590580,+
rs536781146_B_F_504061217,rs536781146,BOT,[G/A],38,16,71098013,-
rs375915772_B_F_362338393,rs375915772,BOT,[T/C],38,16,71313046,-
rs610040044_B_F_784160879,rs610040044,BOT,[A/G],38,16,71475876,-
rs217784031_B_F_672763064,rs217784031,TOP,[A/G],38,16,71895574,+
rs601629609_B_F_608978189,rs601629609,TOP,[C/T],38,16,72215011,+
rs853534536_B_F_697026303,rs853534536,BOT,[G/A],38,16,72859266,-
rs825374662_B_F_32505121,rs825374662,BOT,[G/A],38,16,72876080,-
16:73309018_B_F_335278649,16:73309018,TOP,[T/C],38,16,72924899,+
16:73505465_B_F_419995302,16:73505465,TOP,[A/G],38,16,73039909,+
16:73448065_B_F_172898877,16:73448065,TOP,[T/C],38,16,73063946,+
rs555469101_B_F_287996458,rs555469101,BOT,[I/D],38,16,73316020,-
rs689934842_B_F_297292027,rs689934842,TOP,[C/T],38,16,73411351,+
rs550753315_B_F_632517435,rs550753315,TOP,[I/D],38,16,73570380,+
rs362645133_B_F_526419086,rs362645133,TOP,[G/A],38,16,73860416,+
rs845193878_B_F_417119960,rs845193878,BOT,[C/T],38,16,74042353,-
16:74426666_B_F_291701095,16:74426666,BOT,[G/T],38,16,74042547,-
rs175866064_B_F_987441218,rs175866064,BOT,[G/A],38,16,74316801,-
16:75532981_B_F_763486085,16:75532981,BOT,[C/T],38,16,75148862,-
rs359469429_B_F_91804781,rs359469429,TOP,[G/A],38,16,75465459,+
16:76626923_B_F_175768615,16:76626923,TOP,[A/C],38,16,76161367,+
rs838719097_B_F_954715676,rs838719097,TOP,[G/A],38,16,76547487,+
rs440308518_B_F_381386371,rs440308518,BOT,[C/T],38,16,76776373,-
rs57831025_B_F_945351980,rs57831025,TOP,[C/T],38,16,77011418,+
rs693792637_B_F_141876139,rs693792637,TOP,[C/A],38,16,77701132,+
rs519154344_B_F_125186317,rs519154344,BOT,[A/G],38,16,77854369,-
rs621212858_B_F_128173120,rs621212858,BOT,[T/C],38,16,77926813,-
rs675069918_B_F_87116942,rs675069918,TOP,[T/C],38,16,78237169,+
rs553695804_B_F_452633101,rs553695804,BOT,[G/A],38,16,78390934,-
rs230934418_B_F_289036162,rs230934418,TOP,[A/G],38,16,78774615,+
rs189909350_B_F_534752960,rs189909350,BOT,[T/C],38,16,78798104,-
rs820906862_B_F_477198293,rs820906862,TOP,[A/C],38,16,78818770,+
rs814675510_B_F_181007664,rs814675510,TOP,[G/A],38,16,78963159,+
rs844401716_B_F_538533261,rs844401716,BOT,[I/D],38,16,79001510,-
rs152668071_B_F_903252397,rs152668071,TOP,[A/G],38,16,79049342,+
rs700642549_B_F_355111753,rs700642549,TOP,[I/D],38,16,79180217,+
rs533091796_B_F_669583080,rs533091796,BOT,[C/T],38,16,79189239,-
rs201395779_B_F_691256857,rs201395779,BOT,[A/G],38,16,79335616,-
16:80082476_B_F_563734495,16:80082476,TOP,[T/C],38,16,79539854,+
rs590278377_B_F_670352985,rs590278377,TOP,[T/C],38,16,79586845,+
rs551097707_B_F_827572,rs551097707,BOT,[A/G],38,16,79753045,-
rs395789385_B_F_118486503,rs395789385,TOP,[G/A],38,16,79823937,+
rs743276028_B_F_83073776,rs743276028,BOT,[T/C],38,16,80189812,-
rs36561100_B_F_918017288,rs36561100,TOP,[C/T],38,16,80624462,+
rs528378062_B_F_112130068,rs528378062,TOP,[T/C],38,16,81370217,+
rs655507757_B_F_572946507,rs655507757,TOP,[C/T],38,16,81529514,+
rs411086791_B_F_435318976,rs411086791,BOT,[I/D],38,16,82409034,-
rs573160498_B_F_213435187,rs573160498,BOT,[T/C],38,16,82501432,-
rs267644944_B_F_772982279,rs267644944,BOT,[T/C],38,16,82712172,-
rs336924873_B_F_838435979,rs336924873,BOT,[G/A],38,16,82840907,-
rs674053317_B_F_348637066,rs674053317,TOP,[T/G],38,16,83119198,+
rs786108880_B_F_695557736,rs786108880,BOT,[T/C],38,16,83191146,-
rs112403958_B_F_775591512,rs112403958,TOP,[T/C],38,16,83231087,+
rs826274980_B_F_280642429,rs826274980,TOP,[T/C],38,16,83273737,+
rs391867808_B_F_491142669,rs391867808,BOT,[T/C],38,16,83290746,-
rs732708498_B_F_725234824,rs732708498,TOP,[G/T],38,16,83307231,+
16:83793584_B_F_51994422,16:83793584,TOP,[T/C],38,16,83409465,+
rs135972355_B_F_554613241,rs135972355,BOT,[C/T],38,16,83643686,-
rs849361357_B_F_838308304,rs849361357,TOP,[G/A],38,16,83733769,+
rs151274599_B_F_802932230,rs151274599,TOP,[I/D],38,16,83753541,+
rs354375743_B_F_870126281,rs354375743,TOP,[A/G],38,16,83775151,+
rs412484786_B_F_63378419,rs412484786,TOP,[A/G],38,16,83992585,+
rs138820026_B_F_178454207,rs138820026,TOP,[C/T],38,16,84131431,+
rs281976632_B_F_766575207,rs281976632,TOP,[A/G],38,16,84236870,+
rs160484548_B_F_295814104,rs160484548,BOT,[G/A],38,16,84280967,-
rs184086707_B_F_993984784,rs184086707,TOP,[C/T],38,16,84342009,+
rs63301242_B_F_646179299,rs63301242,TOP,[C/T],38,16,84357741,+
rs458227967_B_F_85141984,rs458227967,BOT,[C/A],38,16,84428306,-
rs332536174_B_F_695857758,rs332536174,BOT,[A/G],38,16,84586380,-
rs872699061_B_F_665002299,rs872699061,TOP,[C/T],38,16,84616835,+
rs816783600_B_F_163340584,rs816783600,TOP,[C/T],38,16,84695348,+
16:85552460_B_F_939434725,16:85552460,TOP,[G/A],38,16,85086904,+
rs191354397_B_F_754479479,rs191354397,BOT,[I/D],38,16,85521084,-
rs340548638_B_F_962630548,rs340548638,BOT,[C/T],38,16,86210911,-
rs325882995_B_F_120983127,rs325882995,TOP,[A/G],38,16,86300189,+
rs642747085_B_F_54236615,rs642747085,TOP,[T/C],38,16,86653074,+
rs217668371_B_F_156263871,rs217668371,BOT,[T/G],38,16,86693320,-
16:87348010_B_F_962970617,16:87348010,BOT,[G/A],38,16,86963891,-
rs362362868_B_F_125916480,rs362362868,TOP,[A/G],38,16,87126193,+
16:87632912_B_F_514116147,16:87632912,TOP,[A/G],38,16,87167356,+
rs425339929_B_F_743359835,rs425339929,TOP,[C/T],38,16,87610536,+
rs564846903_B_F_366194641,rs564846903,TOP,[T/G],38,16,87845916,+
16:88487203_B_F_621031865,16:88487203,TOP,[G/A],38,16,88103084,+
rs572738368_B_F_475791857,rs572738368,BOT,[T/C],38,16,88694874,-
rs507797092_B_F_729019251,rs507797092,BOT,[T/C],38,16,88721652,-
rs494751553_B_F_888791262,rs494751553,BOT,[I/D],38,16,88928463,-
rs120501717_B_F_445634294,rs120501717,BOT,[I/D],38,16,89254830,-
rs417767326_B_F_105577575,rs417767326,TOP,[G/A],38,16,89264719,+
rs574633306_B_F_731381224,rs574633306,TOP,[G/A],38,16,89958492,+
rs350235456_B_F_533802672,rs350235456,BOT,[I/D],38,17,409457,-
rs452339795_B_F_654537291,rs452339795,TOP,[A/G],38,17,745797,+
rs354503222_B_F_412581168,rs354503222,BOT,[T/C],38,17,816212,-
rs281756581_B_F_383745172,rs281756581,TOP,[A/G],38,17,878708,+
rs890083969_B_F_492845557,rs890083969,BOT,[A/C],38,17,937565,-
rs467516656_B_F_854643223,rs467516656,TOP,[G/T],38,17,1137749,+
rs65631207_B_F_586361823,rs65631207,TOP,[C/T],38,17,1221371,+
rs739985931_B_F_611902932,rs739985931,BOT,[A/G],38,17,1303846,-
rs849893402_B_F_881994206,rs849893402,TOP,[G/T],38,17,1374741,+
17:2014760_B_F_752698463,17:2014760,BOT,[G/A],38,17,1549204,-
rs359013187_B_F_774093172,rs359013187,TOP,[T/C],38,17,1959474,+
17:2461062_B_F_849181558,17:2461062,TOP,[A/C],38,17,1995506,+
17:3234619_B_F_184890971,17:3234619,TOP,[T/C],38,17,2691997,+
17:3193006_B_F_509670866,17:3193006,TOP,[G/T],38,17,2727450,+
rs551503672_B_F_521550075,rs551503672,TOP,[A/G],38,17,2759845,+
17:3659118_B_F_227429660,17:3659118,BOT,[C/T],38,17,3116496,-
rs288936713_B_F_927760359,rs288936713,BOT,[C/A],38,17,3409769,-
rs418896147_B_F_648795762,rs418896147,BOT,[T/G],38,17,4099069,-
rs3137717_B_F_139602910,rs3137717,TOP,[T/C],38,17,4428825,+
rs404735680_B_F_197551229,rs404735680,BOT,[A/G],38,17,4510840,-
rs95630208_B_F_202878909,rs95630208,BOT,[A/G],38,17,4753739,-
rs869669835_B_F_693174860,rs869669835,TOP,[A/G],38,17,4755676,+
rs771906094_B_F_439421569,rs771906094,TOP,[T/G],38,17,4796550,+
rs462330782_B_F_935081348,rs462330782,TOP,[A/G],38,17,4979037,+
rs56827704_B_F_671147058,rs56827704,TOP,[A/G],38,17,5003808,+
rs861494461_B_F_73641486,rs861494461,TOP,[A/G],38,17,5511967,+
rs486633121_B_F_303315256,rs486633121,TOP,[T/C],38,17,5533797,+
rs695646428_B_F_774014069,rs695646428,TOP,[T/C],38,17,5834263,+
rs228652076_B_F_518754003,rs228652076,TOP,[A/G],38,17,6249814,+
rs621757145_B_F_119392196,rs621757145,TOP,[G/T],38,17,6313560,+
rs865913899_B_F_623785801,rs865913899,TOP,[T/C],38,17,6705183,+
rs353084887_B_F_392919718,rs353084887,TOP,[A/G],38,17,6935547,+
rs868737808_B_F_663722395,rs868737808,BOT,[I/D],38,17,7188331,-
rs623682264_B_F_522612430,rs623682264,TOP,[G/A],38,17,7215003,+
17:7825325_B_F_96765046,17:7825325,TOP,[T/C],38,17,7282703,+
rs335949573_B_F_994221466,rs335949573,TOP,[T/C],38,17,7655577,+
rs69383845_B_F_70414942,rs69383845,TOP,[T/G],38,17,7984088,+
rs202726566_B_F_54698274,rs202726566,BOT,[I/D],38,17,9270728,-
17:10117284_B_F_976982097,17:10117284,TOP,[C/T],38,17,9651728,+
rs69937393_B_F_496671285,rs69937393,BOT,[I/D],38,17,9774839,-
rs239469191_B_F_684495571,rs239469191,TOP,[I/D],38,17,9935288,+
rs341581422_B_F_543873855,rs341581422,TOP,[I/D],38,17,10462887,+
rs393731293_B_F_71935281,rs393731293,TOP,[I/D],38,17,10617383,+
17:11005962_B_F_50816532,17:11005962,TOP,[A/G],38,17,10621843,+
rs735666916_B_F_975484217,rs735666916,BOT,[T/C],38,17,10790027,-
17:11491405_B_F_505816029,17:11491405,BOT,[G/A],38,17,11025849,-
rs448838878_B_F_678884000,rs448838878,TOP,[G/A],38,17,11123097,+
17:12068994_B_F_268552654,17:12068994,TOP,[A/G],38,17,11684875,+
17:12270886_B_F_670388394,17:12270886,TOP,[G/A],38,17,11728264,+
rs634237006_B_F_439779470,rs634237006,TOP,[A/G],38,17,11783334,+
rs288535580_B_F_944125576,rs288535580,BOT,[A/G],38,17,12182323,-
rs756343512_B_F_256689854,rs756343512,TOP,[C/T],38,17,12269314,+
17:12830018_B_F_435273100,17:12830018,BOT,[A/G],38,17,12287396,-
rs717549693_B_F_175925850,rs717549693,BOT,[C/T],38,17,12977450,-
rs727627114_B_F_652777829,rs727627114,TOP,[C/T],38,17,13757403,+
rs435908803_B_F_255951126,rs435908803,TOP,[G/A],38,17,13868352,+
rs270336325_B_F_106858982,rs270336325,TOP,[A/G],38,17,14626021,+
17:15277120_B_F_325018740,17:15277120,TOP,[C/T],38,17,14811564,+
rs857260647_B_F_245767292,rs857260647,BOT,[T/C],38,17,15059355,-
rs94046222_B_F_997683003,rs94046222,TOP,[C/T],38,17,15073195,+
17:15887754_B_F_770696646,17:15887754,TOP,[T/C],38,17,15345132,+
17:15850102_B_F_2166638,17:15850102,TOP,[C/T],38,17,15384546,+
rs333836843_B_F_220177942,rs333836843,TOP,[G/A],38,17,16055965,+
rs533784120_B_F_683776098,rs533784120,TOP,[C/A],38,17,16569645,+
rs155303396_B_F_578996804,rs155303396,TOP,[T/C],38,17,16598181,+
rs579435503_B_F_287614973,rs579435503,TOP,[A/G],38,17,17223763,+
rs71899829_B_F_634130356,rs71899829,TOP,[I/D],38,17,17449027,+
rs601766581_B_F_716750667,rs601766581,BOT,[A/G],38,17,18266666,-
rs424018259_B_F_82364648,rs424018259,BOT,[T/C],38,17,18335698,-
rs471963763_B_F_632637496,rs471963763,TOP,[G/A],38,17,19542610,+
rs627617806_B_F_929799341,rs627617806,TOP,[I/D],38,17,19704119,+
rs76222586_B_F_304950747,rs76222586,TOP,[A/G],38,17,19838564,+
17:28966148_B_F_894792989,17:28966148,BOT,[T/C],38,17,28500592,-
17:29535039_B_F_674090513,17:29535039,BOT,[G/A],38,17,29150920,-
17:29796048_B_F_549741115,17:29796048,TOP,[I/D],38,17,29253426,+
rs300409858_B_F_83025068,rs300409858,BOT,[A/G],38,17,30455862,-
rs278688186_B_F_16047114,rs278688186,BOT,[A/G],38,17,32659148,-
17:33637505_B_F_35773431,17:33637505,TOP,[T/G],38,17,33094883,+
rs339442469_B_F_337984483,rs339442469,TOP,[T/C],38,17,33121710,+
rs672992061_B_F_258488878,rs672992061,TOP,[A/C],38,17,33531136,+
rs139263528_B_F_755868907,rs139263528,BOT,[A/C],38,17,33679636,-
rs180579425_B_F_431883350,rs180579425,TOP,[C/T],38,17,33968121,+
rs694632471_B_F_488995648,rs694632471,BOT,[C/T],38,17,34189685,-
17:36168712_B_F_643159948,17:36168712,BOT,[T/C],38,17,35626090,-
rs429182211_B_F_820621922,rs429182211,BOT,[G/A],38,17,35766578,-
rs566633955_B_F_263356087,rs566633955,TOP,[A/C],38,17,36031023,+
rs771475511_B_F_157875934,rs771475511,TOP,[T/C],38,17,37168163,+
17:37911872_B_F_194116939,17:37911872,TOP,[T/C],38,17,37446316,+
rs318876909_B_F_555335468,rs318876909,BOT,[T/C],38,17,37755589,-
rs801657022_B_F_632079772,rs801657022,BOT,[A/G],38,17,38458319,-
17:40265957_B_F_805691051,17:40265957,BOT,[I/D],38,17,39723335,-
17:40775735_B_F_277051556,17:40775735,TOP,[T/C],38,17,40391616,+
rs564048488_B_F_431944628,rs564048488,BOT,[A/G],38,17,41017956,-
17:41607443_B_F_108220924,17:41607443,BOT,[G/A],38,17,41141887,-
rs682559173_B_F_219558592,rs682559173,BOT,[G/A],38,17,41308527,-
17:42076257_B_F_774227144,17:42076257,TOP,[A/G],38,17,41533635,+
rs70888714_B_F_81153279,rs70888714,TOP,[A/G],38,17,42139265,+
rs22909882_B_F_698891036,rs22909882,BOT,[A/G],38,17,42480711,-
17:43369822_B_F_664254730,17:43369822,TOP,[C/T],38,17,42904266,+
rs725261300_B_F_485733198,rs725261300,BOT,[C/T],38,17,43036325,-
17:45465425_B_F_539680229,17:45465425,TOP,[A/G],38,17,45081306,+
rs220373947_B_F_966563333,rs220373947,TOP,[A/G],38,17,45891049,+
rs768593509_B_F_675415860,rs768593509,BOT,[A/G],38,17,46790683,-
rs428556131_B_F_417980054,rs428556131,TOP,[C/T],38,17,47235827,+
rs887759226_B_F_537128844,rs887759226,TOP,[A/G],38,17,48563036,+
17:49397455_B_F_249026812,17:49397455,BOT,[T/C],38,17,48854833,-
rs860121370_B_F_994374126,rs860121370,BOT,[T/C],38,17,50063143,-
17:51742031_B_F_876295028,17:51742031,BOT,[T/C],38,17,51276475,-
rs530669511_B_F_152050162,rs530669511,TOP,[G/T],38,17,51395068,+
rs870719664_B_F_317933316,rs870719664,TOP,[I/D],38,17,51504168,+
rs499236325_B_F_260990734,rs499236325,TOP,[A/G],38,17,51911068,+
rs629149560_B_F_320224357,rs629149560,TOP,[G/A],38,17,52401389,+
rs737596227_B_F_247750019,rs737596227,BOT,[T/C],38,17,52720933,-
rs531094804_B_F_716869557,rs531094804,TOP,[G/A],38,17,53367406,+
rs163601855_B_F_381202829,rs163601855,TOP,[I/D],38,17,53816365,+
rs664705859_B_F_981972818,rs664705859,TOP,[A/G],38,17,54370496,+
rs834445207_B_F_808264215,rs834445207,TOP,[G/T],38,17,54372479,+
rs324362919_B_F_432341941,rs324362919,BOT,[C/T],38,17,55348302,-
rs319921308_B_F_765113761,rs319921308,BOT,[A/C],38,17,56533870,-
rs113297509_B_F_388538253,rs113297509,BOT,[T/C],38,17,56860654,-
rs416320428_B_F_231455751,rs416320428,TOP,[I/D],38,17,57187472,+
17:57650127_B_F_617003584,17:57650127,BOT,[T/C],38,17,57266008,-
17:58051236_B_F_563305300,17:58051236,BOT,[T/G],38,17,57508614,-
rs146657552_B_F_719145652,rs146657552,TOP,[A/G],38,17,57650863,+
rs445331617_B_F_592806004,rs445331617,TOP,[A/G],38,17,58129010,+
rs751115904_B_F_651007633,rs751115904,BOT,[G/C],38,17,58631697,-
rs465576045_B_F_669480364,rs465576045,TOP,[A/G],38,17,59837522,+
17:60352834_B_F_601477275,17:60352834,BOT,[I/D],38,17,59968715,-
17:60613696_B_F_376443858,17:60613696,BOT,[A/G],38,17,60148140,-
rs471774043_B_F_446966841,rs471774043,TOP,[T/G],38,17,61599493,+
17:62690713_B_F_560413952,17:62690713,BOT,[C/T],38,17,62148091,-
rs96351045_B_F_332705031,rs96351045,BOT,[A/G],38,17,63498988,-
17:64127661_B_F_972454925,17:64127661,TOP,[C/T],38,17,63743542,+
17:64594634_B_F_645521336,17:64594634,BOT,[T/C],38,17,64129078,-
rs24444281_B_F_394681689,rs24444281,BOT,[G/A],38,17,65072858,-
rs456227031_B_F_35020313,rs456227031,BOT,[G/T],38,17,66072134,-
rs494001297_B_F_946257568,rs494001297,TOP,[G/A],38,17,66199313,+
rs279818326_B_F_141885771,rs279818326,BOT,[G/A],38,17,67039099,-
17:67512118_B_F_238396481,17:67512118,TOP,[A/G],38,17,67046562,+
17:68995850_B_F_809946364,17:68995850,BOT,[T/G],38,17,68453228,-
rs524199707_B_F_618307404,rs524199707,TOP,[G/T],38,17,68677097,+
rs769937908_B_F_146786548,rs769937908,TOP,[C/T],38,17,68723096,+
rs120211188_B_F_233459273,rs120211188,TOP,[I/D],38,17,68735115,+
rs548142637_B_F_205342755,rs548142637,TOP,[I/D],38,17,69564233,+
rs257391616_B_F_16644300,rs257391616,TOP,[A/G],38,17,69813771,+
rs618855369_B_F_425689871,rs618855369,TOP,[I/D],38,17,69864836,+
rs619249343_B_F_870288118,rs619249343,TOP,[A/G],38,17,70091852,+
17:71219378_B_F_621341291,17:71219378,TOP,[A/G],38,17,70835259,+
rs856211720_B_F_839092110,rs856211720,TOP,[A/G],38,17,71336096,+
rs442549670_B_F_303078272,rs442549670,BOT,[G/A],38,17,72210208,-
rs551676558_B_F_959857813,rs551676558,BOT,[A/G],38,17,72920441,-
17:73348197_B_F_189608698,17:73348197,BOT,[T/C],38,17,72964078,-
rs764241129_B_F_505032474,rs764241129,BOT,[C/T],38,17,72985108,-
rs407971934_B_F_68130831,rs407971934,BOT,[G/A],38,17,73665490,-
17:74334328_B_F_446575177,17:74334328,BOT,[T/C],38,17,73791706,-
17:74354196_B_F_627793125,17:74354196,BOT,[G/A],38,17,73811574,-
17:74286726_B_F_908343510,17:74286726,BOT,[I/D],38,17,73821170,-
rs387785455_B_F_660020785,rs387785455,TOP,[A/C],38,17,74370842,+
rs815713974_B_F_470260094,rs815713974,TOP,[T/C],38,17,74622752,+
17:75169117_B_F_47905486,17:75169117,BOT,[C/T],38,17,74626495,-
rs308894806_B_F_747590026,rs308894806,TOP,[A/G],38,17,74640921,+
17:75034020_B_F_121552157,17:75034020,TOP,[G/A],38,17,74649901,+
rs748800845_B_F_605470447,rs748800845,TOP,[G/A],38,17,75100856,+
rs511656826_B_F_510094761,rs511656826,TOP,[G/A],38,17,75665331,+
17:76150600_B_F_6418539,17:76150600,BOT,[C/T],38,17,75766481,-
17:77339021_B_F_428986773,17:77339021,BOT,[A/C],38,17,76796399,-
rs565417102_B_F_835271956,rs565417102,TOP,[G/A],38,17,76920422,+
rs224617233_B_F_360775914,rs224617233,TOP,[A/G],38,17,77154946,+
17:77793819_B_F_733391918,17:77793819,TOP,[A/G],38,17,77251197,+
rs852731668_B_F_17729754,rs852731668,BOT,[T/C],38,17,77584314,-
rs63266110_B_F_862753696,rs63266110,BOT,[I/D],38,17,77616482,-
rs803674973_B_F_304268534,rs803674973,TOP,[A/G],38,17,77818449,+
rs535898375_B_F_732070577,rs535898375,BOT,[C/T],38,17,78186962,-
rs190926584_B_F_514650892,rs190926584,BOT,[I/D],38,17,78916790,-
17:79573551_B_F_365153016,17:79573551,BOT,[T/C],38,17,79107995,-
rs228403879_B_F_36457100,rs228403879,TOP,[G/A],38,17,79234191,+
17:80405815_B_F_882145856,17:80405815,TOP,[A/G],38,17,79863193,+
rs722434069_B_F_847193325,rs722434069,BOT,[T/G],38,17,79915166,-
rs250071450_B_F_547574768,rs250071450,BOT,[T/C],38,17,80192527,-
17:80906359_B_F_617378761,17:80906359,BOT,[A/G],38,17,80522240,-
17:81267021_B_F_799310610,17:81267021,TOP,[T/C],38,17,80882902,+
17:81334324_B_F_104414598,17:81334324,BOT,[T/C],38,17,80950205,-
rs326567758_B_F_121825354,rs326567758,BOT,[T/C],38,17,80960288,-
18:693648_B_F_206901729,18:693648,TOP,[T/C],38,18,228092,+
rs254368728_B_F_56328160,rs254368728,TOP,[A/G],38,18,650816,+
rs211177330_B_F_11729294,rs211177330,TOP,[T/C],38,18,673016,+
rs796706143_B_F_119522936,rs796706143,TOP,[C/T],38,18,831093,+
rs391393535_B_F_281912288,rs391393535,TOP,[G/A],38,18,1599015,+
18:2207827_B_F_701087756,18:2207827,TOP,[A/G],38,18,1742271,+
rs468050874_B_F_691131987,rs468050874,BOT,[G/A],38,18,1861602,-
18:2409868_B_F_936869975,18:2409868,BOT,[T/C],38,18,1944312,-
rs125970269_B_F_71784885,rs125970269,BOT,[T/C],38,18,2215726,-
18:2773802_B_F_481186658,18:2773802,TOP,[C/T],38,18,2308246,+
18:2871548_B_F_641237583,18:2871548,TOP,[A/G],38,18,2405992,+
rs579412424_B_F_180238695,rs579412424,TOP,[T/G],38,18,2547501,+
rs853547502_B_F_771670814,rs853547502,TOP,[C/T],38,18,3895467,+
rs211497579_B_F_447898178,rs211497579,TOP,[G/A],38,18,4626147,+
18:5233509_B_F_828849075,18:5233509,TOP,[C/T],38,18,4767953,+
rs613397902_B_F_461719888,rs613397902,TOP,[A/G],38,18,5160760,+
rs854072425_B_F_62157171,rs854072425,TOP,[T/C],38,18,5213070,+
rs131682310_B_F_576622228,rs131682310,BOT,[A/G],38,18,5365079,-
rs388149009_B_F_322316879,rs388149009,TOP,[A/G],38,18,5603311,+
rs542553445_B_F_481736959,rs542553445,BOT,[T/C],38,18,5632835,-
18:6291166_B_F_995824160,18:6291166,BOT,[C/T],38,18,5748544,-
rs765413382_B_F_508076370,rs765413382,BOT,[T/C],38,18,6219757,-
18:6839882_B_F_288983282,18:6839882,BOT,[I/D],38,18,6455763,-
18:7022056_B_F_247831555,18:7022056,BOT,[C/T],38,18,6637937,-
rs555785482_B_F_897993826,rs555785482,TOP,[G/A],38,18,6649600,+
rs677833083_B_F_569315621,rs677833083,BOT,[G/A],38,18,6942976,-
rs670929509_B_F_604029796,rs670929509,TOP,[A/G],38,18,7090236,+
rs562280296_B_F_682002166,rs562280296,TOP,[C/T],38,18,7114213,+
18:7789165_B_F_105280796,18:7789165,BOT,[T/C],38,18,7246543,-
rs117381827_B_F_307836342,rs117381827,TOP,[G/A],38,18,8247251,+
rs669488040_B_F_110749525,rs669488040,BOT,[A/G],38,18,8333854,-
rs643458858_B_F_520438145,rs643458858,TOP,[C/T],38,18,8410524,+
rs887290211_B_F_776855873,rs887290211,TOP,[G/A],38,18,8794416,+
rs496386223_B_F_449737792,rs496386223,BOT,[G/T],38,18,8824241,-
rs136463014_B_F_427094869,rs136463014,TOP,[T/G],38,18,9025908,+
rs820225686_B_F_344792794,rs820225686,TOP,[T/C],38,18,9562044,+
rs802370124_B_F_114034024,rs802370124,BOT,[C/T],38,18,9878896,-
rs675939873_B_F_90222858,rs675939873,BOT,[I/D],38,18,9944963,-
rs296872477_B_F_707008506,rs296872477,BOT,[I/D],38,18,10121730,-
18:10809490_B_F_134376099,18:10809490,BOT,[G/A],38,18,10425371,-
rs13846883_B_F_908676557,rs13846883,BOT,[G/T],38,18,10680813,-
rs706254173_B_F_278438660,rs706254173,TOP,[A/C],38,18,10717821,+
rs182431941_B_F_459642542,rs182431941,TOP,[A/G],38,18,11237436,+
rs896828999_B_F_674305933,rs896828999,TOP,[T/C],38,18,11262322,+
rs799761834_B_F_523524402,rs799761834,BOT,[G/A],38,18,11490541,-
rs414292582_B_F_746924286,rs414292582,TOP,[T/C],38,18,11649015,+
rs507545267_B_F_227235089,rs507545267,TOP,[A/G],38,18,12694380,+
18:13163268_B_F_539144246,18:13163268,BOT,[C/T],38,18,12697712,-
18:13238010_B_F_177522064,18:13238010,BOT,[C/T],38,18,12772454,-
18:13599134_B_F_346722945,18:13599134,BOT,[I/D],38,18,13133578,-
rs531536890_B_F_704891194,rs531536890,BOT,[A/G],38,18,13416634,-
rs713389871_B_F_590090349,rs713389871,BOT,[T/G],38,18,13445013,-
rs410784478_B_F_793358629,rs410784478,TOP,[T/C],38,18,14034267,+
rs811346055_B_F_101890587,rs811346055,TOP,[T/C],38,18,14734926,+
rs197822629_B_F_221247502,rs197822629,BOT,[G/T],38,18,20999425,-
18:21827291_B_F_168934267,18:21827291,BOT,[G/A],38,18,21361735,-
rs291307800_B_F_140404246,rs291307800,TOP,[T/C],38,18,22072021,+
18:22800419_B_F_348338326,18:22800419,TOP,[I/D],38,18,22257797,+
rs569972600_B_F_619466972,rs569972600,TOP,[C/A],38,18,22321148,+
rs221862119_B_F_18188965,rs221862119,BOT,[C/T],38,18,22368907,-
rs540641719_B_F_600747865,rs540641719,TOP,[A/G],38,18,22483232,+
18:22904829_B_F_701935312,18:22904829,TOP,[A/G],38,18,22520710,+
18:23156016_B_F_821034672,18:23156016,TOP,[C/T],38,18,22613394,+
rs895824542_B_F_187894494,rs895824542,BOT,[I/D],38,18,22735380,-
rs59168047_B_F_242224244,rs59168047,TOP,[T/C],38,18,23111299,+
18:23841871_B_F_709474878,18:23841871,TOP,[C/T],38,18,23457752,+
18:24605000_B_F_161952880,18:24605000,TOP,[C/T],38,18,24139444,+
rs422523777_B_F_555081743,rs422523777,TOP,[C/T],38,18,24652049,+
rs143352925_B_F_203657112,rs143352925,TOP,[T/G],38,18,24768284,+
rs564176461_B_F_917419236,rs564176461,TOP,[T/C],38,18,24948246,+
18:25546077_B_F_119518248,18:25546077,TOP,[C/T],38,18,25161958,+
rs363928410_B_F_673735105,rs363928410,TOP,[C/T],38,18,25193288,+
18:25818856_B_F_331447888,18:25818856,BOT,[C/T],38,18,25434737,-
18:26839887_B_F_433373877,18:26839887,TOP,[T/G],38,18,26297265,+
18:26950242_B_F_135127747,18:26950242,BOT,[C/T],38,18,26407620,-
rs531664118_B_F_415909387,rs531664118,BOT,[A/G],38,18,26868365,-
rs692102925_B_F_208938523,rs692102925,TOP,[T/C],38,18,26869802,+
18:27268279_B_F_975279326,18:27268279,TOP,[A/G],38,18,26884160,+
rs494147606_B_F_569183895,rs494147606,BOT,[T/G],38,18,27268923,-
18:28198693_B_F_726166758,18:28198693,BOT,[A/G],38,18,27733137,-
rs252145202_B_F_985347929,rs252145202,TOP,[T/C],38,18,27927085,+
rs674758346_B_F_877411477,rs674758346,TOP,[I/D],38,18,27967207,+
rs353020101_B_F_115314961,rs353020101,BOT,[A/C],38,18,27986426,-
rs769734489_B_F_870035906,rs769734489,BOT,[I/D],38,18,28268854,-
rs113279584_B_F_657783720,rs113279584,BOT,[A/C],38,18,29744218,-
rs759742558_B_F_428161035,rs759742558,TOP,[T/C],38,18,30517525,+
18:31149209_B_F_550649256,18:31149209,BOT,[G/A],38,18,30683653,-
rs899212112_B_F_882223549,rs899212112,TOP,[C/T],38,18,31060637,+
18:31618319_B_F_471665336,18:31618319,BOT,[G/A],38,18,31152763,-
18:32041825_B_F_226310278,18:32041825,BOT,[T/G],38,18,31499203,-
rs895259885_B_F_584792895,rs895259885,TOP,[A/G],38,18,32539301,+
rs19378994_B_F_137250625,rs19378994,TOP,[C/T],38,18,32964504,+
rs105609842_B_F_868238538,rs105609842,BOT,[T/C],38,18,33812869,-
rs54152460_B_F_898944374,rs54152460,TOP,[G/A],38,18,35030051,+
18:35517792_B_F_424603080,18:35517792,BOT,[G/A],38,18,35052236,-
rs493262920_B_F_186822210,rs493262920,TOP,[G/A],38,18,35077652,+
18:35625059_B_F_476093644,18:35625059,TOP,[A/G],38,18,35240940,+
rs510556210_B_F_130576730,rs510556210,TOP,[I/D],38,18,35343860,+
rs415081994_B_F_495178130,rs415081994,TOP,[A/G],38,18,35432145,+
18:36051441_B_F_655716009,18:36051441,BOT,[T/C],38,18,35585885,-
18:36803460_B_F_240940328,18:36803460,TOP,[T/C],38,18,36260838,+
18:36916913_B_F_481364534,18:36916913,TOP,[T/C],38,18,36451357,+
rs165607185_B_F_695274928,rs165607185,BOT,[T/G],38,18,36550001,-
rs651035375_B_F_239770688,rs651035375,TOP,[A/G],38,18,36561583,+
rs886868350_B_F_626101735,rs886868350,TOP,[A/C],38,18,37044818,+
18:37867608_B_F_922010074,18:37867608,TOP,[A/G],38,18,37324986,+
rs875282333_B_F_839623306,rs875282333,TOP,[A/G],38,18,37371886,+
rs858176305_B_F_808673609,rs858176305,BOT,[G/A],38,18,37453062,-
rs349759407_B_F_437023354,rs349759407,BOT,[C/T],38,18,37994070,-
rs329865723_B_F_780723371,rs329865723,BOT,[I/D],38,18,38220572,-
rs882353680_B_F_149471726,rs882353680,BOT,[T/C],38,18,38357335,-
18:38992337_B_F_795202103,18:38992337,BOT,[G/A],38,18,38526781,-
rs768511948_B_F_693468701,rs768511948,BOT,[G/T],38,18,40390531,-
rs216253381_B_F_55403048,rs216253381,TOP,[C/A],38,18,41033622,+
rs240256470_B_F_139495363,rs240256470,BOT,[T/C],38,18,43384404,-
rs677858426_B_F_488034062,rs677858426,TOP,[G/A],38,18,43492511,+
rs580865665_B_F_523563695,rs580865665,BOT,[A/C],38,18,43581557,-
rs141047496_B_F_333490070,rs141047496,BOT,[C/T],38,18,44229514,-
18:45575467_B_F_160635759,18:45575467,TOP,[T/C],38,18,45032845,+
rs615625462_B_F_977422090,rs615625462,BOT,[C/T],38,18,45045699,-
rs239637466_B_F_513835878,rs239637466,TOP,[G/A],38,18,45366792,+
18:45795565_B_F_236966397,18:45795565,TOP,[G/A],38,18,45411446,+
18:46057037_B_F_128500259,18:46057037,BOT,[T/C],38,18,45672918,-
rs235124301_B_F_348919434,rs235124301,BOT,[T/C],38,18,46325265,-
rs498281950_B_F_724631285,rs498281950,TOP,[C/T],38,18,46443204,+
rs794041917_B_F_176774509,rs794041917,BOT,[T/C],38,18,46534399,-
rs810578527_B_F_746553553,rs810578527,TOP,[T/G],38,18,46655194,+
rs408560319_B_F_149104224,rs408560319,TOP,[C/T],38,18,46698880,+
rs879792098_B_F_679135356,rs879792098,BOT,[C/T],38,18,47070721,-
18:48057990_B_F_826894861,18:48057990,BOT,[T/C],38,18,47592434,-
rs357738521_B_F_553574826,rs357738521,BOT,[T/C],38,18,48771681,-
rs487705513_B_F_688205984,rs487705513,TOP,[I/D],38,18,48964659,+
rs170146677_B_F_638804215,rs170146677,TOP,[T/C],38,18,49648309,+
18:50200606_B_F_317610172,18:50200606,TOP,[G/T],38,18,49657984,+
rs654518640_B_F_153732087,rs654518640,TOP,[A/G],38,18,49909045,+
rs441324066_B_F_139649756,rs441324066,BOT,[T/C],38,18,50142898,-
rs735823068_B_F_166231689,rs735823068,BOT,[G/A],38,18,50497859,-
18:52175040_B_F_547769924,18:52175040,TOP,[C/T],38,18,51790921,+
18:52952059_B_F_535323726,18:52952059,BOT,[T/C],38,18,52409437,-
rs424123855_B_F_685579587,rs424123855,TOP,[I/D],38,18,52647251,+
rs672529097_B_F_708557902,rs672529097,TOP,[G/A],38,18,52975104,+
rs252786266_B_F_482045704,rs252786266,BOT,[T/C],38,18,53023879,-
18:54621137_B_F_916021581,18:54621137,TOP,[A/G],38,18,54237018,+
rs779347570_B_F_785950812,rs779347570,TOP,[A/C],38,18,54552185,+
rs645254991_B_F_455492416,rs645254991,TOP,[A/G],38,18,54813423,+
rs607040560_B_F_594068376,rs607040560,TOP,[C/T],38,18,55053638,+
rs351197391_B_F_339657695,rs351197391,TOP,[G/T],38,18,55091025,+
rs878034340_B_F_74920525,rs878034340,TOP,[T/C],38,18,55733425,+
rs839794981_B_F_573640311,rs839794981,TOP,[A/G],38,18,55970052,+
rs896765007_B_F_242806898,rs896765007,TOP,[A/G],38,18,56402171,+
rs211828926_B_F_42185163,rs211828926,BOT,[T/C],38,18,56517665,-
18:57004627_B_F_6698185,18:57004627,TOP,[C/T],38,18,56620508,+
rs308895314_B_F_662703219,rs308895314,BOT,[A/G],38,18,56907074,-
18:57889317_B_F_22804158,18:57889317,TOP,[T/C],38,18,57423761,+
18:58007830_B_F_975325549,18:58007830,TOP,[A/G],38,18,57542274,+
rs240697577_B_F_551279657,rs240697577,TOP,[G/T],38,18,58038183,+
rs262212797_B_F_334612912,rs262212797,TOP,[A/G],38,18,58497932,+
rs848280993_B_F_148559784,rs848280993,BOT,[A/G],38,18,59297655,-
18:60188005_B_F_934894848,18:60188005,TOP,[G/A],38,18,59645383,+
rs777237747_B_F_398203489,rs777237747,TOP,[A/G],38,18,59810468,+
rs292734910_B_F_442253807,rs292734910,TOP,[I/D],38,18,59974564,+
18:60915149_B_F_910393706,18:60915149,TOP,[G/T],38,18,60372527,+
rs6930728_B_F_284189132,rs6930728,TOP,[A/G],38,18,60613265,+
rs18342551_B_F_449120560,rs18342551,BOT,[C/T],38,18,61337943,-
rs103258010_B_F_166908853,rs103258010,BOT,[A/G],38,18,61342443,-
rs478418149_B_F_522588333,rs478418149,TOP,[C/T],38,18,61767604,+
rs148983997_B_F_49395692,rs148983997,BOT,[T/C],38,18,61829637,-
18:62308917_B_F_836030890,18:62308917,BOT,[T/C],38,18,61924798,-
rs763403033_B_F_28696774,rs763403033,BOT,[G/A],38,18,62010436,-
rs313632473_B_F_880699397,rs313632473,TOP,[T/C],38,18,62025808,+
rs694620616_B_F_112491125,rs694620616,TOP,[T/C],38,18,63190560,+
rs477382188_B_F_125549136,rs477382188,BOT,[C/T],38,18,63244724,-
rs152020527_B_F_144838673,rs152020527,TOP,[T/C],38,18,63346402,+
rs176497761_B_F_514586111,rs176497761,BOT,[G/T],38,18,64038115,-
rs164294750_B_F_607775639,rs164294750,TOP,[A/G],38,18,64158945,+
rs297722612_B_F_416434541,rs297722612,TOP,[A/C],38,18,64413791,+
rs93287211_B_F_685456854,rs93287211,TOP,[I/D],38,18,64475554,+
rs623805288_B_F_796908090,rs623805288,BOT,[A/G],38,18,64614268,-
rs896050633_B_F_542584322,rs896050633,TOP,[I/D],38,18,64797775,+
rs433499278_B_F_3722341,rs433499278,BOT,[T/C],38,18,64919389,-
rs361684450_B_F_782909903,rs361684450,BOT,[G/A],38,18,65058776,-
rs322041913_B_F_203786369,rs322041913,TOP,[T/C],38,18,65185759,+
rs14226595_B_F_609644522,rs14226595,TOP,[T/C],38,18,65990939,+
rs186851217_B_F_956855806,rs186851217,BOT,[C/T],38,18,66536337,-
rs826756203_B_F_152987143,rs826756203,TOP,[T/C],38,18,66651167,+
18:67584672_B_F_409005718,18:67584672,TOP,[I/D],38,18,67042050,+
rs44627656_B_F_711145973,rs44627656,TOP,[C/T],38,18,67120871,+
rs745231537_B_F_987082703,rs745231537,BOT,[G/A],38,18,67191572,-
rs36980070_B_F_937678135,rs36980070,TOP,[C/T],38,18,67206898,+
rs54396248_B_F_472693311,rs54396248,TOP,[A/G],38,18,67242481,+
18:67945293_B_F_875697605,18:67945293,BOT,[I/D],38,18,67561174,-
18:68595941_B_F_50503618,18:68595941,BOT,[C/A],38,18,68053319,-
18:69380644_B_F_435505517,18:69380644,TOP,[C/T],38,18,68915088,+
rs784754481_B_F_33700566,rs784754481,TOP,[C/T],38,18,69106481,+
rs326932694_B_F_401752336,rs326932694,TOP,[A/G],38,18,69217170,+
rs38053296_B_F_807305352,rs38053296,BOT,[T/C],38,18,69340331,-
rs671636231_B_F_334729616,rs671636231,BOT,[A/G],38,18,70379363,-
18:70965593_B_F_482698055,18:70965593,TOP,[T/C],38,18,70500037,+
rs713338526_B_F_557585815,rs713338526,BOT,[T/C],38,18,71022776,-
rs894709207_B_F_389952713,rs894709207,TOP,[C/T],38,18,71035200,+
18:71514275_B_F_30039840,18:71514275,BOT,[A/G],38,18,71048719,-
rs628153333_B_F_122526207,rs628153333,TOP,[I/D],38,18,71668063,+
rs649147240_B_F_871570621,rs649147240,TOP,[T/C],38,18,72344738,+
18:73019323_B_F_521173098,18:73019323,BOT,[A/G],38,18,72476701,-
rs535441006_B_F_255688038,rs535441006,TOP,[G/A],38,18,72865742,+
rs148577201_B_F_91598358,rs148577201,BOT,[T/C],38,18,73282912,-
rs451027886_B_F_383670323,rs451027886,BOT,[T/C],38,18,73550186,-
rs57233038_B_F_948015924,rs57233038,TOP,[T/G],38,18,73656200,+
rs204153301_B_F_814665394,rs204153301,TOP,[A/G],38,18,73687558,+
rs497656119_B_F_316662666,rs497656119,BOT,[G/A],38,18,73929441,-
rs179781618_B_F_300785074,rs179781618,TOP,[T/C],38,18,73931518,+
rs202564564_B_F_784570231,rs202564564,TOP,[A/C],38,18,74171393,+
rs44985837_B_F_683560814,rs44985837,TOP,[T/G],38,18,74416749,+
rs432481500_B_F_463498480,rs432481500,BOT,[A/G],38,18,74562836,-
18:75113859_B_F_388251655,18:75113859,TOP,[A/C],38,18,74571237,+
18:75705994_B_F_314500078,18:75705994,BOT,[G/A],38,18,75163372,-
rs664500392_B_F_985825411,rs664500392,BOT,[A/C],38,18,75824756,-
rs42481774_B_F_461255034,rs42481774,TOP,[T/C],38,18,76414163,+
18:76949364_B_F_815747436,18:76949364,TOP,[C/T],38,18,76483808,+
rs171871005_B_F_577847912,rs171871005,TOP,[I/D],38,18,76502182,+
18:77007409_B_F_167607567,18:77007409,TOP,[G/A],38,18,76623290,+
rs363402758_B_F_987127285,rs363402758,BOT,[G/A],38,18,76754231,-
rs410945859_B_F_741709243,rs410945859,TOP,[G/A],38,18,77257328,+
rs693592614_B_F_562554151,rs693592614,TOP,[T/C],38,18,77308214,+
rs598224053_B_F_668623541,rs598224053,TOP,[I/D],38,18,77380483,+
rs889487404_B_F_986882691,rs889487404,BOT,[A/G],38,18,77486283,-
rs538343785_B_F_655255206,rs538343785,BOT,[T/G],38,18,77627883,-
rs682373653_B_F_974169214,rs682373653,BOT,[T/G],38,18,77668866,-
rs297088143_B_F_959314115,rs297088143,TOP,[I/D],38,18,77981096,+
rs491404551_B_F_262736685,rs491404551,TOP,[T/C],38,18,78194881,+
rs428045038_B_F_834254897,rs428045038,TOP,[G/A],38,18,78309732,+
rs632211528_B_F_580169222,rs632211528,BOT,[T/G],38,18,78691284,-
18:79359005_B_F_585788057,18:79359005,BOT,[T/C],38,18,78893449,-
rs181766713_B_F_796018594,rs181766713,TOP,[A/G],38,18,79253918,+
rs350604170_B_F_379849440,rs350604170,TOP,[I/D],38,18,79385700,+
rs686812312_B_F_297580651,rs686812312,TOP,[A/G],38,18,79393996,+
rs656114202_B_F_156796880,rs656114202,TOP,[I/D],38,18,79510565,+
18:80175002_B_F_488199593,18:80175002,TOP,[C/T],38,18,79790883,+
rs793260611_B_F_499678484,rs793260611,TOP,[I/D],38,19,506712,+
19:1118543_B_F_198141206,19:1118543,TOP,[G/A],38,19,575921,+
19:1378530_B_F_391586217,19:1378530,TOP,[T/C],38,19,835908,+
rs214420833_B_F_987452254,rs214420833,BOT,[A/G],38,19,950560,-
19:1576625_B_F_683272183,19:1576625,TOP,[A/G],38,19,1192506,+
rs890397303_B_F_86323788,rs890397303,TOP,[A/G],38,19,1199677,+
19:1716954_B_F_904141539,19:1716954,TOP,[T/C],38,19,1251398,+
rs768904183_B_F_173137917,rs768904183,BOT,[I/D],38,19,1677278,-
19:2353239_B_F_295912141,19:2353239,BOT,[C/A],38,19,1887683,-
rs550728496_B_F_921894834,rs550728496,TOP,[T/C],38,19,1953200,+
rs873557760_B_F_472877563,rs873557760,BOT,[A/C],38,19,2048599,-
rs465813647_B_F_258071493,rs465813647,TOP,[G/T],38,19,2064017,+
rs336737336_B_F_568688178,rs336737336,TOP,[A/G],38,19,2319235,+
rs897428213_B_F_429009947,rs897428213,TOP,[A/C],38,19,2728973,+
rs369146488_B_F_797266484,rs369146488,TOP,[C/T],38,19,2962155,+
rs279179783_B_F_315810360,rs279179783,BOT,[A/G],38,19,3807813,-
rs754198552_B_F_194099352,rs754198552,TOP,[A/G],38,19,4015557,+
rs401484393_B_F_111123394,rs401484393,TOP,[A/G],38,19,4243795,+
19:5147849_B_F_308305476,19:5147849,BOT,[G/A],38,19,4605227,-
rs83451636_B_F_90215356,rs83451636,TOP,[T/G],38,19,4920601,+
rs213856984_B_F_901000305,rs213856984,BOT,[A/C],38,19,5125435,-
rs457673973_B_F_59235446,rs457673973,BOT,[G/T],38,19,5335953,-
rs137186412_B_F_21144526,rs137186412,TOP,[T/C],38,19,5336378,+
rs854090873_B_F_803338915,rs854090873,TOP,[C/T],38,19,5484836,+
19:6652046_B_F_118675968,19:6652046,BOT,[A/C],38,19,6109424,-
19:7006460_B_F_332615429,19:7006460,TOP,[G/A],38,19,6622341,+
19:7700934_B_F_911985784,19:7700934,TOP,[T/C],38,19,7235378,+
rs684027580_B_F_121366506,rs684027580,BOT,[G/A],38,19,7475772,-
rs880003638_B_F_698549638,rs880003638,TOP,[I/D],38,19,7973212,+
rs558113007_B_F_286944119,rs558113007,TOP,[T/C],38,19,8843246,+
rs336941551_B_F_428594686,rs336941551,TOP,[T/C],38,19,8986268,+
rs473274078_B_F_917797549,rs473274078,TOP,[A/G],38,19,9008566,+
rs196183802_B_F_997075080,rs196183802,TOP,[A/G],38,19,9253560,+
rs734101188_B_F_190377112,rs734101188,BOT,[C/T],38,19,9267040,-
rs874810327_B_F_809785881,rs874810327,TOP,[C/T],38,19,9609607,+
rs203163357_B_F_137626187,rs203163357,TOP,[A/G],38,19,10038531,+
rs698465194_B_F_96586554,rs698465194,TOP,[G/T],38,19,10561218,+
rs475080909_B_F_329971573,rs475080909,TOP,[G/A],38,19,10631494,+
rs523908423_B_F_760888154,rs523908423,BOT,[C/A],38,19,11103799,-
19:13814348_B_F_199911953,19:13814348,TOP,[C/T],38,19,13271726,+
rs37917241_B_F_664686331,rs37917241,BOT,[G/T],38,19,13441949,-
rs344175742_B_F_162827819,rs344175742,BOT,[G/T],38,19,13496096,-
19:14948673_B_F_499629829,19:14948673,TOP,[A/G],38,19,14483117,+
rs589548580_B_F_623157693,rs589548580,TOP,[A/G],38,19,14787588,+
rs753125507_B_F_25864472,rs753125507,TOP,[A/C],38,19,14799003,+
rs362449562_B_F_581920304,rs362449562,TOP,[G/T],38,19,14831812,+
rs3522123_B_F_401218156,rs3522123,TOP,[I/D],38,19,14921562,+
rs156264886_B_F_430834717,rs156264886,TOP,[C/T],38,19,14994158,+
19:15684058_B_F_849060935,19:15684058,TOP,[A/G],38,19,15299939,+
19:15998711_B_F_223112582,19:15998711,TOP,[A/G],38,19,15456089,+
rs847178180_B_F_271969804,rs847178180,TOP,[A/G],38,19,15661604,+
rs830874383_B_F_394414795,rs830874383,BOT,[A/G],38,19,15879621,-
rs713767299_B_F_854494684,rs713767299,TOP,[A/G],38,19,16073478,+
19:16911488_B_F_104036920,19:16911488,TOP,[C/T],38,19,16368866,+
rs744612897_B_F_334842606,rs744612897,TOP,[G/A],38,19,16437564,+
rs830199371_B_F_474912734,rs830199371,BOT,[A/G],38,19,16793176,-
rs553764220_B_F_421829092,rs553764220,BOT,[G/A],38,19,16945866,-
rs306513441_B_F_418465712,rs306513441,TOP,[C/T],38,19,17585880,+
rs795802831_B_F_672651813,rs795802831,TOP,[A/G],38,19,18205021,+
rs355954261_B_F_932874308,rs355954261,TOP,[C/T],38,19,18379616,+
rs434187975_B_F_449501498,rs434187975,TOP,[I/D],38,19,18733124,+
19:19523598_B_F_871093371,19:19523598,BOT,[C/T],38,19,19058042,-
rs223232305_B_F_463185065,rs223232305,BOT,[A/G],38,19,19268740,-
rs630613270_B_F_284933860,rs630613270,TOP,[I/D],38,19,19647381,+
rs280589831_B_F_5012437,rs280589831,TOP,[C/T],38,19,19987946,+
rs190970866_B_F_773185044,rs190970866,TOP,[C/A],38,19,20743128,+
19:22841524_B_F_830428976,19:22841524,TOP,[G/A],38,19,22375968,+
rs723676590_B_F_727001007,rs723676590,TOP,[T/C],38,19,22625640,+
rs155749171_B_F_583818220,rs155749171,TOP,[A/G],38,19,23301974,+
rs72444983_B_F_818209637,rs72444983,BOT,[T/C],38,19,23548128,-
rs152064103_B_F_781542568,rs152064103,TOP,[G/A],38,19,23896759,+
rs656692053_B_F_357760119,rs656692053,BOT,[T/G],38,19,27966696,-
rs764336879_B_F_118380072,rs764336879,BOT,[G/A],38,19,29187773,-
rs32825577_B_F_985393460,rs32825577,TOP,[T/C],38,19,29437805,+
rs629855219_B_F_664479154,rs629855219,TOP,[T/C],38,19,29498561,+
rs292034554_B_F_982213917,rs292034554,BOT,[T/C],38,19,29499031,-
19:30033459_B_F_491764202,19:30033459,TOP,[C/T],38,19,29567903,+
rs329236855_B_F_336806106,rs329236855,TOP,[T/C],38,19,29737291,+
rs829323415_B_F_609697463,rs829323415,BOT,[G/A],38,19,29861884,-
19:30603997_B_F_290455778,19:30603997,TOP,[G/A],38,19,30219878,+
19:31189943_B_F_768647959,19:31189943,BOT,[T/C],38,19,30805824,-
rs135479178_B_F_581234639,rs135479178,TOP,[G/A],38,19,30841492,+
rs29048980_B_F_698727098,rs29048980,BOT,[T/C],38,19,30936082,-
rs425765257_B_F_999180855,rs425765257,TOP,[G/A],38,19,31087071,+
rs214999176_B_F_593595109,rs214999176,TOP,[G/A],38,19,32242038,+
rs419881706_B_F_195368635,rs419881706,TOP,[T/C],38,19,33093585,+
19:34176360_B_F_933409951,19:34176360,BOT,[A/G],38,19,33710804,-
rs851546295_B_F_259172686,rs851546295,BOT,[A/G],38,19,33755036,-
rs277071041_B_F_632927416,rs277071041,TOP,[G/A],38,19,33847882,+
rs415408404_B_F_672450008,rs415408404,BOT,[C/T],38,19,34215626,-
19:35285443_B_F_729281370,19:35285443,TOP,[T/C],38,19,34819887,+
rs834970671_B_F_65837358,rs834970671,BOT,[A/G],38,19,35347173,-
rs491852647_B_F_154752625,rs491852647,TOP,[T/G],38,19,35557839,+
rs140314451_B_F_642020500,rs140314451,BOT,[G/A],38,19,35632501,-
19:37403680_B_F_490977237,19:37403680,TOP,[G/A],38,19,36938124,+
19:37613920_B_F_407682900,19:37613920,TOP,[A/G],38,19,37148364,+
rs556470177_B_F_749465971,rs556470177,BOT,[A/G],38,19,38244973,-
rs760336749_B_F_978224434,rs760336749,BOT,[T/C],38,19,38323269,-
rs760695057_B_F_431281180,rs760695057,TOP,[G/A],38,19,38422124,+
rs546269950_B_F_58481297,rs546269950,TOP,[G/T],38,19,38518945,+
rs411558711_B_F_29553338,rs411558711,BOT,[I/D],38,19,38684029,-
rs157361777_B_F_752417323,rs157361777,BOT,[A/G],38,19,39400579,-
rs490581383_B_F_956927013,rs490581383,TOP,[T/C],38,19,39533684,+
rs477237539_B_F_104376446,rs477237539,BOT,[C/A],38,19,40190213,-
rs521071840_B_F_942306179,rs521071840,BOT,[C/T],38,19,40611963,-
rs611772576_B_F_123900754,rs611772576,TOP,[C/T],38,19,40686712,+
rs637752459_B_F_56641883,rs637752459,BOT,[T/C],38,19,40775111,-
rs771739382_B_F_692980527,rs771739382,BOT,[A/G],38,19,40991369,-
rs589019348_B_F_726075673,rs589019348,TOP,[A/G],38,19,40996697,+
rs344729381_B_F_17784928,rs344729381,TOP,[A/G],38,19,41123110,+
rs775533122_B_F_940325595,rs775533122,TOP,[T/C],38,19,41175383,+
19:42192385_B_F_244501801,19:42192385,TOP,[A/G],38,19,41808266,+
rs441344922_B_F_434128672,rs441344922,BOT,[A/C],38,19,42391987,-
rs642279956_B_F_373041733,rs642279956,TOP,[G/A],38,19,43782361,+
rs601197539_B_F_758436778,rs601197539,BOT,[T/G],38,19,44416605,-
rs338742382_B_F_6968058,rs338742382,BOT,[G/A],38,19,44472854,-
rs438018977_B_F_590901079,rs438018977,BOT,[G/A],38,19,44732440,-
rs871266345_B_F_604183103,rs871266345,BOT,[I/D],38,19,44922505,-
rs599956420_B_F_873365733,rs599956420,TOP,[A/G],38,19,46313531,+
rs627357883_B_F_466343987,rs627357883,BOT,[A/G],38,19,46448839,-
rs120583218_B_F_79846746,rs120583218,TOP,[T/C],38,19,46458040,+
rs317581637_B_F_698018054,rs317581637,BOT,[T/C],38,19,47341396,-
rs145320539_B_F_950837863,rs145320539,BOT,[G/A],38,19,47877871,-
rs792349546_B_F_199486271,rs792349546,TOP,[A/G],38,19,48019871,+
rs436519509_B_F_127199849,rs436519509,BOT,[T/C],38,19,48490583,-
rs274229882_B_F_412177833,rs274229882,BOT,[T/C],38,19,48874167,-
19:49663483_B_F_648297869,19:49663483,BOT,[T/C],38,19,49279364,-
19:49908497_B_F_148399880,19:49908497,BOT,[A/G],38,19,49524378,-
rs271346857_B_F_634584132,rs271346857,BOT,[A/G],38,19,49542621,-
rs58320850_B_F_927763274,rs58320850,BOT,[A/G],38,19,49620333,-
rs805172955_B_F_295701116,rs805172955,TOP,[A/G],38,19,49924283,+
rs813020489_B_F_424210922,rs813020489,TOP,[T/C],38,19,50212424,+
rs375098217_B_F_473491614,rs375098217,TOP,[A/G],38,19,50675671,+
rs899703189_B_F_88029214,rs899703189,TOP,[G/A],38,19,50765321,+
rs499862851_B_F_68334540,rs499862851,TOP,[I/D],38,19,51034076,+
rs149947671_B_F_831273335,rs149947671,TOP,[A/G],38,19,51668620,+
rs253655560_B_F_567342056,rs253655560,BOT,[T/C],38,19,52184435,-
rs150882325_B_F_669908937,rs150882325,TOP,[C/T],38,19,52836796,+
19:53440833_B_F_724927565,19:53440833,TOP,[G/A],38,19,53056714,+
rs394161277_B_F_870686165,rs394161277,BOT,[C/T],38,19,53092765,-
rs136691603_B_F_485920983,rs136691603,TOP,[A/G],38,19,53274077,+
19:53735814_B_F_433783528,19:53735814,BOT,[I/D],38,19,53351695,-
rs406023117_B_F_201202422,rs406023117,TOP,[C/T],38,19,53408407,+
rs312787130_B_F_429184397,rs312787130,TOP,[A/G],38,19,53600191,+
rs16865919_B_F_962154308,rs16865919,BOT,[T/C],38,19,53824572,-
rs667602478_B_F_556497598,rs667602478,TOP,[C/T],38,19,53886867,+
rs492172857_B_F_27055098,rs492172857,BOT,[T/C],38,19,54079321,-
rs185416040_B_F_402913180,rs185416040,BOT,[I/D],38,19,54096945,-
19:54822729_B_F_688639362,19:54822729,BOT,[T/G],38,19,54438610,-
19:55068866_B_F_439574004,19:55068866,BOT,[A/G],38,19,54603310,-
rs793053557_B_F_463241162,rs793053557,BOT,[A/G],38,19,54649737,-
rs99553324_B_F_889984817,rs99553324,BOT,[T/C],38,19,54683894,-
19:55580637_B_F_933827479,19:55580637,BOT,[G/T],38,19,55038015,-
rs163838009_B_F_130137398,rs163838009,TOP,[A/G],38,19,55063128,+
rs820406874_B_F_368153420,rs820406874,BOT,[A/C],38,19,55265662,-
rs402136489_B_F_353366141,rs402136489,BOT,[A/G],38,19,55726550,-
rs628274261_B_F_553078186,rs628274261,TOP,[C/T],38,19,55796357,+
rs61649929_B_F_205591377,rs61649929,BOT,[T/G],38,19,55987044,-
rs193123446_B_F_750873771,rs193123446,TOP,[C/T],38,19,56107506,+
19:56637541_B_F_571867494,19:56637541,TOP,[A/G],38,19,56253422,+
rs140435175_B_F_310871927,rs140435175,BOT,[A/G],38,19,56739143,-
19:57744467_B_F_242171584,19:57744467,TOP,[G/A],38,19,57201845,+
rs686839443_B_F_761270430,rs686839443,TOP,[T/C],38,19,57576620,+
19:58579912_B_F_293376222,19:58579912,TOP,[T/C],38,19,58037290,+
rs248698599_B_F_484220768,rs248698599,TOP,[A/G],38,20,260997,+
rs616338847_B_F_834426598,rs616338847,TOP,[T/C],38,20,349125,+
rs259298098_B_F_885894523,rs259298098,TOP,[G/T],38,20,371300,+
rs887742895_B_F_763376304,rs887742895,TOP,[T/C],38,20,826235,+
rs59322280_B_F_570355857,rs59322280,BOT,[T/C],38,20,869581,-
rs493185225_B_F_548450586,rs493185225,TOP,[I/D],38,20,884894,+
rs323703269_B_F_937310799,rs323703269,TOP,[T/C],38,20,1781391,+
rs461247145_B_F_532913959,rs461247145,BOT,[T/C],38,20,1940804,-
rs69579895_B_F_834703448,rs69579895,BOT,[I/D],38,20,2357232,-
rs386327204_B_F_145437547,rs386327204,BOT,[C/T],38,20,2543474,-
rs724284382_B_F_207799729,rs724284382,BOT,[G/A],38,20,2794686,-
rs770437577_B_F_199976446,rs770437577,TOP,[T/C],38,20,3044461,+
rs367303481_B_F_116385337,rs367303481,TOP,[T/G],38,20,3093462,+
20:3838020_B_F_803539502,20:3838020,TOP,[C/T],38,20,3372464,+
rs761064916_B_F_339692964,rs761064916,TOP,[C/T],38,20,3428479,+
rs871510119_B_F_25980077,rs871510119,TOP,[T/C],38,20,3430217,+
rs769405863_B_F_776770054,rs769405863,TOP,[T/C],38,20,4121153,+
rs877526777_B_F_976475158,rs877526777,BOT,[A/G],38,20,4219627,-
rs769866441_B_F_232959304,rs769866441,TOP,[A/G],38,20,4227244,+
20:4700910_B_F_428656223,20:4700910,BOT,[C/T],38,20,4235354,-
rs178084812_B_F_479474356,rs178084812,BOT,[T/G],38,20,4611935,-
20:5678598_B_F_188065367,20:5678598,TOP,[T/C],38,20,5135976,+
rs793190928_B_F_882476667,rs793190928,TOP,[A/C],38,20,5447790,+
rs548969876_B_F_795487587,rs548969876,BOT,[I/D],38,20,5954657,-
rs206426535_B_F_700944162,rs206426535,TOP,[A/C],38,20,6710194,+
rs568380931_B_F_655810630,rs568380931,BOT,[G/A],38,20,6712070,-
rs765162507_B_F_174124020,rs765162507,TOP,[A/G],38,20,7272830,+
rs7960991_B_F_820844251,rs7960991,BOT,[A/G],38,20,7601615,-
rs470152300_B_F_509207333,rs470152300,TOP,[C/T],38,20,8020386,+
20:9104975_B_F_151019957,20:9104975,TOP,[T/C],38,20,8562353,+
rs93294090_B_F_849578241,rs93294090,BOT,[G/A],38,20,8566396,-
rs13288795_B_F_703907007,rs13288795,BOT,[G/A],38,20,8877100,-
rs446636166_B_F_264383352,rs446636166,TOP,[A/C],38,20,9764325,+
20:10526458_B_F_989313737,20:10526458,TOP,[G/A],38,20,10060902,+
20:10529934_B_F_308678456,20:10529934,BOT,[A/G],38,20,10064378,-
rs64132757_B_F_983561902,rs64132757,TOP,[A/G],38,20,10111511,+
20:10679019_B_F_387874674,20:10679019,BOT,[A/G],38,20,10136397,-
20:11005875_B_F_619868753,20:11005875,BOT,[A/G],38,20,10621756,-
rs879229744_B_F_371272709,rs879229744,BOT,[G/T],38,20,10648481,-
rs252705055_B_F_339606816,rs252705055,BOT,[A/C],38,20,10720946,-
rs770624834_B_F_855158861,rs770624834,BOT,[T/C],38,20,10851104,-
rs454669476_B_F_744746787,rs454669476,BOT,[T/C],38,20,11270770,-
rs84460550_B_F_990992195,rs84460550,BOT,[I/D],38,20,11273706,-
rs393341545_B_F_535451109,rs393341545,TOP,[T/C],38,20,11478755,+
rs868731928_B_F_920198920,rs868731928,TOP,[T/C],38,20,11594069,+
20:12344146_B_F_705923895,20:12344146,BOT,[C/T],38,20,11801524,-
20:12345632_B_F_731534056,20:12345632,TOP,[A/G],38,20,11803010,+
20:13043873_B_F_130036759,20:13043873,TOP,[C/T],38,20,12659754,+
rs562080475_B_F_576992422,rs562080475,BOT,[A/G],38,20,12961134,-
rs502620787_B_F_484794663,rs502620787,BOT,[A/G],38,20,13216402,-
rs796443450_B_F_8499878,rs796443450,TOP,[G/A],38,20,13271323,+
rs252366805_B_F_996087998,rs252366805,TOP,[A/G],38,20,13335112,+
rs462934549_B_F_27232381,rs462934549,TOP,[C/T],38,20,13744181,+
20:14757274_B_F_903187907,20:14757274,BOT,[T/C],38,20,14373155,-
rs205453212_B_F_255224555,rs205453212,TOP,[T/C],38,20,14407569,+
rs262564600_B_F_55201290,rs262564600,TOP,[G/A],38,20,14543902,+
20:15246620_B_F_34224769,20:15246620,TOP,[A/G],38,20,14781064,+
rs587896760_B_F_96328859,rs587896760,BOT,[C/T],38,20,15384982,-
rs223345271_B_F_737540365,rs223345271,BOT,[I/D],38,20,15683202,-
rs826305131_B_F_467647024,rs826305131,TOP,[A/G],38,20,15797701,+
20:16476441_B_F_211640366,20:16476441,BOT,[G/A],38,20,15933819,-
20:16513498_B_F_231656458,20:16513498,TOP,[T/C],38,20,16047942,+
20:17145178_B_F_87425159,20:17145178,BOT,[I/D],38,20,16602556,-
20:17110872_B_F_347711988,20:17110872,TOP,[I/D],38,20,16726753,+
rs235194753_B_F_950698324,rs235194753,BOT,[A/G],38,20,17442466,-
rs159463155_B_F_474321850,rs159463155,TOP,[A/G],38,20,18087297,+
rs817804842_B_F_647866204,rs817804842,BOT,[I/D],38,20,18216088,-
rs589494971_B_F_26776422,rs589494971,BOT,[A/G],38,20,18493152,-
rs869287555_B_F_432396709,rs869287555,TOP,[G/A],38,20,18795590,+
rs340208895_B_F_237758319,rs340208895,BOT,[A/G],38,20,18983901,-
rs673253708_B_F_600730981,rs673253708,BOT,[I/D],38,20,19578461,-
rs525166478_B_F_987561252,rs525166478,TOP,[A/G],38,20,20212175,+
20:21450666_B_F_735449186,20:21450666,TOP,[T/C],38,20,20985110,+
rs541997423_B_F_514429544,rs541997423,TOP,[T/C],38,20,20998022,+
rs320140698_B_F_598909668,rs320140698,TOP,[A/G],38,20,21402631,+
20:22497527_B_F_806090902,20:22497527,BOT,[C/T],38,20,22113408,-
rs778564715_B_F_624012958,rs778564715,TOP,[A/G],38,20,22383214,+
rs289608978_B_F_561711119,rs289608978,BOT,[G/A],38,20,22568541,-
rs634691701_B_F_595718214,rs634691701,BOT,[C/T],38,20,22572299,-
20:23065819_B_F_75235531,20:23065819,TOP,[A/G],38,20,22600263,+
20:23349606_B_F_246061849,20:23349606,BOT,[G/A],38,20,22806984,-
rs356230245_B_F_332593225,rs356230245,TOP,[G/T],38,20,22892660,+
rs761354240_B_F_985733758,rs761354240,TOP,[A/G],38,20,23045634,+
rs272353661_B_F_827060868,rs272353661,TOP,[T/C],38,20,23168860,+
rs62491039_B_F_397846194,rs62491039,BOT,[C/A],38,20,23320315,-
20:25034747_B_F_624592781,20:25034747,TOP,[A/G],38,20,24492125,+
20:25075948_B_F_821321252,20:25075948,TOP,[A/G],38,20,24610392,+
20:25496343_B_F_372277883,20:25496343,TOP,[C/T],38,20,25030787,+
20:25749710_B_F_380528534,20:25749710,BOT,[T/C],38,20,25207088,-
20:25660081_B_F_566642845,20:25660081,TOP,[G/A],38,20,25275962,+
rs388135039_B_F_8212258,rs388135039,TOP,[A/G],38,20,25692712,+
20:33415813_B_F_470655039,20:33415813,BOT,[I/D],38,20,33031694,-
rs714208229_B_F_587566093,rs714208229,TOP,[A/G],38,20,33102548,+
rs637779248_B_F_927452666,rs637779248,TOP,[G/T],38,20,36880727,+
20:37633694_B_F_9721419,20:37633694,BOT,[G/A],38,20,37168138,-
rs707317052_B_F_178910907,rs707317052,TOP,[T/C],38,20,37225921,+
20:38133842_B_F_664027227,20:38133842,TOP,[A/C],38,20,37668286,+
rs430252280_B_F_915446274,rs430252280,TOP,[G/A],38,20,37928874,+
20:38732043_B_F_987213812,20:38732043,TOP,[G/A],38,20,38347924,+
rs485484473_B_F_436199759,rs485484473,BOT,[C/T],38,20,38863585,-
rs245203937_B_F_987443503,rs245203937,TOP,[G/T],38,20,38968879,+
20:39852508_B_F_974129077,20:39852508,TOP,[T/C],38,20,39309886,+
rs788449171_B_F_505038836,rs788449171,BOT,[C/T],38,20,39431420,-
rs664041225_B_F_505177979,rs664041225,BOT,[T/G],38,20,39695048,-
rs746321728_B_F_267285806,rs746321728,BOT,[G/A],38,20,40415318,-
rs5743932_B_F_789125604,rs5743932,TOP,[C/A],38,20,41349130,+
rs329007495_B_F_711273573,rs329007495,TOP,[G/A],38,20,41572896,+
20:42340304_B_F_266436057,20:42340304,TOP,[G/A],38,20,41956185,+
20:42914555_B_F_699200084,20:42914555,TOP,[I/D],38,20,42371933,+
rs319609546_B_F_198387364,rs319609546,TOP,[T/C],38,20,42570195,+
rs146387821_B_F_290631813,rs146387821,TOP,[C/T],38,20,42784296,+
rs102209289_B_F_434380966,rs102209289,BOT,[A/G],38,20,43774531,-
rs31341729_B_F_454521803,rs31341729,TOP,[G/A],38,20,43907256,+
rs709624366_B_F_955969200,rs709624366,TOP,[C/T],38,20,44075848,+
rs593901081_B_F_761652296,rs593901081,TOP,[A/G],38,20,44213258,+
rs737701490_B_F_227462820,rs737701490,BOT,[T/C],38,20,44434417,-
rs622093996_B_F_372252478,rs622093996,TOP,[T/G],38,20,44998672,+
rs508796609_B_F_200167107,rs508796609,BOT,[C/T],38,20,45301837,-
rs457821691_B_F_818762205,rs457821691,TOP,[A/G],38,20,45649806,+
rs402229838_B_F_521585671,rs402229838,BOT,[A/G],38,20,45895874,-
rs551090412_B_F_698777200,rs551090412,TOP,[C/T],38,20,45905276,+
rs792931046_B_F_41939279,rs792931046,BOT,[A/G],38,20,46006977,-
rs624546954_B_F_727453669,rs624546954,BOT,[T/C],38,20,46268420,-
rs465277364_B_F_156585758,rs465277364,BOT,[C/T],38,20,46551753,-
rs440427881_B_F_270060373,rs440427881,TOP,[C/T],38,20,46636547,+
rs132597294_B_F_682011336,rs132597294,TOP,[T/G],38,20,46771599,+
rs359779292_B_F_113108723,rs359779292,TOP,[T/C],38,20,46971670,+
rs517132503_B_F_142090082,rs517132503,TOP,[A/G],38,20,46973661,+
20:47543333_B_F_430616531,20:47543333,BOT,[C/T],38,20,47000711,-
rs326725847_B_F_796793441,rs326725847,BOT,[G/A],38,20,47044383,-
20:47644420_B_F_674364607,20:47644420,TOP,[T/C],38,20,47101798,+
rs785954308_B_F_713897926,rs785954308,BOT,[A/G],38,20,47304869,-
rs308434977_B_F_444875019,rs308434977,BOT,[A/G],38,20,47802772,-
rs305232659_B_F_100540712,rs305232659,TOP,[C/T],38,20,47842614,+
rs675577942_B_F_690171563,rs675577942,TOP,[T/C],38,20,48198370,+
20:48717686_B_F_687629278,20:48717686,TOP,[G/A],38,20,48333567,+
rs482569680_B_F_212800627,rs482569680,TOP,[G/A],38,20,48524983,+
rs679638865_B_F_888722383,rs679638865,BOT,[I/D],38,20,48584501,-
20:50025874_B_F_446323405,20:50025874,BOT,[A/G],38,20,49483252,-
20:50227231_B_F_430543284,20:50227231,TOP,[A/G],38,20,49684609,+
rs116730935_B_F_475310082,rs116730935,TOP,[G/A],38,20,50297136,+
20:50959766_B_F_225912687,20:50959766,TOP,[T/G],38,20,50494210,+
rs398277319_B_F_64669755,rs398277319,BOT,[C/T],38,20,52021121,-
rs339457141_B_F_249535188,rs339457141,BOT,[G/A],38,20,52501338,-
rs141924399_B_F_741626862,rs141924399,TOP,[G/T],38,20,52748151,+
rs664520487_B_F_632014008,rs664520487,TOP,[G/T],38,20,53063663,+
rs815389896_B_F_536285578,rs815389896,BOT,[C/T],38,20,53257134,-
rs818431142_B_F_532788672,rs818431142,BOT,[G/A],38,20,53559272,-
rs270210218_B_F_896807523,rs270210218,BOT,[C/T],38,20,53905181,-
rs304373115_B_F_371121686,rs304373115,BOT,[C/T],38,20,53944930,-
rs482042960_B_F_916951558,rs482042960,TOP,[G/T],38,20,53976408,+
20:55167338_B_F_445319591,20:55167338,TOP,[G/A],38,20,54701782,+
20:55661217_B_F_612341149,20:55661217,TOP,[A/G],38,20,55195661,+
rs446428665_B_F_600929987,rs446428665,BOT,[I/D],38,20,55199287,-
rs52068809_B_F_206400185,rs52068809,BOT,[G/T],38,20,55486984,-
20:55964597_B_F_396830125,20:55964597,TOP,[T/C],38,20,55580478,+
rs689695650_B_F_332914905,rs689695650,BOT,[C/T],38,20,56136287,-
rs508350291_B_F_985054526,rs508350291,TOP,[T/C],38,20,56824397,+
rs89144866_B_F_149663902,rs89144866,BOT,[T/G],38,20,57181762,-
rs133888666_B_F_943716026,rs133888666,TOP,[T/G],38,20,57222001,+
rs177124095_B_F_638653,rs177124095,TOP,[A/G],38,20,57732834,+
rs430533552_B_F_476192,rs430533552,TOP,[T/G],38,20,57785031,+
rs37540915_B_F_866442800,rs37540915,TOP,[C/T],38,20,58270132,+
rs146240108_B_F_34630720,rs146240108,TOP,[T/C],38,20,58311179,+
20:58990412_B_F_536882406,20:58990412,TOP,[T/G],38,20,58606293,+
rs403949890_B_F_39739066,rs403949890,TOP,[G/A],38,20,58648158,+
rs115193773_B_F_920016055,rs115193773,BOT,[G/T],38,20,59345016,-
rs406952539_B_F_440252436,rs406952539,TOP,[C/T],38,20,59467613,+
rs468479928_B_F_977258825,rs468479928,TOP,[G/A],38,20,59973297,+
rs608669096_B_F_756747757,rs608669096,BOT,[A/C],38,20,60110398,-
rs750123730_B_F_439904287,rs750123730,TOP,[C/T],38,20,60132453,+
20:60683901_B_F_260583953,20:60683901,TOP,[C/A],38,20,60141279,+
rs627089638_B_F_455903655,rs627089638,TOP,[G/A],38,20,60330084,+
rs835868253_B_F_400556194,rs835868253,TOP,[T/C],38,20,60526828,+
rs310890909_B_F_817147293,rs310890909,BOT,[T/G],38,20,60759812,-
20:61467856_B_F_301205918,20:61467856,TOP,[A/C],38,20,61002300,+
rs233732162_B_F_495881361,rs233732162,TOP,[G/A],38,20,61168295,+
20:61865545_B_F_484929008,20:61865545,BOT,[C/T],38,20,61322923,-
rs223980650_B_F_632212740,rs223980650,BOT,[A/G],38,20,61363375,-
20:62326139_B_F_101498103,20:62326139,TOP,[T/C],38,20,61783517,+
20:62282538_B_F_505362146,20:62282538,TOP,[A/G],38,20,61816982,+
rs625744768_B_F_998717129,rs625744768,TOP,[C/A],38,20,62369028,+
20:62791482_B_F_307170601,20:62791482,BOT,[A/G],38,20,62407363,-
20:63037330_B_F_811945594,20:63037330,TOP,[T/C],38,20,62494708,+
rs380787256_B_F_991879115,rs380787256,BOT,[C/T],38,20,63440590,-
rs322470009_B_F_974813348,rs322470009,TOP,[A/G],38,20,63478052,+
rs712414672_B_F_9201913,rs712414672,BOT,[T/C],38,20,64160182,-
rs44956768_B_F_635491851,rs44956768,TOP,[C/T],38,21,14222174,+
21:14656027_B_F_408304127,21:14656027,BOT,[A/G],38,21,14271908,-
rs445405391_B_F_781646137,rs445405391,BOT,[T/G],38,21,14773440,-
rs607465312_B_F_812805683,rs607465312,TOP,[A/C],38,21,15027820,+
rs237849496_B_F_179568857,rs237849496,BOT,[T/C],38,21,15067869,-
rs564366603_B_F_340571471,rs564366603,TOP,[G/A],38,21,15825851,+
rs461813090_B_F_393645670,rs461813090,TOP,[T/C],38,21,17013933,+
rs609921389_B_F_756471894,rs609921389,TOP,[T/C],38,21,17783948,+
rs429765344_B_F_28188650,rs429765344,TOP,[I/D],38,21,17814297,+
rs628291377_B_F_476575333,rs628291377,BOT,[G/T],38,21,18581332,-
rs796836593_B_F_495052766,rs796836593,TOP,[C/A],38,21,19200313,+
rs734922647_B_F_984031813,rs734922647,TOP,[A/G],38,21,19333563,+
21:20053064_B_F_317968769,21:20053064,BOT,[I/D],38,21,19587508,-
rs554441863_B_F_318349947,rs554441863,TOP,[T/C],38,21,19588888,+
rs211199465_B_F_190485997,rs211199465,BOT,[T/C],38,21,19962036,-
rs759491755_B_F_415870745,rs759491755,TOP,[G/A],38,21,20074107,+
rs313349348_B_F_642278261,rs313349348,TOP,[I/D],38,21,20359149,+
rs279357166_B_F_739196783,rs279357166,TOP,[C/T],38,21,20468144,+
rs153048778_B_F_112241870,rs153048778,TOP,[T/C],38,21,20512657,+
rs69890319_B_F_797937668,rs69890319,TOP,[G/T],38,21,20664879,+
21:21448355_B_F_370913241,21:21448355,BOT,[C/A],38,21,20982799,-
21:22350238_B_F_667696185,21:22350238,BOT,[G/T],38,21,21807616,-
rs410165052_B_F_373358309,rs410165052,TOP,[C/T],38,21,22251436,+
21:23046206_B_F_129715136,21:23046206,TOP,[T/C],38,21,22580650,+
rs56252197_B_F_503776825,rs56252197,BOT,[G/A],38,21,22901918,-
rs804643789_B_F_174681204,rs804643789,TOP,[T/C],38,21,23128519,+
21:24609325_B_F_640941369,21:24609325,BOT,[I/D],38,21,24066703,-
rs868739364_B_F_833755213,rs868739364,BOT,[G/A],38,21,24386534,-
rs798254512_B_F_410265940,rs798254512,TOP,[A/G],38,21,25090690,+
rs413805215_B_F_709900811,rs413805215,TOP,[T/C],38,21,25297084,+
rs108054657_B_F_18175522,rs108054657,BOT,[T/G],38,21,25430919,-
rs296370717_B_F_541240111,rs296370717,TOP,[C/T],38,21,25461967,+
rs505558869_B_F_695829820,rs505558869,TOP,[G/T],38,21,25660433,+
rs751892248_B_F_554525120,rs751892248,BOT,[T/G],38,21,25736830,-
21:26529972_B_F_731885422,21:26529972,BOT,[A/G],38,21,25987350,-
21:26562911_B_F_309381398,21:26562911,TOP,[A/G],38,21,26020289,+
rs517791626_B_F_577116825,rs517791626,TOP,[C/T],38,21,26071794,+
rs24184970_B_F_737789159,rs24184970,TOP,[G/A],38,21,26466705,+
rs269557745_B_F_959943457,rs269557745,TOP,[T/C],38,21,26519345,+
rs899373470_B_F_69619774,rs899373470,TOP,[C/T],38,21,27047420,+
rs168476564_B_F_864509327,rs168476564,BOT,[G/T],38,21,27605789,-
21:28282580_B_F_587825003,21:28282580,TOP,[A/G],38,21,27739958,+
rs170055369_B_F_482937785,rs170055369,BOT,[A/C],38,21,29544150,-
rs61345412_B_F_739520001,rs61345412,TOP,[G/A],38,21,29553607,+
rs308418566_B_F_896456803,rs308418566,TOP,[I/D],38,21,29614128,+
rs294843289_B_F_656062419,rs294843289,BOT,[A/G],38,21,30884958,-
rs571210474_B_F_436106704,rs571210474,BOT,[G/A],38,21,31118765,-
rs738143801_B_F_416074203,rs738143801,BOT,[A/G],38,21,31385059,-
21:31985805_B_F_587743499,21:31985805,TOP,[C/A],38,21,31443183,+
rs721730274_B_F_131123242,rs721730274,TOP,[C/A],38,21,31711729,+
rs216147732_B_F_472221926,rs216147732,TOP,[G/A],38,21,31982451,+
21:32707085_B_F_371310683,21:32707085,BOT,[G/T],38,21,32322966,-
rs146027564_B_F_843475909,rs146027564,TOP,[G/T],38,21,33010679,+
rs564332890_B_F_476246726,rs564332890,TOP,[C/T],38,21,33139656,+
rs781762767_B_F_451908366,rs781762767,BOT,[T/G],38,21,33140949,-
rs4901797_B_F_437025579,rs4901797,BOT,[T/C],38,21,33397423,-
rs807623112_B_F_780652973,rs807623112,TOP,[A/G],38,21,33828977,+
rs625766700_B_F_488524279,rs625766700,TOP,[T/C],38,21,33901831,+
rs571553234_B_F_756642934,rs571553234,BOT,[I/D],38,21,34636997,-
rs506881795_B_F_205243491,rs506881795,TOP,[T/G],38,21,35444904,+
rs806687323_B_F_334439950,rs806687323,TOP,[G/A],38,21,36146064,+
rs351237049_B_F_845070883,rs351237049,TOP,[T/C],38,21,36721787,+
21:37317923_B_F_998787207,21:37317923,BOT,[I/D],38,21,36775301,-
rs588222769_B_F_623945069,rs588222769,TOP,[T/C],38,21,37981730,+
21:38825962_B_F_871434698,21:38825962,TOP,[A/G],38,21,38441843,+
rs895693607_B_F_80799451,rs895693607,BOT,[G/A],38,21,38461137,-
21:39041329_B_F_770381349,21:39041329,TOP,[G/A],38,21,38575773,+
rs628434660_B_F_920391704,rs628434660,TOP,[A/G],38,21,38814515,+
21:39453965_B_F_643040458,21:39453965,TOP,[I/D],38,21,38911343,+
21:39454431_B_F_542849833,21:39454431,BOT,[A/G],38,21,38911809,-
rs461856262_B_F_790300651,rs461856262,TOP,[T/C],38,21,39080647,+
rs434466354_B_F_499607059,rs434466354,BOT,[I/D],38,21,39388333,-
rs5245444_B_F_645871195,rs5245444,TOP,[A/G],38,21,39537779,+
rs646897346_B_F_541908808,rs646897346,BOT,[T/C],38,21,39676197,-
rs813144079_B_F_823972206,rs813144079,BOT,[A/G],38,21,39846143,-
rs720915758_B_F_205834226,rs720915758,BOT,[T/C],38,21,40365805,-
rs42787061_B_F_703506397,rs42787061,TOP,[A/G],38,21,41013509,+
rs898984782_B_F_604578159,rs898984782,TOP,[G/T],38,21,41111705,+
rs137993267_B_F_411852565,rs137993267,TOP,[T/C],38,21,41533447,+
rs599964133_B_F_264115443,rs599964133,TOP,[A/G],38,21,41655527,+
rs81981163_B_F_161605367,rs81981163,TOP,[T/C],38,21,42022276,+
rs559727182_B_F_914085504,rs559727182,TOP,[G/C],38,21,42251523,+
rs847073649_B_F_587205001,rs847073649,BOT,[A/C],38,21,42289986,-
rs54283330_B_F_944407912,rs54283330,TOP,[A/G],38,21,42452828,+
rs139499124_B_F_951892588,rs139499124,TOP,[T/C],38,21,42683685,+
rs444232426_B_F_857957225,rs444232426,TOP,[G/T],38,21,42909515,+
21:44361206_B_F_999293993,21:44361206,TOP,[G/A],38,21,43977087,+
21:44849981_B_F_680159333,21:44849981,TOP,[G/A],38,21,44307359,+
rs59522347_B_F_56892396,rs59522347,BOT,[T/C],38,21,44807449,-
rs661685287_B_F_46895858,rs661685287,TOP,[A/G],38,21,44900008,+
21:45619479_B_F_319677508,21:45619479,TOP,[T/C],38,21,45153923,+
21:45699473_B_F_219570766,21:45699473,BOT,[I/D],38,21,45233917,-
rs673088679_B_F_259842927,rs673088679,TOP,[T/C],38,21,45425050,+
rs323342354_B_F_100176760,rs323342354,TOP,[A/G],38,21,45850541,+
21:46495318_B_F_241760877,21:46495318,TOP,[A/G],38,21,45952696,+
rs832538442_B_F_207461362,rs832538442,TOP,[T/C],38,21,46050383,+
22:17135207_B_F_63151546,22:17135207,TOP,[T/C],38,22,16592585,+
22:17317259_B_F_110371885,22:17317259,TOP,[T/C],38,22,16774637,+
rs817597063_B_F_628378691,rs817597063,BOT,[A/G],38,22,17116611,-
22:17965257_B_F_143161547,22:17965257,TOP,[T/C],38,22,17422635,+
rs157508690_B_F_827763351,rs157508690,TOP,[A/G],38,22,17422892,+
22:18241861_B_F_285393215,22:18241861,TOP,[T/C],38,22,17776305,+
rs64441298_B_F_330416367,rs64441298,TOP,[A/G],38,22,17827673,+
rs524273658_B_F_951915185,rs524273658,BOT,[T/C],38,22,19167968,-
rs305266869_B_F_340873224,rs305266869,TOP,[T/C],38,22,19633000,+
rs5764372_B_F_448434390,rs5764372,TOP,[G/T],38,22,19636733,+
rs548116064_B_F_247008309,rs548116064,TOP,[A/G],38,22,19953060,+
22:20497192_B_F_363658374,22:20497192,TOP,[C/T],38,22,20113073,+
rs529946741_B_F_957048407,rs529946741,BOT,[G/A],38,22,20606902,-
rs549681978_B_F_463655009,rs549681978,TOP,[A/G],38,22,20609769,+
rs698060784_B_F_328746653,rs698060784,BOT,[C/T],38,22,20651410,-
22:21276733_B_F_6978402,22:21276733,TOP,[G/A],38,22,20892614,+
rs744241535_B_F_223115774,rs744241535,BOT,[A/G],38,22,20988522,-
rs289064061_B_F_103860824,rs289064061,BOT,[T/C],38,22,21054902,-
rs577450701_B_F_374757439,rs577450701,TOP,[T/C],38,22,22045518,+
rs418228676_B_F_35075866,rs418228676,BOT,[G/A],38,22,22194177,-
22:23464158_B_F_167580227,22:23464158,BOT,[A/C],38,22,22921536,-
22:23987622_B_F_301145450,22:23987622,BOT,[C/T],38,22,23445000,-
rs349103163_B_F_826779259,rs349103163,BOT,[T/C],38,22,23555860,-
rs859164099_B_F_962079439,rs859164099,BOT,[G/A],38,22,24031553,-
rs90965329_B_F_976422171,rs90965329,BOT,[G/T],38,22,24891016,-
rs176762619_B_F_570879187,rs176762619,BOT,[T/C],38,22,24985078,-
rs157011335_B_F_628739478,rs157011335,TOP,[C/T],38,22,25262558,+
rs890861231_B_F_838419015,rs890861231,BOT,[T/C],38,22,25335330,-
rs788136966_B_F_920653130,rs788136966,TOP,[C/T],38,22,25777694,+
rs854936592_B_F_244248370,rs854936592,BOT,[T/C],38,22,26323043,-
rs344917007_B_F_649387616,rs344917007,BOT,[I/D],38,22,26988448,-
rs366427329_B_F_165411770,rs366427329,TOP,[A/G],38,22,27034761,+
rs44920168_B_F_139209237,rs44920168,BOT,[A/G],38,22,27131043,-
rs552259713_B_F_702869939,rs552259713,TOP,[T/C],38,22,27385822,+
rs363203109_B_F_564985281,rs363203109,TOP,[A/G],38,22,27388876,+
rs593613921_B_F_727501105,rs593613921,BOT,[A/G],38,22,27650569,-
rs412540140_B_F_671473776,rs412540140,TOP,[C/T],38,22,27740740,+
22:28332086_B_F_983429365,22:28332086,BOT,[C/A],38,22,27789464,-
rs899056442_B_F_379530714,rs899056442,TOP,[C/T],38,22,28796682,+
22:29526301_B_F_54277547,22:29526301,BOT,[G/A],38,22,29060745,-
rs483371093_B_F_333377674,rs483371093,TOP,[C/T],38,22,29314371,+
rs542538864_B_F_735317541,rs542538864,TOP,[C/A],38,22,30264528,+
22:32710339_B_F_787339519,22:32710339,TOP,[T/G],38,22,32326220,+
rs704582930_B_F_527376814,rs704582930,BOT,[C/T],38,22,32412368,-
rs550185760_B_F_336008301,rs550185760,BOT,[C/T],38,22,32833844,-
rs810753429_B_F_426722550,rs810753429,TOP,[T/C],38,22,32874235,+
rs650339046_B_F_440763676,rs650339046,TOP,[C/T],38,22,33045891,+
22:33609858_B_F_454263421,22:33609858,BOT,[G/T],38,22,33067236,-
rs363543857_B_F_28993548,rs363543857,TOP,[C/T],38,22,33196376,+
rs457015181_B_F_441975626,rs457015181,BOT,[T/C],38,22,33221896,-
rs1726098_B_F_680869931,rs1726098,TOP,[A/G],38,22,33305541,+
rs871775010_B_F_542020387,rs871775010,TOP,[T/C],38,22,33452384,+
rs775659660_B_F_834902267,rs775659660,BOT,[I/D],38,22,33587425,-
rs667676701_B_F_874192243,rs667676701,TOP,[T/C],38,22,33671068,+
rs214220935_B_F_783672112,rs214220935,BOT,[C/T],38,22,33690508,-
22:34078573_B_F_788128057,22:34078573,TOP,[I/D],38,22,33694454,+
rs485099800_B_F_684626354,rs485099800,BOT,[I/D],38,22,33760557,-
rs750449305_B_F_897351106,rs750449305,TOP,[G/T],38,22,34149799,+
rs130101845_B_F_836624950,rs130101845,TOP,[T/G],38,22,34415848,+
rs523269233_B_F_430977096,rs523269233,TOP,[A/G],38,22,34815041,+
rs245826962_B_F_793612504,rs245826962,BOT,[C/T],38,22,35012134,-
22:35628122_B_F_76177576,22:35628122,BOT,[A/G],38,22,35085500,-
22:36179079_B_F_962491011,22:36179079,BOT,[A/G],38,22,35713523,-
rs455149849_B_F_491833638,rs455149849,TOP,[G/A],38,22,36200914,+
rs772963844_B_F_62725939,rs772963844,BOT,[T/C],38,22,36227874,-
rs439779958_B_F_710998554,rs439779958,BOT,[A/G],38,22,36567018,-
rs444931138_B_F_827821808,rs444931138,TOP,[A/C],38,22,36861670,+
rs57018099_B_F_41177047,rs57018099,TOP,[A/G],38,22,37075345,+
rs563523373_B_F_688235798,rs563523373,BOT,[C/A],38,22,37196464,-
rs749180445_B_F_721874007,rs749180445,TOP,[A/G],38,22,37277740,+
22:37698647_B_F_434505757,22:37698647,BOT,[A/C],38,22,37314528,-
rs542051434_B_F_153980134,rs542051434,TOP,[I/D],38,22,37462316,+
rs858681857_B_F_823464207,rs858681857,BOT,[I/D],38,22,37519093,-
22:38899928_B_F_62170242,22:38899928,BOT,[C/T],38,22,38357306,-
rs169351147_B_F_985871559,rs169351147,TOP,[T/G],38,22,38456423,+
rs491052234_B_F_785617146,rs491052234,TOP,[A/G],38,22,38956170,+
rs804595055_B_F_266959671,rs804595055,BOT,[G/T],38,22,39136549,-
rs390679248_B_F_583424272,rs390679248,TOP,[G/C],38,22,39343633,+
rs661660878_B_F_454169519,rs661660878,TOP,[A/G],38,22,39488937,+
rs394937019_B_F_244332046,rs394937019,BOT,[A/G],38,22,39715618,-
rs51801786_B_F_729594713,rs51801786,TOP,[G/A],38,22,40277521,+
rs419317949_B_F_684001974,rs419317949,BOT,[C/T],38,22,41885425,-
rs119034807_B_F_328605061,rs119034807,TOP,[T/C],38,22,42127803,+
rs623955947_B_F_62106547,rs623955947,BOT,[C/T],38,22,43070211,-
rs386477043_B_F_360453557,rs386477043,TOP,[A/G],38,22,43995806,+
rs282253431_B_F_522473882,rs282253431,TOP,[A/G],38,22,44355905,+
rs433355321_B_F_23452974,rs433355321,TOP,[T/C],38,22,44368463,+
22:44845523_B_F_764373909,22:44845523,TOP,[A/G],38,22,44379967,+
rs446445189_B_F_54410033,rs446445189,TOP,[T/C],38,22,44392834,+
rs586792957_B_F_917782621,rs586792957,TOP,[T/G],38,22,44485957,+
rs381023779_B_F_114543547,rs381023779,BOT,[G/A],38,22,44558371,-
rs97020422_B_F_3083135,rs97020422,TOP,[A/G],38,22,44648801,+
rs580061948_B_F_366581706,rs580061948,BOT,[I/D],38,22,44682574,-
rs845264890_B_F_72625800,rs845264890,TOP,[T/G],38,22,44764742,+
22:45372039_B_F_24851793,22:45372039,BOT,[G/A],38,22,44829417,-
rs148293001_B_F_400282750,rs148293001,TOP,[I/D],38,22,44852403,+
rs340193598_B_F_679081964,rs340193598,TOP,[T/C],38,22,45013255,+
rs418336002_B_F_715482038,rs418336002,BOT,[T/C],38,22,45516496,-
rs66715574_B_F_834636050,rs66715574,TOP,[C/A],38,22,45943238,+
rs684979437_B_F_174002156,rs684979437,BOT,[A/G],38,22,46190097,-
rs499278729_B_F_585144440,rs499278729,BOT,[A/G],38,22,46462535,-
rs883699241_B_F_694838907,rs883699241,BOT,[A/G],38,22,46565381,-
22:47422554_B_F_787922915,22:47422554,BOT,[C/T],38,22,46879932,-
22:47358635_B_F_965041168,22:47358635,TOP,[A/G],38,22,46893079,+
22:47712779_B_F_895977906,22:47712779,TOP,[A/G],38,22,47247223,+
rs361172390_B_F_829209801,rs361172390,TOP,[T/C],38,22,47424918,+
rs457982515_B_F_300030711,rs457982515,TOP,[G/T],38,22,47502695,+
rs757467935_B_F_872019582,rs757467935,BOT,[C/T],38,22,47546458,-
22:48010390_B_F_637813872,22:48010390,BOT,[T/G],38,22,47626271,-
rs693385303_B_F_451951652,rs693385303,TOP,[C/T],38,22,47797756,+
rs314313436_B_F_610739878,rs314313436,BOT,[T/C],38,22,47917155,-
rs145099074_B_F_160369942,rs145099074,BOT,[G/T],38,22,47924733,-
rs602497767_B_F_795658679,rs602497767,TOP,[G/A],38,22,48533414,+
rs321253098_B_F_112581727,rs321253098,TOP,[A/G],38,22,48615128,+
22:49166190_B_F_722853656,22:49166190,TOP,[T/C],38,22,48623568,+
rs224400931_B_F_839292478,rs224400931,BOT,[T/C],38,22,48669304,-
rs723162513_B_F_122133045,rs723162513,TOP,[T/C],38,22,48875026,+
rs355944680_B_F_971643911,rs355944680,TOP,[A/G],38,22,48945130,+
rs403185656_B_F_338409561,rs403185656,BOT,[A/G],38,22,49182560,-
22:49785341_B_F_604543752,22:49785341,BOT,[T/C],38,22,49319785,-
rs570140017_B_F_633243264,rs570140017,BOT,[A/G],38,22,49324812,-
rs882745787_B_F_810903082,rs882745787,TOP,[C/T],38,22,49363781,+
rs790986394_B_F_422638364,rs790986394,BOT,[C/T],38,22,49371122,-
rs80414249_B_F_751324114,rs80414249,BOT,[T/G],38,22,49418853,-
rs688748562_B_F_788956611,rs688748562,TOP,[T/C],38,22,49523449,+
rs649401562_B_F_146489853,rs649401562,BOT,[A/G],38,22,49706933,-
22:50387634_B_F_195770321,22:50387634,BOT,[A/G],38,22,49922078,-
22:50495347_B_F_383830352,22:50495347,BOT,[A/G],38,22,50029791,-
rs769512419_B_F_783368297,rs769512419,TOP,[C/T],38,22,50157413,+
rs182326152_B_F_304291323,rs182326152,BOT,[A/G],38,22,50597456,-
22:51091367_B_F_257368406,22:51091367,TOP,[A/G],38,22,50625811,+
